direction,entry_type,exit_type,entry_dt,entry_px,exit_dt,exit_px,pnl
SHORT,SELL_A,OPP_SIGNAL,2024-02-02 12:00:00+00:00,42773,2024-02-09 10:00:00+00:00,46973,-430.4873
LONG,BUY_B,OPP_SIGNAL,2024-02-09 10:00:00+00:00,46973,2024-02-13 02:00:00+00:00,49973,289.1527
SHORT,SELL_A,OPP_SIGNAL,2024-02-13 02:00:00+00:00,49973,2024-02-15 02:00:00+00:00,51973,-211.0973
LONG,BUY_B,OPP_SIGNAL,2024-02-15 02:00:00+00:00,51973,2024-02-16 14:00:00+00:00,51973,-11.197299999999998
SHORT,SELL_A,OPP_SIGNAL,2024-02-16 14:00:00+00:00,51973,2024-02-27 08:00:00+00:00,56173,-431.4073
LONG,BUY_B,OPP_SIGNAL,2024-02-27 08:00:00+00:00,56173,2024-02-29 00:00:00+00:00,61973,568.0927
SHORT,SELL_A,OPP_SIGNAL,2024-02-29 00:00:00+00:00,61973,2024-03-01 06:00:00+00:00,61373,47.8327
LONG,BUY_A,OPP_SIGNAL,2024-03-01 06:00:00+00:00,61373,2024-03-05 18:00:00+00:00,63173,167.77270000000001
SHORT,SELL_B,OPP_SIGNAL,2024-03-05 18:00:00+00:00,63173,2024-03-06 04:00:00+00:00,63373,-32.3273
LONG,BUY_A,OPP_SIGNAL,2024-03-06 04:00:00+00:00,63373,2024-03-06 12:00:00+00:00,66973,347.48269999999997
SHORT,SELL_A,OPP_SIGNAL,2024-03-06 12:00:00+00:00,66973,2024-03-11 18:00:00+00:00,72173,-532.9573
LONG,BUY_B,OPP_SIGNAL,2024-03-11 18:00:00+00:00,72173,2024-03-12 14:00:00+00:00,71973,-33.207300000000004
SHORT,SELL_A,OPP_SIGNAL,2024-03-12 14:00:00+00:00,71973,2024-03-13 00:00:00+00:00,71773,6.8127
LONG,BUY_A,OPP_SIGNAL,2024-03-13 00:00:00+00:00,71773,2024-03-14 12:00:00+00:00,72773,86.7727
SHORT,SELL_A,OPP_SIGNAL,2024-03-14 12:00:00+00:00,72773,2024-03-15 12:00:00+00:00,67973,466.96270000000004
LONG,BUY_A,OPP_SIGNAL,2024-03-15 12:00:00+00:00,67973,2024-03-16 10:00:00+00:00,68773,67.1627
SHORT,SELL_A,OPP_SIGNAL,2024-03-16 10:00:00+00:00,68773,2024-03-17 08:00:00+00:00,66173,247.2527
LONG,BUY_A,OPP_SIGNAL,2024-03-17 08:00:00+00:00,66173,2024-03-18 08:00:00+00:00,68173,187.2827
SHORT,SELL_A,OPP_SIGNAL,2024-03-18 08:00:00+00:00,68173,2024-03-20 18:00:00+00:00,64973,307.3427
LONG,BUY_B,OPP_SIGNAL,2024-03-20 18:00:00+00:00,64973,2024-03-25 06:00:00+00:00,66973,187.4027
SHORT,SELL_A,OPP_SIGNAL,2024-03-25 06:00:00+00:00,66973,2024-03-28 06:00:00+00:00,69773,-292.8373
LONG,BUY_A,OPP_SIGNAL,2024-03-28 06:00:00+00:00,69773,2024-03-29 14:00:00+00:00,69973,7.012700000000001
SHORT,SELL_A,OPP_SIGNAL,2024-03-29 14:00:00+00:00,69973,2024-03-29 22:00:00+00:00,69773,7.012700000000001
LONG,BUY_A,OPP_SIGNAL,2024-03-29 22:00:00+00:00,69773,2024-04-01 04:00:00+00:00,70373,46.9927
SHORT,SELL_A,OPP_SIGNAL,2024-04-01 04:00:00+00:00,70373,2024-04-01 18:00:00+00:00,68973,127.03269999999999
LONG,BUY_A,OPP_SIGNAL,2024-04-01 18:00:00+00:00,68973,2024-04-05 02:00:00+00:00,68173,-92.8573
SHORT,SELL_A,OPP_SIGNAL,2024-04-05 02:00:00+00:00,68173,2024-04-05 14:00:00+00:00,67573,47.2127
LONG,BUY_A,OPP_SIGNAL,2024-04-05 14:00:00+00:00,67573,2024-04-06 10:00:00+00:00,67773,7.2326999999999995
SHORT,SELL_A,OPP_SIGNAL,2024-04-06 10:00:00+00:00,67773,2024-04-06 16:00:00+00:00,68173,-52.7973
LONG,BUY_A,OPP_SIGNAL,2024-04-06 16:00:00+00:00,68173,2024-04-09 04:00:00+00:00,71173,287.0327
SHORT,SELL_A,OPP_SIGNAL,2024-04-09 04:00:00+00:00,71173,2024-04-12 02:00:00+00:00,70573,46.9127
LONG,BUY_A,OPP_SIGNAL,2024-04-12 02:00:00+00:00,70573,2024-04-12 16:00:00+00:00,68173,-252.9373
SHORT,SELL_B,OPP_SIGNAL,2024-04-12 16:00:00+00:00,68173,2024-04-16 16:00:00+00:00,62373,567.4727
LONG,BUY_A,OPP_SIGNAL,2024-04-16 16:00:00+00:00,62373,2024-04-19 00:00:00+00:00,63173,67.7227
SHORT,SELL_A,OPP_SIGNAL,2024-04-19 00:00:00+00:00,63173,2024-04-26 20:00:00+00:00,63973,-92.3573
LONG,BUY_A,OPP_SIGNAL,2024-04-26 20:00:00+00:00,63973,2024-05-04 16:00:00+00:00,63573,-52.3773
SHORT,SELL_A,OPP_SIGNAL,2024-05-04 16:00:00+00:00,63573,2024-05-07 04:00:00+00:00,63573,-12.357300000000002
LONG,BUY_A,OPP_SIGNAL,2024-05-07 04:00:00+00:00,63573,2024-05-14 16:00:00+00:00,61573,-212.25730000000001
SHORT,SELL_A,OPP_SIGNAL,2024-05-14 16:00:00+00:00,61573,2024-05-15 18:00:00+00:00,65573,-412.3573
LONG,BUY_B,OPP_SIGNAL,2024-05-15 18:00:00+00:00,65573,2024-05-18 12:00:00+00:00,66973,127.3727
SHORT,SELL_A,OPP_SIGNAL,2024-05-18 12:00:00+00:00,66973,2024-05-20 22:00:00+00:00,69973,-312.8473
LONG,BUY_B,OPP_SIGNAL,2024-05-20 22:00:00+00:00,69973,2024-05-22 06:00:00+00:00,69773,-32.9873
SHORT,SELL_A,OPP_SIGNAL,2024-05-22 06:00:00+00:00,69773,2024-05-22 08:00:00+00:00,69973,-32.9873
LONG,BUY_A,OPP_SIGNAL,2024-05-22 08:00:00+00:00,69973,2024-05-22 16:00:00+00:00,70173,6.992700000000001
SHORT,SELL_A,OPP_SIGNAL,2024-05-22 16:00:00+00:00,70173,2024-05-24 14:00:00+00:00,67373,267.1227
LONG,BUY_A,OPP_SIGNAL,2024-05-24 14:00:00+00:00,67373,2024-05-26 14:00:00+00:00,68973,147.1827
SHORT,SELL_A,OPP_SIGNAL,2024-05-26 14:00:00+00:00,68973,2024-05-27 14:00:00+00:00,68973,-12.897300000000001
LONG,BUY_A,OPP_SIGNAL,2024-05-27 14:00:00+00:00,68973,2024-05-28 00:00:00+00:00,69373,27.0827
SHORT,SELL_A,OPP_SIGNAL,2024-05-28 00:00:00+00:00,69373,2024-05-28 14:00:00+00:00,68173,107.12270000000001
LONG,BUY_A,OPP_SIGNAL,2024-05-28 14:00:00+00:00,68173,2024-05-31 14:00:00+00:00,67973,-32.807300000000005
SHORT,SELL_A,OPP_SIGNAL,2024-05-31 14:00:00+00:00,67973,2024-06-01 16:00:00+00:00,67773,7.2127
LONG,BUY_A,OPP_SIGNAL,2024-06-01 16:00:00+00:00,67773,2024-06-05 18:00:00+00:00,71373,347.0427
SHORT,SELL_A,OPP_SIGNAL,2024-06-05 18:00:00+00:00,71373,2024-06-12 10:00:00+00:00,67773,347.0427
LONG,BUY_A,OPP_SIGNAL,2024-06-12 10:00:00+00:00,67773,2024-06-13 02:00:00+00:00,67773,-12.7773
SHORT,SELL_A,OPP_SIGNAL,2024-06-13 02:00:00+00:00,67773,2024-06-16 08:00:00+00:00,66373,127.29269999999998
LONG,BUY_A,OPP_SIGNAL,2024-06-16 08:00:00+00:00,66373,2024-06-20 12:00:00+00:00,65373,-112.5873
SHORT,SELL_A,OPP_SIGNAL,2024-06-20 12:00:00+00:00,65373,2024-06-25 02:00:00+00:00,60573,467.7027
LONG,BUY_A,OPP_SIGNAL,2024-06-25 02:00:00+00:00,60573,2024-06-26 04:00:00+00:00,61573,87.8927
SHORT,SELL_A,OPP_SIGNAL,2024-06-26 04:00:00+00:00,61573,2024-07-04 02:00:00+00:00,58973,247.9727
LONG,BUY_A,OPP_SIGNAL,2024-07-04 02:00:00+00:00,58973,2024-07-11 02:00:00+00:00,57773,-131.8373
SHORT,SELL_A,OPP_SIGNAL,2024-07-11 02:00:00+00:00,57773,2024-07-11 04:00:00+00:00,57973,-31.7873
LONG,BUY_A,OPP_SIGNAL,2024-07-11 04:00:00+00:00,57973,2024-07-16 04:00:00+00:00,64173,607.8927
SHORT,SELL_A,OPP_SIGNAL,2024-07-16 04:00:00+00:00,64173,2024-07-19 12:00:00+00:00,64173,-12.417300000000001
LONG,BUY_A,OPP_SIGNAL,2024-07-19 12:00:00+00:00,64173,2024-07-20 20:00:00+00:00,67173,287.4327
SHORT,SELL_A,OPP_SIGNAL,2024-07-20 20:00:00+00:00,67173,2024-07-24 02:00:00+00:00,65973,107.34270000000001
LONG,BUY_A,OPP_SIGNAL,2024-07-24 02:00:00+00:00,65973,2024-07-27 00:00:00+00:00,67773,167.31269999999998
SHORT,SELL_A,OPP_SIGNAL,2024-07-27 00:00:00+00:00,67773,2024-07-28 22:00:00+00:00,68173,-52.7973
LONG,BUY_A,OPP_SIGNAL,2024-07-28 22:00:00+00:00,68173,2024-08-02 14:00:00+00:00,64573,-372.63730000000004
SHORT,SELL_A,OPP_SIGNAL,2024-08-02 14:00:00+00:00,64573,2024-08-04 08:00:00+00:00,60573,387.74269999999996
LONG,BUY_A,OPP_SIGNAL,2024-08-04 08:00:00+00:00,60573,2024-08-05 02:00:00+00:00,54373,-631.7473
SHORT,SELL_B,OPP_SIGNAL,2024-08-05 02:00:00+00:00,54373,2024-08-08 14:00:00+00:00,57973,-371.6173
LONG,BUY_B,OPP_SIGNAL,2024-08-08 14:00:00+00:00,57973,2024-08-11 12:00:00+00:00,60573,248.0727
SHORT,SELL_A,OPP_SIGNAL,2024-08-11 12:00:00+00:00,60573,2024-08-12 14:00:00+00:00,59173,128.0127
LONG,BUY_A,OPP_SIGNAL,2024-08-12 14:00:00+00:00,59173,2024-08-13 02:00:00+00:00,59173,-11.917300000000001
SHORT,SELL_A,OPP_SIGNAL,2024-08-13 02:00:00+00:00,59173,2024-08-13 12:00:00+00:00,59373,-31.9273
LONG,BUY_A,OPP_SIGNAL,2024-08-13 12:00:00+00:00,59373,2024-08-14 12:00:00+00:00,60973,147.9827
SHORT,SELL_A,OPP_SIGNAL,2024-08-14 12:00:00+00:00,60973,2024-08-16 06:00:00+00:00,58373,248.03269999999998
LONG,BUY_A,OPP_SIGNAL,2024-08-16 06:00:00+00:00,58373,2024-08-18 22:00:00+00:00,59373,88.1127
SHORT,SELL_A,OPP_SIGNAL,2024-08-18 22:00:00+00:00,59373,2024-08-23 06:00:00+00:00,60973,-172.0173
LONG,BUY_A,OPP_SIGNAL,2024-08-23 06:00:00+00:00,60973,2024-08-26 00:00:00+00:00,64173,307.7427
SHORT,SELL_A,OPP_SIGNAL,2024-08-26 00:00:00+00:00,64173,2024-08-29 04:00:00+00:00,59373,467.8227
LONG,BUY_A,OPP_SIGNAL,2024-08-29 04:00:00+00:00,59373,2024-08-30 14:00:00+00:00,58973,-51.9173
SHORT,SELL_A,OPP_SIGNAL,2024-08-30 14:00:00+00:00,58973,2024-08-30 20:00:00+00:00,58773,8.112699999999998
LONG,BUY_A,OPP_SIGNAL,2024-08-30 20:00:00+00:00,58773,2024-09-08 14:00:00+00:00,53973,-491.6373
SHORT,SELL_A,OPP_SIGNAL,2024-09-08 14:00:00+00:00,53973,2024-09-08 16:00:00+00:00,54373,-51.4173
LONG,BUY_A,OPP_SIGNAL,2024-09-08 16:00:00+00:00,54373,2024-09-10 12:00:00+00:00,56973,248.4327
SHORT,SELL_A,OPP_SIGNAL,2024-09-10 12:00:00+00:00,56973,2024-09-10 18:00:00+00:00,57173,-31.7073
LONG,BUY_A,OPP_SIGNAL,2024-09-10 18:00:00+00:00,57173,2024-09-11 00:00:00+00:00,56973,-31.7073
SHORT,SELL_A,OPP_SIGNAL,2024-09-11 00:00:00+00:00,56973,2024-09-11 14:00:00+00:00,56173,68.3427
LONG,BUY_A,OPP_SIGNAL,2024-09-11 14:00:00+00:00,56173,2024-09-15 16:00:00+00:00,59973,368.1927
SHORT,SELL_A,OPP_SIGNAL,2024-09-15 16:00:00+00:00,59973,2024-09-17 14:00:00+00:00,59373,48.032700000000006
LONG,BUY_A,OPP_SIGNAL,2024-09-17 14:00:00+00:00,59373,2024-09-18 08:00:00+00:00,59973,48.032700000000006
SHORT,SELL_A,OPP_SIGNAL,2024-09-18 08:00:00+00:00,59973,2024-09-18 16:00:00+00:00,59973,-11.9973
LONG,BUY_A,OPP_SIGNAL,2024-09-18 16:00:00+00:00,59973,2024-09-20 06:00:00+00:00,63573,347.8227
SHORT,SELL_A,OPP_SIGNAL,2024-09-20 06:00:00+00:00,63573,2024-10-02 14:00:00+00:00,61373,207.75270000000003
LONG,BUY_A,OPP_SIGNAL,2024-10-02 14:00:00+00:00,61373,2024-10-02 18:00:00+00:00,61173,-32.127300000000005
SHORT,SELL_A,OPP_SIGNAL,2024-10-02 18:00:00+00:00,61173,2024-10-04 00:00:00+00:00,61173,-12.1173
LONG,BUY_A,OPP_SIGNAL,2024-10-04 00:00:00+00:00,61173,2024-10-07 18:00:00+00:00,63373,207.77270000000001
SHORT,SELL_A,OPP_SIGNAL,2024-10-07 18:00:00+00:00,63373,2024-10-11 00:00:00+00:00,60373,287.8127
LONG,BUY_A,OPP_SIGNAL,2024-10-11 00:00:00+00:00,60373,2024-10-13 00:00:00+00:00,62973,247.8327
SHORT,SELL_A,OPP_SIGNAL,2024-10-13 00:00:00+00:00,62973,2024-10-22 10:00:00+00:00,67173,-432.5073
LONG,BUY_A,OPP_SIGNAL,2024-10-22 10:00:00+00:00,67173,2024-10-25 14:00:00+00:00,67973,67.2427
SHORT,SELL_A,OPP_SIGNAL,2024-10-25 14:00:00+00:00,67973,2024-10-29 00:00:00+00:00,70173,-232.90730000000002
LONG,BUY_B,OPP_SIGNAL,2024-10-29 00:00:00+00:00,70173,2024-10-31 12:00:00+00:00,72173,186.8827
SHORT,SELL_A,OPP_SIGNAL,2024-10-31 12:00:00+00:00,72173,2024-11-03 18:00:00+00:00,68573,346.9627
LONG,BUY_A,OPP_SIGNAL,2024-11-03 18:00:00+00:00,68573,2024-11-07 02:00:00+00:00,75173,646.8127000000001
SHORT,SELL_A,OPP_SIGNAL,2024-11-07 02:00:00+00:00,75173,2024-11-11 20:00:00+00:00,86373,-1134.0773
LONG,BUY_B,OPP_SIGNAL,2024-11-11 20:00:00+00:00,86373,2024-11-12 08:00:00+00:00,88773,225.2427
SHORT,SELL_A,OPP_SIGNAL,2024-11-12 08:00:00+00:00,88773,2024-11-13 12:00:00+00:00,88373,25.1427
LONG,BUY_A,OPP_SIGNAL,2024-11-13 12:00:00+00:00,88373,2024-11-14 14:00:00+00:00,88373,-14.837299999999999
SHORT,SELL_B,OPP_SIGNAL,2024-11-14 14:00:00+00:00,88373,2024-11-15 08:00:00+00:00,87973,25.1827
LONG,BUY_A,OPP_SIGNAL,2024-11-15 08:00:00+00:00,87973,2024-11-17 10:00:00+00:00,90773,265.0627
SHORT,SELL_A,OPP_SIGNAL,2024-11-17 10:00:00+00:00,90773,2024-11-18 00:00:00+00:00,90773,-15.077300000000001
LONG,BUY_A,OPP_SIGNAL,2024-11-18 00:00:00+00:00,90773,2024-11-18 22:00:00+00:00,90773,-15.077300000000001
SHORT,SELL_A,OPP_SIGNAL,2024-11-18 22:00:00+00:00,90773,2024-11-19 00:00:00+00:00,90773,-15.077300000000001
LONG,BUY_A,OPP_SIGNAL,2024-11-19 00:00:00+00:00,90773,2024-11-19 20:00:00+00:00,92373,144.8427
SHORT,SELL_A,OPP_SIGNAL,2024-11-19 20:00:00+00:00,92373,2024-11-24 22:00:00+00:00,97573,-535.4973
LONG,BUY_A,OPP_SIGNAL,2024-11-24 22:00:00+00:00,97573,2024-11-25 12:00:00+00:00,98173,44.2127
SHORT,SELL_A,OPP_SIGNAL,2024-11-25 12:00:00+00:00,98173,2024-11-27 00:00:00+00:00,92773,524.4527
LONG,BUY_A,OPP_SIGNAL,2024-11-27 00:00:00+00:00,92773,2024-11-28 14:00:00+00:00,95373,244.59269999999998
SHORT,SELL_A,OPP_SIGNAL,2024-11-28 14:00:00+00:00,95373,2024-11-28 22:00:00+00:00,95373,-15.537300000000002
LONG,BUY_A,OPP_SIGNAL,2024-11-28 22:00:00+00:00,95373,2024-11-30 00:00:00+00:00,96773,124.39269999999999
SHORT,SELL_A,OPP_SIGNAL,2024-11-30 00:00:00+00:00,96773,2024-11-30 16:00:00+00:00,96773,-15.677299999999999
LONG,BUY_A,OPP_SIGNAL,2024-11-30 16:00:00+00:00,96773,2024-12-02 02:00:00+00:00,97773,84.2727
SHORT,SELL_A,OPP_SIGNAL,2024-12-02 02:00:00+00:00,97773,2024-12-03 14:00:00+00:00,95573,204.33270000000002
LONG,BUY_A,OPP_SIGNAL,2024-12-03 14:00:00+00:00,95573,2024-12-05 14:00:00+00:00,102573,684.0927
SHORT,SELL_A,OPP_SIGNAL,2024-12-05 14:00:00+00:00,102573,2024-12-08 10:00:00+00:00,99373,303.9027
LONG,BUY_A,OPP_SIGNAL,2024-12-08 10:00:00+00:00,99373,2024-12-11 22:00:00+00:00,101173,163.9727
SHORT,SELL_A,OPP_SIGNAL,2024-12-11 22:00:00+00:00,101173,2024-12-12 12:00:00+00:00,100773,23.9027
LONG,BUY_A,OPP_SIGNAL,2024-12-12 12:00:00+00:00,100773,2024-12-14 16:00:00+00:00,101373,43.8927
SHORT,SELL_A,OPP_SIGNAL,2024-12-14 16:00:00+00:00,101373,2024-12-14 22:00:00+00:00,101373,-16.1373
LONG,BUY_A,OPP_SIGNAL,2024-12-14 22:00:00+00:00,101373,2024-12-16 08:00:00+00:00,104773,323.6927
SHORT,SELL_A,OPP_SIGNAL,2024-12-16 08:00:00+00:00,104773,2024-12-16 14:00:00+00:00,104573,3.5326999999999993
LONG,BUY_A,OPP_SIGNAL,2024-12-16 14:00:00+00:00,104573,2024-12-17 14:00:00+00:00,106973,223.42270000000002
SHORT,SELL_A,OPP_SIGNAL,2024-12-17 14:00:00+00:00,106973,2024-12-21 06:00:00+00:00,97973,883.7527
LONG,BUY_B,OPP_SIGNAL,2024-12-21 06:00:00+00:00,97973,2024-12-23 12:00:00+00:00,95573,-255.6773
SHORT,SELL_A,OPP_SIGNAL,2024-12-23 12:00:00+00:00,95573,2024-12-24 12:00:00+00:00,94573,84.4927
LONG,BUY_A,OPP_SIGNAL,2024-12-24 12:00:00+00:00,94573,2024-12-25 00:00:00+00:00,98173,344.36269999999996
SHORT,SELL_A,OPP_SIGNAL,2024-12-25 00:00:00+00:00,98173,2024-12-27 08:00:00+00:00,95573,244.3127
LONG,BUY_A,OPP_SIGNAL,2024-12-27 08:00:00+00:00,95573,2024-12-29 12:00:00+00:00,94973,-75.5273
SHORT,SELL_B,OPP_SIGNAL,2024-12-29 12:00:00+00:00,94973,2025-01-02 18:00:00+00:00,96973,-215.5973
LONG,BUY_B,OPP_SIGNAL,2025-01-02 18:00:00+00:00,96973,2025-01-05 08:00:00+00:00,97973,84.25269999999999
SHORT,SELL_A,OPP_SIGNAL,2025-01-05 08:00:00+00:00,97973,2025-01-05 20:00:00+00:00,98173,-35.8073
LONG,BUY_A,OPP_SIGNAL,2025-01-05 20:00:00+00:00,98173,2025-01-06 08:00:00+00:00,99173,84.1327
SHORT,SELL_A,OPP_SIGNAL,2025-01-06 08:00:00+00:00,99173,2025-01-10 04:00:00+00:00,93773,524.3526999999999
LONG,BUY_A,OPP_SIGNAL,2025-01-10 04:00:00+00:00,93773,2025-01-11 00:00:00+00:00,94573,64.5827
SHORT,SELL_A,OPP_SIGNAL,2025-01-11 00:00:00+00:00,94573,2025-01-12 12:00:00+00:00,94573,-15.4573
LONG,BUY_A,OPP_SIGNAL,2025-01-12 12:00:00+00:00,94573,2025-01-13 06:00:00+00:00,93973,-75.4273
SHORT,SELL_A,OPP_SIGNAL,2025-01-13 06:00:00+00:00,93973,2025-01-14 08:00:00+00:00,95173,-135.45729999999998
LONG,BUY_B,OPP_SIGNAL,2025-01-14 08:00:00+00:00,95173,2025-01-14 20:00:00+00:00,96573,124.41270000000002
SHORT,SELL_A,OPP_SIGNAL,2025-01-14 20:00:00+00:00,96573,2025-01-18 22:00:00+00:00,104173,-776.0373000000001
LONG,BUY_A,OPP_SIGNAL,2025-01-18 22:00:00+00:00,104173,2025-01-19 20:00:00+00:00,105173,83.53269999999999
SHORT,SELL_A,OPP_SIGNAL,2025-01-19 20:00:00+00:00,105173,2025-01-20 06:00:00+00:00,106373,-136.57729999999998
LONG,BUY_B,OPP_SIGNAL,2025-01-20 06:00:00+00:00,106373,2025-01-21 22:00:00+00:00,106373,-16.637300000000003
SHORT,SELL_A,OPP_SIGNAL,2025-01-21 22:00:00+00:00,106373,2025-01-23 12:00:00+00:00,102373,383.5627
LONG,BUY_A,OPP_SIGNAL,2025-01-23 12:00:00+00:00,102373,2025-01-26 20:00:00+00:00,104573,203.65270000000004
SHORT,SELL_A,OPP_SIGNAL,2025-01-26 20:00:00+00:00,104573,2025-01-29 18:00:00+00:00,102973,143.6227
LONG,BUY_B,OPP_SIGNAL,2025-01-29 18:00:00+00:00,102973,2025-01-31 02:00:00+00:00,104373,123.6327
SHORT,SELL_A,OPP_SIGNAL,2025-01-31 02:00:00+00:00,104373,2025-02-02 04:00:00+00:00,99773,443.7927
LONG,BUY_A,OPP_SIGNAL,2025-02-02 04:00:00+00:00,99773,2025-02-05 16:00:00+00:00,97773,-215.87730000000002
SHORT,SELL_A,OPP_SIGNAL,2025-02-05 16:00:00+00:00,97773,2025-02-07 08:00:00+00:00,97173,44.252700000000004
LONG,BUY_A,OPP_SIGNAL,2025-02-07 08:00:00+00:00,97173,2025-02-07 16:00:00+00:00,97573,24.2627
SHORT,SELL_A,OPP_SIGNAL,2025-02-07 16:00:00+00:00,97573,2025-02-08 16:00:00+00:00,96173,124.3127
LONG,BUY_A,OPP_SIGNAL,2025-02-08 16:00:00+00:00,96173,2025-02-11 02:00:00+00:00,97573,124.3127
SHORT,SELL_A,OPP_SIGNAL,2025-02-11 02:00:00+00:00,97573,2025-02-12 00:00:00+00:00,95973,144.3227
LONG,BUY_A,OPP_SIGNAL,2025-02-12 00:00:00+00:00,95973,2025-02-12 02:00:00+00:00,95973,-15.5973
SHORT,SELL_A,OPP_SIGNAL,2025-02-12 02:00:00+00:00,95973,2025-02-12 16:00:00+00:00,95773,4.4127
LONG,BUY_A,OPP_SIGNAL,2025-02-12 16:00:00+00:00,95773,2025-02-18 04:00:00+00:00,95773,-15.577300000000001
SHORT,SELL_A,OPP_SIGNAL,2025-02-18 04:00:00+00:00,95773,2025-02-23 06:00:00+00:00,96373,-75.60730000000001
LONG,BUY_A,OPP_SIGNAL,2025-02-23 06:00:00+00:00,96373,2025-02-24 02:00:00+00:00,95573,-95.5973
SHORT,SELL_A,OPP_SIGNAL,2025-02-24 02:00:00+00:00,95573,2025-02-25 10:00:00+00:00,88973,644.7727
LONG,BUY_A,OPP_SIGNAL,2025-02-25 10:00:00+00:00,88973,2025-02-26 18:00:00+00:00,85373,-374.71729999999997
SHORT,SELL_B,OPP_SIGNAL,2025-02-26 18:00:00+00:00,85373,2025-02-28 08:00:00+00:00,80173,505.72270000000003
LONG,BUY_A,OPP_SIGNAL,2025-02-28 08:00:00+00:00,80173,2025-03-01 10:00:00+00:00,84973,465.7427
SHORT,SELL_A,OPP_SIGNAL,2025-03-01 10:00:00+00:00,84973,2025-03-01 18:00:00+00:00,85173,-34.5073
LONG,BUY_A,OPP_SIGNAL,2025-03-01 18:00:00+00:00,85173,2025-03-03 00:00:00+00:00,93973,865.0427000000001
SHORT,SELL_A,OPP_SIGNAL,2025-03-03 00:00:00+00:00,93973,2025-03-03 10:00:00+00:00,92373,144.6827
LONG,BUY_A,OPP_SIGNAL,2025-03-03 10:00:00+00:00,92373,2025-03-03 18:00:00+00:00,88773,-375.0573
SHORT,SELL_B,OPP_SIGNAL,2025-03-03 18:00:00+00:00,88773,2025-03-04 08:00:00+00:00,83573,505.3827
LONG,BUY_A,OPP_SIGNAL,2025-03-04 08:00:00+00:00,83573,2025-03-05 14:00:00+00:00,88973,525.3727
SHORT,SELL_A,OPP_SIGNAL,2025-03-05 14:00:00+00:00,88973,2025-03-06 14:00:00+00:00,89973,-114.9473
LONG,BUY_A,OPP_SIGNAL,2025-03-06 14:00:00+00:00,89973,2025-03-08 12:00:00+00:00,86173,-394.8073
SHORT,SELL_B,OPP_SIGNAL,2025-03-08 12:00:00+00:00,86173,2025-03-11 00:00:00+00:00,78773,725.7527
LONG,BUY_A,OPP_SIGNAL,2025-03-11 00:00:00+00:00,78773,2025-03-12 02:00:00+00:00,82573,365.9327
SHORT,SELL_A,OPP_SIGNAL,2025-03-12 02:00:00+00:00,82573,2025-03-12 18:00:00+00:00,82573,-14.2573
LONG,BUY_A,OPP_SIGNAL,2025-03-12 18:00:00+00:00,82573,2025-03-15 06:00:00+00:00,84173,145.6627
SHORT,SELL_A,OPP_SIGNAL,2025-03-15 06:00:00+00:00,84173,2025-03-19 14:00:00+00:00,84573,-54.4373
LONG,BUY_B,OPP_SIGNAL,2025-03-19 14:00:00+00:00,84573,2025-03-21 06:00:00+00:00,84173,-54.4373
SHORT,SELL_A,OPP_SIGNAL,2025-03-21 06:00:00+00:00,84173,2025-03-21 16:00:00+00:00,83773,25.602700000000002
LONG,BUY_A,OPP_SIGNAL,2025-03-21 16:00:00+00:00,83773,2025-03-24 22:00:00+00:00,87573,365.4327
SHORT,SELL_A,OPP_SIGNAL,2025-03-24 22:00:00+00:00,87573,2025-03-26 06:00:00+00:00,87773,-34.7673
LONG,BUY_A,OPP_SIGNAL,2025-03-26 06:00:00+00:00,87773,2025-04-02 02:00:00+00:00,84773,-314.6273
SHORT,SELL_A,OPP_SIGNAL,2025-04-02 02:00:00+00:00,84773,2025-04-03 20:00:00+00:00,82373,225.6427
LONG,BUY_A,OPP_SIGNAL,2025-04-03 20:00:00+00:00,82373,2025-04-04 10:00:00+00:00,83773,125.6927
SHORT,SELL_A,OPP_SIGNAL,2025-04-04 10:00:00+00:00,83773,2025-04-07 08:00:00+00:00,75573,806.0326999999999
LONG,BUY_A,OPP_SIGNAL,2025-04-07 08:00:00+00:00,75573,2025-04-08 06:00:00+00:00,79773,406.23269999999997
SHORT,SELL_A,OPP_SIGNAL,2025-04-08 06:00:00+00:00,79773,2025-04-09 12:00:00+00:00,77173,246.15269999999998
LONG,BUY_A,OPP_SIGNAL,2025-04-09 12:00:00+00:00,77173,2025-04-10 12:00:00+00:00,81773,446.0527000000001
SHORT,SELL_A,OPP_SIGNAL,2025-04-10 12:00:00+00:00,81773,2025-04-11 00:00:00+00:00,79973,165.9127
LONG,BUY_A,OPP_SIGNAL,2025-04-11 00:00:00+00:00,79973,2025-04-13 04:00:00+00:00,84973,485.7527
SHORT,SELL_A,OPP_SIGNAL,2025-04-13 04:00:00+00:00,84973,2025-04-14 00:00:00+00:00,84173,65.5427
LONG,BUY_A,OPP_SIGNAL,2025-04-14 00:00:00+00:00,84173,2025-04-15 14:00:00+00:00,84973,65.5427
SHORT,SELL_A,OPP_SIGNAL,2025-04-15 14:00:00+00:00,84973,2025-04-17 06:00:00+00:00,84373,45.532700000000006
LONG,BUY_A,OPP_SIGNAL,2025-04-17 06:00:00+00:00,84373,2025-04-20 08:00:00+00:00,84573,5.5527
SHORT,SELL_A,OPP_SIGNAL,2025-04-20 08:00:00+00:00,84573,2025-04-22 20:00:00+00:00,91973,-754.8273
LONG,BUY_B,OPP_SIGNAL,2025-04-22 20:00:00+00:00,91973,2025-04-23 10:00:00+00:00,93773,164.7127
SHORT,SELL_A,OPP_SIGNAL,2025-04-23 10:00:00+00:00,93773,2025-04-24 22:00:00+00:00,93573,4.632700000000001
LONG,BUY_A,OPP_SIGNAL,2025-04-24 22:00:00+00:00,93573,2025-04-25 20:00:00+00:00,94973,124.5727
SHORT,SELL_A,OPP_SIGNAL,2025-04-25 20:00:00+00:00,94973,2025-04-28 04:00:00+00:00,93973,84.5527
LONG,BUY_A,OPP_SIGNAL,2025-04-28 04:00:00+00:00,93973,2025-04-29 20:00:00+00:00,94773,64.5627
SHORT,SELL_A,OPP_SIGNAL,2025-04-29 20:00:00+00:00,94773,2025-05-01 08:00:00+00:00,95373,-75.50730000000001
LONG,BUY_B,OPP_SIGNAL,2025-05-01 08:00:00+00:00,95373,2025-05-02 20:00:00+00:00,96773,124.39269999999999
SHORT,SELL_A,OPP_SIGNAL,2025-05-02 20:00:00+00:00,96773,2025-05-05 16:00:00+00:00,94173,244.4527
LONG,BUY_A,OPP_SIGNAL,2025-05-05 16:00:00+00:00,94173,2025-05-07 16:00:00+00:00,96773,244.4527
SHORT,SELL_A,OPP_SIGNAL,2025-05-07 16:00:00+00:00,96773,2025-05-07 20:00:00+00:00,96973,-35.6873
LONG,BUY_A,OPP_SIGNAL,2025-05-07 20:00:00+00:00,96973,2025-05-09 08:00:00+00:00,103373,623.9827
SHORT,SELL_A,OPP_SIGNAL,2025-05-09 08:00:00+00:00,103373,2025-05-13 04:00:00+00:00,102173,103.7227
LONG,BUY_A,OPP_SIGNAL,2025-05-13 04:00:00+00:00,102173,2025-05-16 20:00:00+00:00,103773,143.7027
SHORT,SELL_A,OPP_SIGNAL,2025-05-16 20:00:00+00:00,103773,2025-05-18 04:00:00+00:00,103373,23.6427
LONG,BUY_A,OPP_SIGNAL,2025-05-18 04:00:00+00:00,103373,2025-05-19 02:00:00+00:00,104973,143.5827
SHORT,SELL_A,OPP_SIGNAL,2025-05-19 02:00:00+00:00,104973,2025-05-22 02:00:00+00:00,110373,-556.7673
LONG,BUY_B,OPP_SIGNAL,2025-05-22 02:00:00+00:00,110373,2025-05-22 18:00:00+00:00,111173,62.92269999999999
SHORT,SELL_A,OPP_SIGNAL,2025-05-22 18:00:00+00:00,111173,2025-05-22 22:00:00+00:00,111373,-37.1273
LONG,BUY_A,OPP_SIGNAL,2025-05-22 22:00:00+00:00,111373,2025-05-24 22:00:00+00:00,107773,-376.9573
SHORT,SELL_A,OPP_SIGNAL,2025-05-24 22:00:00+00:00,107773,2025-05-28 20:00:00+00:00,107173,43.252700000000004
LONG,BUY_A,OPP_SIGNAL,2025-05-28 20:00:00+00:00,107173,2025-06-02 10:00:00+00:00,104373,-296.57730000000004
SHORT,SELL_A,OPP_SIGNAL,2025-06-02 10:00:00+00:00,104373,2025-06-05 02:00:00+00:00,104973,-76.4673
LONG,BUY_A,OPP_SIGNAL,2025-06-05 02:00:00+00:00,104973,2025-06-08 22:00:00+00:00,105773,63.462700000000005
SHORT,SELL_A,OPP_SIGNAL,2025-06-08 22:00:00+00:00,105773,2025-06-15 02:00:00+00:00,105373,23.4427
LONG,BUY_A,OPP_SIGNAL,2025-06-15 02:00:00+00:00,105373,2025-06-15 20:00:00+00:00,104973,-56.5173
SHORT,SELL_A,OPP_SIGNAL,2025-06-15 20:00:00+00:00,104973,2025-06-15 22:00:00+00:00,105373,-56.5173
LONG,BUY_A,OPP_SIGNAL,2025-06-15 22:00:00+00:00,105373,2025-06-17 06:00:00+00:00,106973,143.3827
SHORT,SELL_A,OPP_SIGNAL,2025-06-17 06:00:00+00:00,106973,2025-06-18 20:00:00+00:00,104573,223.42270000000002
LONG,BUY_A,OPP_SIGNAL,2025-06-18 20:00:00+00:00,104573,2025-06-19 06:00:00+00:00,104773,3.5326999999999984
SHORT,SELL_A,OPP_SIGNAL,2025-06-19 06:00:00+00:00,104773,2025-06-21 22:00:00+00:00,101973,263.6627
LONG,BUY_A,OPP_SIGNAL,2025-06-21 22:00:00+00:00,101973,2025-06-22 12:00:00+00:00,102173,3.792700000000001
SHORT,SELL_A,OPP_SIGNAL,2025-06-22 12:00:00+00:00,102173,2025-06-22 22:00:00+00:00,99173,283.9327
LONG,BUY_A,OPP_SIGNAL,2025-06-22 22:00:00+00:00,99173,2025-06-23 14:00:00+00:00,101973,263.9427
SHORT,SELL_A,OPP_SIGNAL,2025-06-23 14:00:00+00:00,101973,2025-07-02 14:00:00+00:00,108573,-676.5273
LONG,BUY_B,OPP_SIGNAL,2025-07-02 14:00:00+00:00,108573,2025-07-03 10:00:00+00:00,109573,83.0927
SHORT,SELL_A,OPP_SIGNAL,2025-07-03 10:00:00+00:00,109573,2025-07-06 12:00:00+00:00,108373,103.1027
LONG,BUY_A,OPP_SIGNAL,2025-07-06 12:00:00+00:00,108373,2025-07-07 16:00:00+00:00,107973,-56.8173
SHORT,SELL_B,OPP_SIGNAL,2025-07-07 16:00:00+00:00,107973,2025-07-09 10:00:00+00:00,108773,-96.8373
LONG,BUY_A,OPP_SIGNAL,2025-07-09 10:00:00+00:00,108773,2025-07-11 06:00:00+00:00,117573,862.6827000000001
SHORT,SELL_A,OPP_SIGNAL,2025-07-11 06:00:00+00:00,117573,2025-07-14 04:00:00+00:00,122373,-497.9973
LONG,BUY_B,OPP_SIGNAL,2025-07-14 04:00:00+00:00,122373,2025-07-16 22:00:00+00:00,118973,-358.0673
SHORT,SELL_A,OPP_SIGNAL,2025-07-16 22:00:00+00:00,118973,2025-07-17 14:00:00+00:00,118373,42.1327
LONG,BUY_A,OPP_SIGNAL,2025-07-17 14:00:00+00:00,118373,2025-07-18 06:00:00+00:00,119973,142.0827
SHORT,SELL_A,OPP_SIGNAL,2025-07-18 06:00:00+00:00,119973,2025-07-20 06:00:00+00:00,117973,182.1027
LONG,BUY_A,OPP_SIGNAL,2025-07-20 06:00:00+00:00,117973,2025-07-20 22:00:00+00:00,117973,-17.7973
SHORT,SELL_A,OPP_SIGNAL,2025-07-20 22:00:00+00:00,117973,2025-07-22 08:00:00+00:00,117973,-17.7973
LONG,BUY_A,OPP_SIGNAL,2025-07-22 08:00:00+00:00,117973,2025-07-23 02:00:00+00:00,119173,102.14269999999999
SHORT,SELL_A,OPP_SIGNAL,2025-07-23 02:00:00+00:00,119173,2025-07-24 10:00:00+00:00,118573,42.112700000000004
LONG,BUY_A,OPP_SIGNAL,2025-07-24 10:00:00+00:00,118573,2025-07-25 00:00:00+00:00,117573,-117.8073
SHORT,SELL_A,OPP_SIGNAL,2025-07-25 00:00:00+00:00,117573,2025-07-25 16:00:00+00:00,115973,142.3227
LONG,BUY_A,OPP_SIGNAL,2025-07-25 16:00:00+00:00,115973,2025-07-27 08:00:00+00:00,117973,182.3027
SHORT,SELL_A,OPP_SIGNAL,2025-07-27 08:00:00+00:00,117973,2025-07-28 18:00:00+00:00,117973,-17.7973
LONG,BUY_B,OPP_SIGNAL,2025-07-28 18:00:00+00:00,117973,2025-07-30 18:00:00+00:00,117373,-77.7673
SHORT,SELL_A,OPP_SIGNAL,2025-07-30 18:00:00+00:00,117373,2025-07-30 22:00:00+00:00,117373,-17.7373
LONG,BUY_A,OPP_SIGNAL,2025-07-30 22:00:00+00:00,117373,2025-08-01 12:00:00+00:00,114973,-257.6173
SHORT,SELL_B,OPP_SIGNAL,2025-08-01 12:00:00+00:00,114973,2025-08-02 00:00:00+00:00,113573,122.5727
LONG,BUY_A,OPP_SIGNAL,2025-08-02 00:00:00+00:00,113573,2025-08-05 14:00:00+00:00,114173,42.612700000000004
SHORT,SELL_A,OPP_SIGNAL,2025-08-05 14:00:00+00:00,114173,2025-08-06 04:00:00+00:00,113973,2.592699999999999
LONG,BUY_A,OPP_SIGNAL,2025-08-06 04:00:00+00:00,113973,2025-08-09 00:00:00+00:00,116573,242.4727
SHORT,SELL_A,OPP_SIGNAL,2025-08-09 00:00:00+00:00,116573,2025-08-12 18:00:00+00:00,119573,-317.8073
LONG,BUY_A,OPP_SIGNAL,2025-08-12 18:00:00+00:00,119573,2025-08-13 00:00:00+00:00,119773,2.0326999999999984
SHORT,SELL_A,OPP_SIGNAL,2025-08-13 00:00:00+00:00,119773,2025-08-16 00:00:00+00:00,117373,222.1427
LONG,BUY_A,OPP_SIGNAL,2025-08-16 00:00:00+00:00,117373,2025-08-18 06:00:00+00:00,115373,-217.6373
SHORT,SELL_B,OPP_SIGNAL,2025-08-18 06:00:00+00:00,115373,2025-08-20 14:00:00+00:00,113173,202.57270000000003
LONG,BUY_A,OPP_SIGNAL,2025-08-20 14:00:00+00:00,113173,2025-08-24 02:00:00+00:00,115173,182.58270000000002
SHORT,SELL_A,OPP_SIGNAL,2025-08-24 02:00:00+00:00,115173,2025-08-25 14:00:00+00:00,111973,302.6427
LONG,BUY_A,OPP_SIGNAL,2025-08-25 14:00:00+00:00,111973,2025-08-29 00:00:00+00:00,111973,-17.1973
SHORT,SELL_A,OPP_SIGNAL,2025-08-29 00:00:00+00:00,111973,2025-09-01 06:00:00+00:00,108573,322.9727
LONG,BUY_A,OPP_SIGNAL,2025-09-01 06:00:00+00:00,108573,2025-09-03 04:00:00+00:00,110973,223.0227
SHORT,SELL_A,OPP_SIGNAL,2025-09-03 04:00:00+00:00,110973,2025-09-05 06:00:00+00:00,112573,-177.1773
LONG,BUY_B,OPP_SIGNAL,2025-09-05 06:00:00+00:00,112573,2025-09-05 14:00:00+00:00,112773,2.7326999999999995
SHORT,SELL_A,OPP_SIGNAL,2025-09-05 14:00:00+00:00,112773,2025-09-07 08:00:00+00:00,110773,182.8227
LONG,BUY_A,OPP_SIGNAL,2025-09-07 08:00:00+00:00,110773,2025-09-09 14:00:00+00:00,111773,82.8727
SHORT,SELL_A,OPP_SIGNAL,2025-09-09 14:00:00+00:00,111773,2025-09-10 02:00:00+00:00,111173,42.8527
LONG,BUY_A,OPP_SIGNAL,2025-09-10 02:00:00+00:00,111173,2025-09-12 06:00:00+00:00,115173,382.6827
SHORT,SELL_A,OPP_SIGNAL,2025-09-12 06:00:00+00:00,115173,2025-09-14 20:00:00+00:00,115773,-77.5473
LONG,BUY_A,OPP_SIGNAL,2025-09-14 20:00:00+00:00,115773,2025-09-17 16:00:00+00:00,115773,-17.5773
SHORT,SELL_A,OPP_SIGNAL,2025-09-17 16:00:00+00:00,115773,2025-09-23 06:00:00+00:00,112773,282.5727
LONG,BUY_A,OPP_SIGNAL,2025-09-23 06:00:00+00:00,112773,2025-10-04 10:00:00+00:00,122173,922.2527
SHORT,SELL_A,OPP_SIGNAL,2025-10-04 10:00:00+00:00,122173,2025-10-04 22:00:00+00:00,122173,-18.2173
LONG,BUY_A,OPP_SIGNAL,2025-10-04 22:00:00+00:00,122173,2025-10-07 02:00:00+00:00,124373,201.67270000000002
SHORT,SELL_A,OPP_SIGNAL,2025-10-07 02:00:00+00:00,124373,2025-10-08 00:00:00+00:00,121573,261.7027
LONG,BUY_A,OPP_SIGNAL,2025-10-08 00:00:00+00:00,121573,2025-10-09 00:00:00+00:00,123173,141.7627
SHORT,SELL_A,OPP_SIGNAL,2025-10-09 00:00:00+00:00,123173,2025-10-10 10:00:00+00:00,121373,161.77270000000001
LONG,BUY_A,OPP_SIGNAL,2025-10-10 10:00:00+00:00,121373,2025-10-10 20:00:00+00:00,116173,-537.8773000000001
SHORT,SELL_B,OPP_SIGNAL,2025-10-10 20:00:00+00:00,116173,2025-10-12 14:00:00+00:00,111773,422.6027000000001
LONG,BUY_A,OPP_SIGNAL,2025-10-12 14:00:00+00:00,111773,2025-10-13 10:00:00+00:00,114973,302.66270000000003
SHORT,SELL_A,OPP_SIGNAL,2025-10-13 10:00:00+00:00,114973,2025-10-13 12:00:00+00:00,114773,2.512699999999999
LONG,BUY_A,OPP_SIGNAL,2025-10-13 12:00:00+00:00,114773,2025-10-14 00:00:00+00:00,114573,-37.4673
SHORT,SELL_A,OPP_SIGNAL,2025-10-14 00:00:00+00:00,114573,2025-10-16 00:00:00+00:00,110973,342.7227
LONG,BUY_A,OPP_SIGNAL,2025-10-16 00:00:00+00:00,110973,2025-10-17 06:00:00+00:00,108173,-296.95730000000003
SHORT,SELL_B,OPP_SIGNAL,2025-10-17 06:00:00+00:00,108173,2025-10-18 00:00:00+00:00,106973,103.2427
LONG,BUY_A,OPP_SIGNAL,2025-10-18 00:00:00+00:00,106973,2025-10-18 04:00:00+00:00,106773,-36.6873
SHORT,SELL_A,OPP_SIGNAL,2025-10-18 04:00:00+00:00,106773,2025-10-18 10:00:00+00:00,106973,-36.6873
LONG,BUY_A,OPP_SIGNAL,2025-10-18 10:00:00+00:00,106973,2025-10-21 00:00:00+00:00,109973,283.1527
SHORT,SELL_A,OPP_SIGNAL,2025-10-21 00:00:00+00:00,109973,2025-10-21 14:00:00+00:00,111173,-137.0573
LONG,BUY_B,OPP_SIGNAL,2025-10-21 14:00:00+00:00,111173,2025-10-24 14:00:00+00:00,110373,-97.07730000000001
SHORT,SELL_A,OPP_SIGNAL,2025-10-24 14:00:00+00:00,110373,2025-10-26 22:00:00+00:00,114373,-417.2373
LONG,BUY_B,OPP_SIGNAL,2025-10-26 22:00:00+00:00,114373,2025-10-27 18:00:00+00:00,115373,82.51270000000001
SHORT,SELL_A,OPP_SIGNAL,2025-10-27 18:00:00+00:00,115373,2025-10-30 02:00:00+00:00,110573,462.7027
LONG,BUY_A,OPP_SIGNAL,2025-10-30 02:00:00+00:00,110573,2025-10-31 20:00:00+00:00,109573,-117.0073
SHORT,SELL_A,OPP_SIGNAL,2025-10-31 20:00:00+00:00,109573,2025-11-03 16:00:00+00:00,106173,323.2127
LONG,BUY_A,OPP_SIGNAL,2025-11-03 16:00:00+00:00,106173,2025-11-04 04:00:00+00:00,106573,23.3627
SHORT,SELL_A,OPP_SIGNAL,2025-11-04 04:00:00+00:00,106573,2025-11-04 22:00:00+00:00,100973,543.6227
LONG,BUY_A,OPP_SIGNAL,2025-11-04 22:00:00+00:00,100973,2025-11-06 16:00:00+00:00,101973,83.8527
SHORT,SELL_A,OPP_SIGNAL,2025-11-06 16:00:00+00:00,101973,2025-11-07 16:00:00+00:00,101573,23.8227
LONG,BUY_A,OPP_SIGNAL,2025-11-07 16:00:00+00:00,101573,2025-11-11 04:00:00+00:00,105973,423.62270000000007
SHORT,SELL_A,OPP_SIGNAL,2025-11-11 04:00:00+00:00,105973,2025-11-12 08:00:00+00:00,103573,223.5227
LONG,BUY_A,OPP_SIGNAL,2025-11-12 08:00:00+00:00,103573,2025-11-13 18:00:00+00:00,99373,-436.14730000000003
SHORT,SELL_B,OPP_SIGNAL,2025-11-13 18:00:00+00:00,99373,2025-11-15 00:00:00+00:00,95173,404.2727
LONG,BUY_A,OPP_SIGNAL,2025-11-15 00:00:00+00:00,95173,2025-11-15 20:00:00+00:00,95973,64.4427
SHORT,SELL_A,OPP_SIGNAL,2025-11-15 20:00:00+00:00,95973,2025-11-16 06:00:00+00:00,95973,-15.5973
LONG,BUY_A,OPP_SIGNAL,2025-11-16 06:00:00+00:00,95973,2025-11-17 18:00:00+00:00,91973,-415.39730000000003
SHORT,SELL_B,OPP_SIGNAL,2025-11-17 18:00:00+00:00,91973,2025-11-18 08:00:00+00:00,90573,124.87270000000001
LONG,BUY_A,OPP_SIGNAL,2025-11-18 08:00:00+00:00,90573,2025-11-19 14:00:00+00:00,90573,-15.057300000000001
SHORT,SELL_A,OPP_SIGNAL,2025-11-19 14:00:00+00:00,90573,2025-11-19 22:00:00+00:00,90573,-15.057300000000001
LONG,BUY_A,OPP_SIGNAL,2025-11-19 22:00:00+00:00,90573,2025-11-20 16:00:00+00:00,88773,-194.9673
SHORT,SELL_B,OPP_SIGNAL,2025-11-20 16:00:00+00:00,88773,2025-11-24 16:00:00+00:00,86773,185.2227
LONG,BUY_A,OPP_SIGNAL,2025-11-24 16:00:00+00:00,86773,2025-11-25 18:00:00+00:00,87173,25.302699999999998
SHORT,SELL_A,OPP_SIGNAL,2025-11-25 18:00:00+00:00,87173,2025-11-26 00:00:00+00:00,87373,-34.7273
LONG,BUY_A,OPP_SIGNAL,2025-11-26 00:00:00+00:00,87373,2025-11-26 08:00:00+00:00,87173,-34.7273
SHORT,SELL_A,OPP_SIGNAL,2025-11-26 08:00:00+00:00,87173,2025-11-29 20:00:00+00:00,90773,-374.89730000000003
LONG,BUY_A,OPP_SIGNAL,2025-11-29 20:00:00+00:00,90773,2025-12-01 02:00:00+00:00,86973,-394.88730000000004
SHORT,SELL_B,OPP_SIGNAL,2025-12-01 02:00:00+00:00,86973,2025-12-01 18:00:00+00:00,84973,185.4027
LONG,BUY_A,OPP_SIGNAL,2025-12-01 18:00:00+00:00,84973,2025-12-04 10:00:00+00:00,92973,785.1027
SHORT,SELL_A,OPP_SIGNAL,2025-12-04 10:00:00+00:00,92973,2025-12-09 14:00:00+00:00,90773,204.81270000000004
LONG,BUY_A,OPP_SIGNAL,2025-12-09 14:00:00+00:00,90773,2025-12-10 10:00:00+00:00,92573,164.83270000000002
SHORT,SELL_A,OPP_SIGNAL,2025-12-10 10:00:00+00:00,92573,2025-12-10 18:00:00+00:00,92373,4.752699999999999
LONG,BUY_A,OPP_SIGNAL,2025-12-10 18:00:00+00:00,92373,2025-12-12 14:00:00+00:00,91973,-55.2173
SHORT,SELL_B,OPP_SIGNAL,2025-12-12 14:00:00+00:00,91973,2025-12-15 00:00:00+00:00,88773,304.9627
LONG,BUY_A,OPP_SIGNAL,2025-12-15 00:00:00+00:00,88773,2025-12-17 02:00:00+00:00,87373,-154.8073
SHORT,SELL_A,OPP_SIGNAL,2025-12-17 02:00:00+00:00,87373,2025-12-18 12:00:00+00:00,87373,-14.737300000000001
LONG,BUY_A,OPP_SIGNAL,2025-12-18 12:00:00+00:00,87373,2025-12-18 18:00:00+00:00,85573,-194.6473
SHORT,SELL_B,OPP_SIGNAL,2025-12-18 18:00:00+00:00,85573,2025-12-24 12:00:00+00:00,87173,-174.6373
LONG,BUY_A,OPP_SIGNAL,2025-12-24 12:00:00+00:00,87173,2025-12-26 14:00:00+00:00,87573,25.2627
SHORT,SELL_A,OPP_SIGNAL,2025-12-26 14:00:00+00:00,87573,2025-12-29 00:00:00+00:00,88373,-94.79729999999999
LONG,BUY_B,OPP_SIGNAL,2025-12-29 00:00:00+00:00,88373,2025-12-31 14:00:00+00:00,88573,5.152699999999999
SHORT,SELL_A,OPP_SIGNAL,2025-12-31 14:00:00+00:00,88573,2026-01-03 22:00:00+00:00,90573,-214.9573
LONG,BUY_B,OPP_SIGNAL,2026-01-03 22:00:00+00:00,90573,2026-01-05 12:00:00+00:00,92773,204.83270000000002
SHORT,SELL_A,OPP_SIGNAL,2026-01-05 12:00:00+00:00,92773,2026-01-06 20:00:00+00:00,92773,-15.2773
LONG,BUY_A,OPP_SIGNAL,2026-01-06 20:00:00+00:00,92773,2026-01-08 02:00:00+00:00,91173,-175.1973
SHORT,SELL_B,OPP_SIGNAL,2026-01-08 02:00:00+00:00,91173,2026-01-13 04:00:00+00:00,91773,-75.1473
LONG,BUY_A,OPP_SIGNAL,2026-01-13 04:00:00+00:00,91773,2026-01-15 00:00:00+00:00,96573,464.58270000000005
SHORT,SELL_A,OPP_SIGNAL,2026-01-15 00:00:00+00:00,96573,2026-01-21 04:00:00+00:00,89573,684.6927
LONG,BUY_A,OPP_SIGNAL,2026-01-21 04:00:00+00:00,89573,2026-01-21 16:00:00+00:00,88973,-74.9273
SHORT,SELL_A,OPP_SIGNAL,2026-01-21 16:00:00+00:00,88973,2026-01-23 16:00:00+00:00,89773,-94.9373
LONG,BUY_A,OPP_SIGNAL,2026-01-23 16:00:00+00:00,89773,2026-01-28 18:00:00+00:00,89773,-14.9773
SHORT,SELL_A,OPP_SIGNAL,2026-01-28 18:00:00+00:00,89773,2026-01-30 04:00:00+00:00,82773,685.3727
LONG,BUY_A,OPP_SIGNAL,2026-01-30 04:00:00+00:00,82773,2026-01-31 16:00:00+00:00,80373,-254.15730000000002
SHORT,SELL_B,OPP_SIGNAL,2026-01-31 16:00:00+00:00,80373,2026-02-01 08:00:00+00:00,78573,166.0527
LONG,BUY_A,OPP_SIGNAL,2026-02-01 08:00:00+00:00,78573,2026-02-01 12:00:00+00:00,78573,-13.857300000000002
SHORT,SELL_A,OPP_SIGNAL,2026-02-01 12:00:00+00:00,78573,2026-02-02 06:00:00+00:00,76373,206.25270000000003
LONG,BUY_A,OPP_SIGNAL,2026-02-02 06:00:00+00:00,76373,2026-02-03 02:00:00+00:00,78773,226.2427
SHORT,SELL_A,OPP_SIGNAL,2026-02-03 02:00:00+00:00,78773,2026-02-04 00:00:00+00:00,75973,266.2627
LONG,BUY_A,OPP_SIGNAL,2026-02-04 00:00:00+00:00,75973,2026-02-04 08:00:00+00:00,76173,6.3927
SHORT,SELL_A,OPP_SIGNAL,2026-02-04 08:00:00+00:00,76173,2026-02-06 16:00:00+00:00,69773,626.7027
LONG,BUY_B,OPP_SIGNAL,2026-02-06 16:00:00+00:00,69773,2026-02-08 20:00:00+00:00,71173,126.9527
SHORT,SELL_A,OPP_SIGNAL,2026-02-08 20:00:00+00:00,71173,2026-02-11 18:00:00+00:00,66773,427.1027000000001
LONG,BUY_A,OPP_SIGNAL,2026-02-11 18:00:00+00:00,66773,2026-02-15 10:00:00+00:00,70373,347.14270000000005
SHORT,SELL_A,OPP_SIGNAL,2026-02-15 10:00:00+00:00,70373,2026-02-16 08:00:00+00:00,68573,167.0527
LONG,BUY_A,OPP_SIGNAL,2026-02-16 08:00:00+00:00,68573,2026-02-22 12:00:00+00:00,67773,-92.8173
SHORT,SELL_A,OPP_SIGNAL,2026-02-22 12:00:00+00:00,67773,2026-02-25 12:00:00+00:00,65773,187.3227
LONG,BUY_A,OPP_SIGNAL,2026-02-25 12:00:00+00:00,65773,2026-02-26 06:00:00+00:00,68173,227.30270000000002
SHORT,SELL_A,OPP_SIGNAL,2026-02-26 06:00:00+00:00,68173,2026-02-26 08:00:00+00:00,68173,-12.8173
LONG,BUY_A,OPP_SIGNAL,2026-02-26 08:00:00+00:00,68173,2026-03-02 06:00:00+00:00,66173,-212.7173
SHORT,SELL_A,OPP_SIGNAL,2026-03-02 06:00:00+00:00,66173,2026-03-02 14:00:00+00:00,66573,-52.6373
LONG,BUY_A,OPP_SIGNAL,2026-03-02 14:00:00+00:00,66573,2026-03-05 12:00:00+00:00,72573,587.0427
SHORT,SELL_A,OPP_SIGNAL,2026-03-05 12:00:00+00:00,72573,2026-03-06 06:00:00+00:00,70773,166.83270000000002
LONG,BUY_A,OPP_SIGNAL,2026-03-06 06:00:00+00:00,70773,2026-03-08 22:00:00+00:00,66973,-392.88730000000004
SHORT,SELL_B,OPP_SIGNAL,2026-03-08 22:00:00+00:00,66973,2026-03-09 02:00:00+00:00,66373,47.3327
LONG,BUY_A,OPP_SIGNAL,2026-03-09 02:00:00+00:00,66373,2026-03-10 18:00:00+00:00,70773,427.14270000000005
SHORT,SELL_A,OPP_SIGNAL,2026-03-10 18:00:00+00:00,70773,2026-03-12 18:00:00+00:00,70373,26.9427
LONG,BUY_A,OPP_SIGNAL,2026-03-12 18:00:00+00:00,70373,2026-03-13 16:00:00+00:00,71373,86.9127
SHORT,SELL_A,OPP_SIGNAL,2026-03-13 16:00:00+00:00,71373,2026-03-16 02:00:00+00:00,73373,-213.2373
LONG,BUY_B,OPP_SIGNAL,2026-03-16 02:00:00+00:00,73373,2026-03-18 04:00:00+00:00,73973,46.6327
SHORT,SELL_A,OPP_SIGNAL,2026-03-18 04:00:00+00:00,73973,2026-03-20 00:00:00+00:00,70173,366.7927
LONG,BUY_A,OPP_SIGNAL,2026-03-20 00:00:00+00:00,70173,2026-03-20 12:00:00+00:00,70173,-13.017299999999999
SHORT,SELL_A,OPP_SIGNAL,2026-03-20 12:00:00+00:00,70173,2026-03-23 04:00:00+00:00,68373,167.0727
LONG,BUY_A,OPP_SIGNAL,2026-03-23 04:00:00+00:00,68373,2026-03-24 00:00:00+00:00,70573,207.05270000000002
SHORT,SELL_A,OPP_SIGNAL,2026-03-24 00:00:00+00:00,70573,2026-03-24 06:00:00+00:00,70973,-53.0773
LONG,BUY_A,OPP_SIGNAL,2026-03-24 06:00:00+00:00,70973,2026-03-24 12:00:00+00:00,70373,-73.06729999999999
SHORT,SELL_A,OPP_SIGNAL,2026-03-24 12:00:00+00:00,70373,2026-03-28 12:00:00+00:00,66573,367.15270000000004
LONG,BUY_A,OPP_SIGNAL,2026-03-28 12:00:00+00:00,66573,2026-03-29 16:00:00+00:00,66373,-32.6473
SHORT,SELL_A,OPP_SIGNAL,2026-03-29 16:00:00+00:00,66373,2026-03-30 00:00:00+00:00,66573,-32.6473
LONG,BUY_A,OPP_SIGNAL,2026-03-30 00:00:00+00:00,66573,2026-03-31 08:00:00+00:00,66773,7.332700000000001
SHORT,SELL_A,OPP_SIGNAL,2026-03-31 08:00:00+00:00,66773,2026-03-31 16:00:00+00:00,67173,-52.6973
LONG,BUY_A,OPP_SIGNAL,2026-03-31 16:00:00+00:00,67173,2026-04-01 16:00:00+00:00,68373,107.2227
SHORT,SELL_A,OPP_SIGNAL,2026-04-01 16:00:00+00:00,68373,2026-04-05 22:00:00+00:00,68973,-72.8673
LONG,BUY_B,OPP_SIGNAL,2026-04-05 22:00:00+00:00,68973,2026-04-07 10:00:00+00:00,68573,-52.8773
SHORT,SELL_A,OPP_SIGNAL,2026-04-07 10:00:00+00:00,68573,2026-04-07 16:00:00+00:00,68573,-12.857300000000002
LONG,BUY_A,OPP_SIGNAL,2026-04-07 16:00:00+00:00,68573,2026-04-09 10:00:00+00:00,71173,247.0127
SHORT,SELL_A,OPP_SIGNAL,2026-04-09 10:00:00+00:00,71173,2026-04-09 14:00:00+00:00,71173,-13.1173
LONG,BUY_A,OPP_SIGNAL,2026-04-09 14:00:00+00:00,71173,2026-04-11 22:00:00+00:00,73173,186.7827
SHORT,SELL_A,OPP_SIGNAL,2026-04-11 22:00:00+00:00,73173,2026-04-13 22:00:00+00:00,73773,-73.34729999999999
LONG,BUY_B,OPP_SIGNAL,2026-04-13 22:00:00+00:00,73773,2026-04-18 10:00:00+00:00,76373,246.4927
SHORT,SELL_A,OPP_SIGNAL,2026-04-18 10:00:00+00:00,76373,2026-04-20 00:00:00+00:00,74373,186.4627
LONG,BUY_A,OPP_SIGNAL,2026-04-20 00:00:00+00:00,74373,2026-04-21 12:00:00+00:00,76173,166.4727
SHORT,SELL_A,OPP_SIGNAL,2026-04-21 12:00:00+00:00,76173,2026-04-23 22:00:00+00:00,77973,-193.7073
LONG,BUY_A,OPP_SIGNAL,2026-04-23 22:00:00+00:00,77973,2026-04-24 02:00:00+00:00,77773,-33.7873
SHORT,SELL_A,OPP_SIGNAL,2026-04-24 02:00:00+00:00,77773,2026-04-29 02:00:00+00:00,76573,106.2827
LONG,BUY_A,OPP_SIGNAL,2026-04-29 02:00:00+00:00,76573,2026-05-03 22:00:00+00:00,78573,186.24269999999999
SHORT,SELL_A,OPP_SIGNAL,2026-05-03 22:00:00+00:00,78573,2026-05-08 14:00:00+00:00,79973,-153.9273
LONG,BUY_A,OPP_SIGNAL,2026-05-08 14:00:00+00:00,79973,2026-05-11 00:00:00+00:00,81573,145.9227
SHORT,SELL_A,OPP_SIGNAL,2026-05-11 00:00:00+00:00,81573,2026-05-14 04:00:00+00:00,79373,205.95270000000002
LONG,BUY_A,OPP_SIGNAL,2026-05-14 04:00:00+00:00,79373,2026-05-15 12:00:00+00:00,80373,86.01270000000001
SHORT,SELL_A,OPP_SIGNAL,2026-05-15 12:00:00+00:00,80373,2026-05-18 20:00:00+00:00,76973,326.1327
LONG,BUY_A,OPP_SIGNAL,2026-05-18 20:00:00+00:00,76973,2026-05-22 06:00:00+00:00,77373,26.2827
SHORT,SELL_A,OPP_SIGNAL,2026-05-22 06:00:00+00:00,77373,2026-05-24 22:00:00+00:00,76973,26.2827
LONG,BUY_A,OPP_SIGNAL,2026-05-24 22:00:00+00:00,76973,2026-05-26 14:00:00+00:00,76773,-33.6873
SHORT,SELL_A,OPP_SIGNAL,2026-05-26 14:00:00+00:00,76773,2026-05-28 16:00:00+00:00,73173,346.5027
LONG,BUY_A,OPP_SIGNAL,2026-05-28 16:00:00+00:00,73173,2026-06-01 00:00:00+00:00,73373,6.6727
SHORT,SELL_A,OPP_SIGNAL,2026-06-01 00:00:00+00:00,73373,2026-06-01 22:00:00+00:00,71373,186.7627
LONG,BUY_A,OPP_SIGNAL,2026-06-01 22:00:00+00:00,71373,2026-06-03 02:00:00+00:00,66373,-512.8873
SHORT,SELL_B,OPP_SIGNAL,2026-06-03 02:00:00+00:00,66373,2026-06-04 12:00:00+00:00,63373,287.5127
LONG,BUY_A,OPP_SIGNAL,2026-06-04 12:00:00+00:00,63373,2026-06-05 00:00:00+00:00,63373,-12.337299999999999
SHORT,SELL_A,OPP_SIGNAL,2026-06-05 00:00:00+00:00,63373,2026-06-07 00:00:00+00:00,61173,207.77270000000001
LONG,BUY_A,OPP_SIGNAL,2026-06-07 00:00:00+00:00,61173,2026-06-08 18:00:00+00:00,63373,207.77270000000001
SHORT,SELL_A,OPP_SIGNAL,2026-06-08 18:00:00+00:00,63373,2026-06-10 12:00:00+00:00,61573,167.75269999999998
LONG,BUY_A,OPP_SIGNAL,2026-06-10 12:00:00+00:00,61573,2026-06-12 12:00:00+00:00,63373,167.75269999999998
SHORT,SELL_A,OPP_SIGNAL,2026-06-12 12:00:00+00:00,63373,2026-06-19 10:00:00+00:00,62573,67.7027
