2026-09-26,05:30:00,83894.5,83899.0,83891.5,83891.5,1554.0
2026-09-26,05:31:00,83891.5,83891.5,83880.0,83880.0,1237.0
2026-09-26,05:32:00,83880.0,83880.5,83870.5,83871.0,1248.0
2026-09-26,05:33:00,83871.0,83871.0,83858.5,83859.0,2246.0
2026-09-26,05:34:00,83859.0,83859.0,83858.5,83858.5,1300.0
2026-09-26,05:35:00,83858.5,83859.0,83858.5,83858.5,1840.0
2026-09-26,05:36:00,83858.5,83859.0,83855.0,83855.5,1956.0
2026-09-26,05:37:00,83855.0,83880.5,83855.0,83880.0,4295.0
2026-09-26,05:38:00,83880.5,83917.0,83880.0,83916.5,3242.0
2026-09-26,05:39:00,83917.0,83929.0,83916.5,83922.5,1663.0
2026-09-26,05:40:00,83922.5,83923.0,83913.5,83918.0,2210.0
2026-09-26,05:41:00,83923.0,83926.0,83923.0,83925.5,594.0
2026-09-26,05:42:00,83926.0,83926.0,83925.5,83925.5,820.0
2026-09-26,05:43:00,83926.0,83926.0,83925.5,83926.0,512.0
2026-09-26,05:44:00,83926.0,83926.0,83925.5,83926.0,831.0
2026-09-26,05:45:00,83929.0,83937.0,83929.0,83936.5,1747.0
2026-09-26,05:46:00,83936.5,83949.5,83936.0,83949.5,828.0
2026-09-26,05:47:00,83949.0,83951.5,83940.5,83941.0,2294.0
2026-09-26,05:48:00,83945.0,83945.0,83944.5,83944.5,578.0
2026-09-26,05:49:00,83945.0,83945.0,83944.5,83944.5,483.0
2026-09-26,05:50:00,83945.0,83945.0,83944.5,83945.0,1173.0
2026-09-26,05:51:00,83944.5,83945.0,83898.0,83898.0,2706.0
2026-09-26,05:52:00,83898.0,83898.5,83898.0,83898.5,1004.0
2026-09-26,05:53:00,83898.5,83898.5,83889.0,83889.5,822.0
2026-09-26,05:54:00,83889.0,83889.0,83869.0,83869.0,2132.0
2026-09-26,05:55:00,83868.5,83882.5,83868.5,83882.5,4326.0
2026-09-26,05:56:00,83882.0,83890.5,83882.0,83890.5,2989.0
2026-09-26,05:57:00,83890.5,83890.5,83885.5,83886.0,733.0
2026-09-26,05:58:00,83880.5,83897.0,83870.0,83890.5,1908.0
2026-09-26,05:59:00,83890.5,83894.5,83888.0,83894.5,854.0
2026-09-26,06:00:00,83894.0,83897.0,83890.0,83897.0,2124.0
2026-09-26,06:01:00,83897.0,83897.0,83892.5,83892.5,725.0
2026-09-26,06:02:00,83892.5,83892.5,83858.0,83858.0,3996.0
2026-09-26,06:03:00,83858.0,83865.0,83858.0,83865.0,927.0
2026-09-26,06:04:00,83865.0,83898.5,83858.5,83898.5,3093.0
2026-09-26,06:05:00,83898.5,83898.5,83892.5,83896.5,439.0
2026-09-26,06:06:00,83897.0,83897.0,83896.5,83897.0,1094.0
2026-09-26,06:07:00,83897.0,83897.0,83888.0,83888.0,471.0
2026-09-26,06:08:00,83888.0,83888.0,83869.5,83869.5,1439.0
2026-09-26,06:09:00,83870.0,83891.5,83869.5,83891.5,610.0
2026-09-26,06:10:00,83897.5,83898.0,83893.5,83893.5,591.0
2026-09-26,06:11:00,83894.0,83894.0,83893.5,83894.0,218.0
2026-09-26,06:12:00,83894.0,83894.0,83893.5,83893.5,1364.0
2026-09-26,06:13:00,83891.0,83891.0,83877.0,83877.0,973.0
2026-09-26,06:14:00,83877.0,83877.0,83860.0,83860.0,592.0
2026-09-26,06:15:00,83860.0,83875.0,83860.0,83871.0,1053.0
2026-09-26,06:16:00,83871.0,83871.0,83866.0,83866.0,810.0
2026-09-26,06:17:00,83866.0,83866.5,83836.5,83837.0,8320.0
2026-09-26,06:18:00,83839.5,83852.5,83839.0,83852.5,2526.0
2026-09-26,06:19:00,83852.0,83877.5,83852.0,83877.5,1166.0
2026-09-26,06:20:00,83877.5,83877.5,83877.0,83877.0,1300.0
2026-09-26,06:21:00,83877.5,83877.5,83877.0,83877.5,640.0
2026-09-26,06:22:00,83877.5,83890.5,83877.0,83890.0,2943.0
2026-09-26,06:23:00,83890.0,83890.0,83875.0,83875.0,2046.0
2026-09-26,06:24:00,83875.0,83884.0,83875.0,83884.0,2462.0
2026-09-26,06:25:00,83883.5,83886.5,83883.5,83886.5,886.0
2026-09-26,06:26:00,83886.5,83886.5,83869.0,83884.5,3082.0
2026-09-26,06:27:00,83881.0,83881.0,83876.5,83877.0,610.0
2026-09-26,06:28:00,83879.0,83898.5,83871.0,83898.0,3227.0
2026-09-26,06:29:00,83898.5,83898.5,83898.0,83898.0,691.0
2026-09-26,06:30:00,83898.5,83914.5,83898.0,83914.5,1702.0
2026-09-26,06:31:00,83914.5,83914.5,83906.0,83906.5,1420.0
2026-09-26,06:32:00,83914.0,83936.5,83914.0,83936.5,5735.0
2026-09-26,06:33:00,83936.0,83936.5,83924.0,83935.5,1422.0
2026-09-26,06:34:00,83936.0,83936.0,83881.0,83881.0,2232.0
2026-09-26,06:35:00,83881.0,83881.0,83860.0,83860.5,4568.0
2026-09-26,06:36:00,83860.0,83867.5,83860.0,83867.5,1137.0
2026-09-26,06:37:00,83867.5,83873.5,83867.0,83873.5,1685.0
2026-09-26,06:38:00,83873.5,83882.0,83873.0,83882.0,2542.0
2026-09-26,06:39:00,83881.5,83891.0,83881.5,83891.0,2346.0
2026-09-26,06:40:00,83891.0,83892.0,83890.5,83891.0,1202.0
2026-09-26,06:41:00,83890.5,83891.0,83873.0,83873.0,623.0
2026-09-26,06:42:00,83862.5,83878.5,83862.5,83878.5,161.0
2026-09-26,06:43:00,83878.5,83878.5,83878.0,83878.5,151.0
2026-09-26,06:44:00,83878.0,83878.5,83878.0,83878.0,420.0
2026-09-26,06:45:00,83878.0,83878.0,83873.0,83873.0,776.0
2026-09-26,06:46:00,83873.0,83876.5,83873.0,83876.0,748.0
2026-09-26,06:47:00,83876.0,83880.5,83875.5,83880.0,1053.0
2026-09-26,06:48:00,83880.5,83896.0,83880.5,83896.0,1313.0
2026-09-26,06:49:00,83895.5,83896.0,83895.5,83896.0,1986.0
2026-09-26,06:50:00,83896.0,83896.0,83895.5,83896.0,254.0
2026-09-26,06:51:00,83896.0,83896.0,83895.5,83895.5,442.0
2026-09-26,06:52:00,83896.0,83896.0,83895.5,83895.5,854.0
2026-09-26,06:53:00,83896.0,83896.0,83871.5,83871.5,1019.0
2026-09-26,06:54:00,83871.5,83880.0,83871.5,83880.0,567.0
2026-09-26,06:55:00,83880.0,83880.0,83879.5,83879.5,805.0
2026-09-26,06:56:00,83879.5,83880.0,83879.5,83879.5,438.0
2026-09-26,06:57:00,83880.0,83885.0,83879.5,83885.0,515.0
2026-09-26,06:58:00,83885.0,83891.5,83860.0,83860.0,579.0
2026-09-26,06:59:00,83860.0,83862.5,83847.5,83861.5,1471.0
2026-09-26,07:00:00,83862.0,83870.0,83862.0,83869.5,555.0
2026-09-26,07:01:00,83869.5,83874.0,83869.5,83873.5,508.0
2026-09-26,07:02:00,83874.0,83874.0,83873.5,83873.5,751.0
2026-09-26,07:03:00,83874.0,83920.0,83873.5,83920.0,3898.0
2026-09-26,07:04:00,83919.5,83956.0,83919.5,83942.0,10429.0
2026-09-26,07:05:00,83941.5,83960.0,83941.5,83946.5,3074.0
2026-09-26,07:06:00,83946.5,83968.5,83946.5,83968.5,7576.0
2026-09-26,07:07:00,83968.5,83970.0,83968.5,83969.5,3317.0
2026-09-26,07:08:00,83970.0,83975.0,83969.5,83975.0,5609.0
2026-09-26,07:09:00,83975.0,83980.0,83941.0,83958.0,6022.0
2026-09-26,07:10:00,83958.5,83958.5,83958.0,83958.0,2949.0
2026-09-26,07:11:00,83958.0,83966.5,83958.0,83966.0,2655.0
2026-09-26,07:12:00,83966.5,83970.0,83966.0,83969.5,1549.0
2026-09-26,07:13:00,83972.0,83978.5,83965.0,83965.5,1232.0
2026-09-26,07:14:00,83965.0,83976.0,83965.0,83975.5,1243.0
2026-09-26,07:15:00,83976.0,83976.0,83971.0,83971.0,2760.0
2026-09-26,07:16:00,83971.0,83971.5,83955.0,83955.0,2282.0
2026-09-26,07:17:00,83955.0,83964.0,83955.0,83963.5,1972.0
2026-09-26,07:18:00,83963.5,83985.5,83963.5,83985.0,2922.0
2026-09-26,07:19:00,83985.5,83985.5,83981.0,83981.0,4251.0
2026-09-26,07:20:00,83981.0,83985.0,83981.0,83984.5,1531.0
2026-09-26,07:21:00,83984.5,83985.0,83984.5,83985.0,2923.0
2026-09-26,07:22:00,83985.0,83985.0,83972.0,83976.0,2831.0
2026-09-26,07:23:00,83975.5,83984.5,83975.5,83984.5,555.0
2026-09-26,07:24:00,83984.0,83984.5,83984.0,83984.5,1601.0
2026-09-26,07:25:00,83983.0,83983.0,83971.0,83971.0,4489.0
2026-09-26,07:26:00,83971.0,83971.5,83971.0,83971.5,1613.0
2026-09-26,07:27:00,83971.0,83971.5,83971.0,83971.5,651.0
2026-09-26,07:28:00,83971.0,83975.5,83971.0,83975.0,1617.0
2026-09-26,07:29:00,83975.0,83975.5,83975.0,83975.0,663.0
2026-09-26,07:30:00,83975.0,83975.5,83975.0,83975.5,687.0
2026-09-26,07:31:00,83975.0,83975.5,83975.0,83975.5,1373.0
2026-09-26,07:32:00,83975.0,83975.5,83975.0,83975.0,419.0
2026-09-26,07:33:00,83975.5,83975.5,83975.0,83975.5,821.0
2026-09-26,07:34:00,83975.0,83975.5,83975.0,83975.5,1935.0
2026-09-26,07:35:00,83975.5,83978.0,83975.0,83977.5,1507.0
2026-09-26,07:36:00,83978.0,83980.5,83977.5,83980.5,2929.0
2026-09-26,07:37:00,83980.5,83983.5,83980.0,83983.5,1194.0
2026-09-26,07:38:00,83983.0,84011.5,83983.0,83998.5,10796.0
2026-09-26,07:39:00,83998.5,84002.5,83998.0,84002.0,3219.0
2026-09-26,07:40:00,84002.0,84018.5,84002.0,84018.5,4267.0
2026-09-26,07:41:00,84018.5,84028.5,84018.0,84028.5,8922.0
2026-09-26,07:42:00,84028.5,84028.5,84019.5,84019.5,4730.0
2026-09-26,07:43:00,84020.0,84020.0,83998.5,83998.5,4328.0
2026-09-26,07:44:00,83998.5,84003.0,83998.5,84003.0,2169.0
2026-09-26,07:45:00,84003.0,84028.0,84002.5,84028.0,3703.0
2026-09-26,07:46:00,84027.5,84028.0,84027.5,84028.0,1396.0
2026-09-26,07:47:00,84027.5,84045.0,84027.5,84042.0,8486.0
2026-09-26,07:48:00,84041.5,84041.5,84038.5,84039.0,4238.0
2026-09-26,07:49:00,84039.0,84045.5,84035.5,84045.5,3712.0
2026-09-26,07:50:00,84045.5,84045.5,84041.0,84041.5,3888.0
2026-09-26,07:51:00,84041.0,84042.0,84041.0,84042.0,1497.0
2026-09-26,07:52:00,84042.0,84042.0,84040.5,84040.5,2327.0
2026-09-26,07:53:00,84040.5,84041.0,84020.0,84020.5,4707.0
2026-09-26,07:54:00,84020.0,84045.5,84020.0,84045.5,1137.0
2026-09-26,07:55:00,84048.0,84067.5,84048.0,84065.5,10868.0
2026-09-26,07:56:00,84065.5,84066.0,84065.5,84065.5,2151.0
2026-09-26,07:57:00,84066.0,84078.0,84065.5,84077.0,6070.0
2026-09-26,07:58:00,84077.0,84097.5,84077.0,84097.5,6723.0
2026-09-26,07:59:00,84097.5,84098.0,84075.0,84075.0,6686.0
2026-09-26,08:00:00,84075.0,84075.5,84050.5,84055.0,5144.0
2026-09-26,08:01:00,84054.5,84075.0,84031.0,84042.0,6554.0
2026-09-26,08:02:00,84041.5,84042.0,84016.5,84017.5,7892.0
2026-09-26,08:03:00,84017.0,84029.0,84017.0,84028.5,1308.0
2026-09-26,08:04:00,84028.5,84028.5,84028.0,84028.0,1057.0
2026-09-26,08:05:00,84028.0,84028.5,84016.0,84020.5,2800.0
2026-09-26,08:06:00,84020.5,84021.0,84020.5,84020.5,1345.0
2026-09-26,08:07:00,84020.5,84021.0,84009.0,84009.5,4326.0
2026-09-26,08:08:00,84009.5,84028.5,84009.0,84028.5,3550.0
2026-09-26,08:09:00,84028.5,84034.0,84028.0,84033.5,2623.0
2026-09-26,08:10:00,84033.5,84041.0,84033.5,84041.0,2548.0
2026-09-26,08:11:00,84041.0,84041.0,84040.5,84041.0,2262.0
2026-09-26,08:12:00,84041.0,84041.0,84032.0,84032.0,1287.0
2026-09-26,08:13:00,84032.0,84032.5,84014.5,84014.5,5896.0
2026-09-26,08:14:00,84014.5,84037.5,84014.5,84037.0,2802.0
2026-09-26,08:15:00,84037.0,84037.5,84037.0,84037.5,2259.0
2026-09-26,08:16:00,84037.0,84037.5,84037.0,84037.5,418.0
2026-09-26,08:17:00,84037.5,84037.5,83999.0,84005.5,5049.0
2026-09-26,08:18:00,84005.5,84006.0,84005.5,84005.5,1367.0
2026-09-26,08:19:00,84005.5,84006.0,84005.5,84006.0,2440.0
2026-09-26,08:20:00,84006.0,84014.0,84005.5,84008.5,4668.0
2026-09-26,08:21:00,84008.5,84009.0,84005.0,84005.5,2453.0
2026-09-26,08:22:00,84005.5,84006.0,83998.5,83998.5,2806.0
2026-09-26,08:23:00,83998.5,83999.0,83998.5,83998.5,3978.0
2026-09-26,08:24:00,83998.5,84005.5,83986.0,84005.5,5725.0
2026-09-26,08:25:00,84006.0,84013.0,84005.5,84009.5,1941.0
2026-09-26,08:26:00,84010.0,84037.5,83997.0,84031.5,3795.0
2026-09-26,08:27:00,84031.5,84050.0,84031.5,84049.5,4355.0
2026-09-26,08:28:00,84050.0,84058.0,84049.5,84058.0,2436.0
2026-09-26,08:29:00,84058.0,84064.0,84057.5,84063.5,1717.0
2026-09-26,08:30:00,84064.0,84083.0,84063.5,84083.0,4915.0
2026-09-26,08:31:00,84083.0,84126.5,84082.5,84126.0,29852.0
2026-09-26,08:32:00,84126.0,84199.0,84126.0,84192.5,46851.0
2026-09-26,08:33:00,84192.5,84229.0,84187.0,84219.0,28453.0
2026-09-26,08:34:00,84219.0,84235.5,84200.0,84235.5,15554.0
2026-09-26,08:35:00,84235.5,84235.5,84205.5,84223.0,11823.0
2026-09-26,08:36:00,84223.5,84260.0,84223.0,84258.0,23827.0
2026-09-26,08:37:00,84258.0,84297.0,84252.0,84253.0,33686.0
2026-09-26,08:38:00,84253.0,84283.5,84253.0,84283.5,10794.0
2026-09-26,08:39:00,84283.5,84283.5,84242.0,84248.0,10036.0
2026-09-26,08:40:00,84248.5,84288.0,84216.5,84229.5,9557.0
2026-09-26,08:41:00,84229.5,84230.0,84194.0,84213.5,12834.0
2026-09-26,08:42:00,84213.0,84245.0,84209.0,84245.0,6032.0
2026-09-26,08:43:00,84245.0,84248.0,84240.0,84248.0,3132.0
2026-09-26,08:44:00,84248.0,84249.0,84248.0,84248.0,6975.0
2026-09-26,08:45:00,84248.0,84248.5,84225.0,84225.5,7814.0
2026-09-26,08:46:00,84225.0,84225.5,84202.5,84202.5,7563.0
2026-09-26,08:47:00,84202.5,84207.0,84202.5,84203.5,4520.0
2026-09-26,08:48:00,84203.5,84203.5,84203.0,84203.5,2346.0
2026-09-26,08:49:00,84203.0,84203.5,84176.5,84176.5,11107.0
2026-09-26,08:50:00,84177.0,84179.0,84176.5,84178.0,5471.0
2026-09-26,08:51:00,84178.5,84178.5,84178.0,84178.0,2167.0
2026-09-26,08:52:00,84178.0,84179.0,84177.0,84178.5,2724.0
2026-09-26,08:53:00,84178.5,84179.0,84178.5,84178.5,1599.0
2026-09-26,08:54:00,84178.5,84179.0,84178.5,84178.5,3826.0
2026-09-26,08:55:00,84179.0,84179.0,84178.5,84178.5,1015.0
2026-09-26,08:56:00,84179.0,84179.0,84167.0,84167.5,3778.0
2026-09-26,08:57:00,84167.0,84167.5,84167.0,84167.0,2682.0
2026-09-26,08:58:00,84167.0,84167.5,84167.0,84167.5,1733.0
2026-09-26,08:59:00,84167.5,84167.5,84167.0,84167.0,1184.0
2026-09-26,09:00:00,84167.5,84168.0,84167.0,84168.0,2182.0
2026-09-26,09:01:00,84167.5,84168.0,84161.0,84162.0,4933.0
2026-09-26,09:02:00,84161.5,84162.0,84160.0,84160.5,2349.0
2026-09-26,09:03:00,84160.0,84173.0,84160.0,84172.0,6793.0
2026-09-26,09:04:00,84172.5,84172.5,84162.5,84162.5,4091.0
2026-09-26,09:05:00,84162.5,84163.0,84153.0,84161.5,6013.0
2026-09-26,09:06:00,84161.5,84162.0,84161.5,84162.0,1672.0
2026-09-26,09:07:00,84162.0,84162.0,84158.0,84161.5,2955.0
2026-09-26,09:08:00,84161.5,84162.0,84158.0,84158.0,2829.0
2026-09-26,09:09:00,84158.0,84158.5,84130.0,84130.0,7615.0
2026-09-26,09:10:00,84130.0,84130.5,84055.0,84115.0,27603.0
2026-09-26,09:11:00,84115.0,84123.0,84055.0,84055.0,7553.0
2026-09-26,09:12:00,84055.0,84058.0,84028.0,84029.5,15304.0
2026-09-26,09:13:00,84029.0,84029.5,83937.0,83937.5,38812.0
2026-09-26,09:14:00,83937.5,83988.0,83928.5,83973.5,18164.0
2026-09-26,09:15:00,83973.0,83973.5,83939.0,83965.0,14437.0
2026-09-26,09:16:00,83965.0,83987.5,83947.0,83947.0,7629.0
2026-09-26,09:17:00,83944.0,83949.5,83923.0,83949.5,10080.0
2026-09-26,09:18:00,83949.5,83950.0,83920.0,83949.5,6884.0
2026-09-26,09:19:00,83949.5,83968.0,83945.0,83968.0,6227.0
2026-09-26,09:20:00,83968.5,83987.0,83943.0,83943.0,8137.0
2026-09-26,09:21:00,83943.5,83977.0,83943.0,83970.0,7621.0
2026-09-26,09:22:00,83969.5,84000.0,83969.5,83994.5,6878.0
2026-09-26,09:23:00,83994.0,83998.5,83985.0,83991.5,2953.0
2026-09-26,09:24:00,83991.5,83991.5,83958.5,83958.5,2568.0
2026-09-26,09:25:00,83954.0,83954.5,83954.0,83954.0,1392.0
2026-09-26,09:26:00,83954.5,83958.5,83950.0,83950.5,2832.0
2026-09-26,09:27:00,83950.0,83983.0,83950.0,83983.0,2902.0
2026-09-26,09:28:00,83983.0,84002.5,83977.0,83977.5,4255.0
2026-09-26,09:29:00,83977.0,83995.0,83968.5,83989.5,1721.0
2026-09-26,09:30:00,83990.0,83990.0,83963.0,83963.0,4792.0
2026-09-26,09:31:00,83963.0,83973.0,83935.5,83972.5,4675.0
2026-09-26,09:32:00,83973.0,83987.0,83964.0,83987.0,4807.0
2026-09-26,09:33:00,83987.0,83997.0,83970.0,83988.0,4807.0
2026-09-26,09:34:00,83988.0,84009.5,83988.0,83996.0,6282.0
2026-09-26,09:35:00,83996.0,83996.0,83995.5,83996.0,2088.0
2026-09-26,09:36:00,83996.0,83996.0,83976.5,83981.0,1723.0
2026-09-26,09:37:00,83981.0,83985.0,83980.5,83985.0,997.0
2026-09-26,09:38:00,83984.5,83985.0,83980.5,83980.5,1000.0
2026-09-26,09:39:00,83981.0,83981.0,83969.5,83973.5,1955.0
2026-09-26,09:40:00,83973.5,83974.0,83967.5,83968.0,2876.0
2026-09-26,09:41:00,83967.5,83968.0,83967.5,83968.0,1775.0
2026-09-26,09:42:00,83967.5,83968.0,83967.5,83967.5,985.0
2026-09-26,09:43:00,83967.5,83968.0,83955.5,83964.5,3922.0
2026-09-26,09:44:00,83965.0,83978.5,83964.5,83978.5,2430.0
2026-09-26,09:45:00,83978.0,83988.0,83978.0,83988.0,5323.0
2026-09-26,09:46:00,83988.5,83990.0,83986.0,83986.5,772.0
2026-09-26,09:47:00,83986.0,83986.5,83986.0,83986.0,559.0
2026-09-26,09:48:00,83986.5,83986.5,83978.0,83978.0,930.0
2026-09-26,09:49:00,83978.0,83978.5,83978.0,83978.5,464.0
2026-09-26,09:50:00,83978.5,83978.5,83978.0,83978.0,840.0
2026-09-26,09:51:00,83978.0,83978.0,83963.5,83963.5,1721.0
2026-09-26,09:52:00,83963.5,83964.0,83963.5,83964.0,2755.0
2026-09-26,09:53:00,83963.5,83964.0,83963.5,83963.5,515.0
2026-09-26,09:54:00,83964.0,83978.5,83963.5,83978.5,2193.0
2026-09-26,09:55:00,83978.0,83979.0,83954.5,83954.5,1228.0
2026-09-26,09:56:00,83954.5,83955.0,83954.5,83955.0,763.0
2026-09-26,09:57:00,83954.5,83955.0,83950.0,83950.0,1710.0
2026-09-26,09:58:00,83950.0,83955.0,83943.0,83954.5,1982.0
2026-09-26,09:59:00,83954.5,83978.5,83954.5,83978.5,1897.0
2026-09-26,10:00:00,83978.0,83989.5,83978.0,83989.5,2932.0
2026-09-26,10:01:00,83989.5,83997.5,83989.0,83997.5,3423.0
2026-09-26,10:02:00,83997.5,84031.5,83997.0,84031.5,13449.0
2026-09-26,10:03:00,84031.5,84046.0,84012.5,84012.5,11913.0
2026-09-26,10:04:00,84012.5,84037.0,84012.5,84036.5,2056.0
2026-09-26,10:05:00,84036.5,84044.0,84036.5,84043.5,2751.0
2026-09-26,10:06:00,84044.0,84058.0,84044.0,84054.0,11549.0
2026-09-26,10:07:00,84054.5,84054.5,84054.0,84054.5,1524.0
2026-09-26,10:08:00,84054.5,84054.5,84054.0,84054.0,2599.0
2026-09-26,10:09:00,84054.5,84071.5,84054.0,84071.5,8209.0
2026-09-26,10:10:00,84071.0,84075.5,84071.0,84075.5,4040.0
2026-09-26,10:11:00,84075.5,84081.5,84075.0,84081.5,3415.0
2026-09-26,10:12:00,84081.5,84081.5,84081.0,84081.0,2356.0
2026-09-26,10:13:00,84081.0,84081.5,84079.0,84079.0,2112.0
2026-09-26,10:14:00,84079.0,84079.5,84067.5,84072.0,5288.0
2026-09-26,10:15:00,84067.5,84068.0,84067.5,84068.0,2959.0
2026-09-26,10:16:00,84067.5,84092.0,84067.5,84092.0,3362.0
2026-09-26,10:17:00,84092.0,84113.5,84091.5,84113.0,13639.0
2026-09-26,10:18:00,84113.5,84113.5,84112.5,84113.0,2520.0
2026-09-26,10:19:00,84113.0,84113.0,84112.0,84112.5,4046.0
2026-09-26,10:20:00,84112.0,84112.5,84111.5,84111.5,2320.0
2026-09-26,10:21:00,84112.0,84140.5,84112.0,84140.5,8209.0
2026-09-26,10:22:00,84140.5,84148.5,84069.0,84070.0,17698.0
2026-09-26,10:23:00,84069.5,84120.5,84069.5,84120.5,10534.0
2026-09-26,10:24:00,84120.5,84120.5,84101.5,84101.5,6493.0
2026-09-26,10:25:00,84100.5,84100.5,84100.0,84100.0,2797.0
2026-09-26,10:26:00,84100.5,84115.5,84100.0,84115.5,2283.0
2026-09-26,10:27:00,84115.5,84115.5,84085.0,84085.0,3513.0
2026-09-26,10:28:00,84085.0,84086.0,84085.0,84085.5,6937.0
2026-09-26,10:29:00,84085.0,84104.5,84085.0,84104.5,2533.0
