trade_number,direction,entry_type,exit_type,entry_datetime,entry_price,exit_datetime,exit_price,size_qty,future_net_pnl,options_pnl,net_pnl,net_pnl_inr,hold_days,slippage_applied,cumulative_pnl_pct
1,SHORT,SELL_A,ST_FLIP_GREEN,2024-02-02T12:00:00,42773,2024-02-02T14:00:00,43373,100,-66.11,0.0,-66.11,-5553.0,0,6.0,-6.01
2,LONG,BUY_B,ST_FLIP_RED,2024-02-05T06:00:00,42973,2024-02-13T14:00:00,49173,100,613.89,0.0,613.89,51567.0,8,6.0,55.98
3,LONG,BUY_A,ST_FLIP_RED,2024-02-14T08:00:00,50373,2024-02-15T20:00:00,51173,100,73.89,0.0,73.89,6207.0,1,6.0,63.97
4,LONG,BUY_B,ST_FLIP_RED,2024-02-16T10:00:00,51973,2024-02-17T14:00:00,51173,100,-86.11,0.0,-86.11,-7233.0,1,6.0,55.96
5,SHORT,SELL_B,ST_FLIP_GREEN,2024-02-18T12:00:00,51773,2024-02-19T06:00:00,52373,100,-66.11,0.0,-66.11,-5553.0,0,6.0,49.94
6,LONG,BUY_B,ST_FLIP_RED,2024-02-21T04:00:00,51773,2024-02-21T08:00:00,51173,100,-66.11,0.0,-66.11,-5553.0,0,6.0,43.93
7,SHORT,SELL_B,ST_FLIP_GREEN,2024-02-22T00:00:00,51373,2024-02-26T14:00:00,51973,100,-66.11,0.0,-66.11,-5553.0,4,6.0,37.92
8,LONG,BUY_A,ST_FLIP_RED,2024-02-26T14:00:00,51973,2024-02-29T00:00:00,61573,100,953.89,0.0,953.89,80127.0,2,6.0,133.91
9,SHORT,SELL_A,ST_FLIP_GREEN,2024-02-29T16:00:00,61973,2024-03-01T08:00:00,61973,100,-6.11,0.0,-6.11,-513.0,0,6.0,133.9
10,LONG,BUY_A,ST_FLIP_RED,2024-03-03T12:00:00,62373,2024-03-05T04:00:00,67573,100,513.89,0.0,513.89,43167.0,1,6.0,185.89
11,LONG,BUY_A,ST_FLIP_RED,2024-03-06T04:00:00,63373,2024-03-06T12:00:00,66373,100,293.89,0.0,293.89,24687.0,0,6.0,215.88
12,SHORT,SELL_A,ST_FLIP_GREEN,2024-03-06T20:00:00,66573,2024-03-07T14:00:00,66973,100,-46.11,0.0,-46.11,-3873.0,0,6.0,211.87
13,LONG,BUY_A,ST_FLIP_RED,2024-03-07T16:00:00,67573,2024-03-11T00:00:00,68773,100,113.89,0.0,113.89,9567.0,3,6.0,223.86
14,LONG,BUY_A,ST_FLIP_RED,2024-03-11T14:00:00,71973,2024-03-12T02:00:00,71573,100,-46.11,0.0,-46.11,-3873.0,0,6.0,219.85
15,SHORT,SELL_A,ST_FLIP_GREEN,2024-03-12T20:00:00,70973,2024-03-13T04:00:00,72173,100,-126.11,0.0,-126.11,-10593.0,0,6.0,207.83
16,LONG,BUY_A,ST_FLIP_RED,2024-03-15T12:00:00,68173,2024-03-16T10:00:00,68573,100,33.89,0.0,33.89,2847.0,0,6.0,211.82
17,SHORT,SELL_A,ST_FLIP_GREEN,2024-03-16T20:00:00,66373,2024-03-17T00:00:00,66373,100,-6.11,0.0,-6.11,-513.0,0,6.0,211.81
18,LONG,BUY_A,ST_FLIP_RED,2024-03-17T00:00:00,66373,2024-03-18T00:00:00,67573,100,113.89,0.0,113.89,9567.0,1,6.0,223.8
19,SHORT,SELL_A,ST_FLIP_GREEN,2024-03-19T00:00:00,66373,2024-03-19T14:00:00,64173,100,213.89,0.0,213.89,17967.0,0,6.0,245.79
20,LONG,BUY_A,ST_FLIP_RED,2024-03-20T06:00:00,62973,2024-03-21T02:00:00,66773,100,373.89,0.0,373.89,31407.0,0,6.0,283.78
21,SHORT,SELL_A,ST_FLIP_GREEN,2024-03-21T12:00:00,66773,2024-03-22T04:00:00,66373,100,33.89,0.0,33.89,2847.0,0,6.0,287.77
22,LONG,BUY_A,ST_FLIP_RED,2024-03-22T04:00:00,66373,2024-03-22T10:00:00,65173,100,-126.11,0.0,-126.11,-10593.0,0,6.0,275.76
23,LONG,BUY_A,ST_FLIP_RED,2024-03-25T12:00:00,67773,2024-03-25T20:00:00,69973,100,213.89,0.0,213.89,17967.0,0,6.0,297.75
24,SHORT,SELL_A,ST_FLIP_GREEN,2024-03-27T14:00:00,69373,2024-03-28T06:00:00,69973,100,-66.11,0.0,-66.11,-5553.0,0,6.0,291.74
25,LONG,BUY_A,ST_FLIP_RED,2024-03-28T06:00:00,69973,2024-03-29T06:00:00,70173,100,13.89,0.0,13.89,1167.0,1,6.0,293.72
26,SHORT,SELL_A,ST_FLIP_GREEN,2024-03-29T14:00:00,70173,2024-03-30T10:00:00,70173,100,-6.11,0.0,-6.11,-513.0,0,6.0,293.71
27,LONG,BUY_A,ST_FLIP_RED,2024-03-31T00:00:00,70173,2024-04-01T04:00:00,70173,100,-6.11,0.0,-6.11,-513.0,1,6.0,293.7
28,SHORT,SELL_A,ST_FLIP_GREEN,2024-04-01T04:00:00,70173,2024-04-01T18:00:00,69173,100,93.89,0.0,93.89,7887.0,0,6.0,303.69
29,SHORT,SELL_A,ST_FLIP_GREEN,2024-04-02T14:00:00,64973,2024-04-03T02:00:00,65973,100,-106.11,0.0,-106.11,-8913.0,0,6.0,293.68
30,LONG,BUY_A,ST_FLIP_RED,2024-04-04T08:00:00,66173,2024-04-04T20:00:00,67773,100,153.89,0.0,153.89,12927.0,0,6.0,309.67
31,SHORT,SELL_A,ST_FLIP_GREEN,2024-04-05T02:00:00,68173,2024-04-05T12:00:00,67573,100,53.89,0.0,53.89,4527.0,0,6.0,315.66
32,LONG,BUY_A,ST_FLIP_RED,2024-04-05T14:00:00,68173,2024-04-09T00:00:00,71373,100,313.89,0.0,313.89,26367.0,3,6.0,347.65
33,SHORT,SELL_A,ST_FLIP_GREEN,2024-04-09T04:00:00,71173,2024-04-10T16:00:00,69373,100,173.89,0.0,173.89,14607.0,1,6.0,365.64
34,LONG,BUY_A,ST_FLIP_RED,2024-04-11T18:00:00,70573,2024-04-12T12:00:00,69973,100,-66.11,0.0,-66.11,-5553.0,0,6.0,359.63
35,SHORT,SELL_A,ST_FLIP_GREEN,2024-04-12T14:00:00,69773,2024-04-13T02:00:00,66973,100,273.89,0.0,273.89,23007.0,0,6.0,387.61
36,LONG,BUY_A,ST_FLIP_RED,2024-04-14T04:00:00,63773,2024-04-15T14:00:00,65573,100,173.89,0.0,173.89,14607.0,1,6.0,405.6
37,LONG,BUY_B,ST_FLIP_RED,2024-04-21T00:00:00,64973,2024-04-24T14:00:00,65573,100,53.89,0.0,53.89,4527.0,3,6.0,411.59
38,SHORT,SELL_A,ST_FLIP_GREEN,2024-04-27T00:00:00,63573,2024-04-28T00:00:00,63573,100,-6.11,0.0,-6.11,-513.0,1,6.0,411.58
39,LONG,BUY_A,ST_FLIP_RED,2024-04-28T12:00:00,63973,2024-04-28T22:00:00,62973,100,-106.11,0.0,-106.11,-8913.0,0,6.0,401.57
40,SHORT,SELL_A,ST_FLIP_GREEN,2024-05-01T08:00:00,57173,2024-05-01T22:00:00,58173,100,-106.11,0.0,-106.11,-8913.0,0,6.0,391.56
41,LONG,BUY_A,ST_FLIP_RED,2024-05-03T12:00:00,59773,2024-05-06T14:00:00,63773,100,393.89,0.0,393.89,33087.0,3,6.0,431.55
42,SHORT,SELL_A,ST_FLIP_GREEN,2024-05-07T02:00:00,63173,2024-05-09T14:00:00,62173,100,93.89,0.0,93.89,7887.0,2,6.0,441.54
43,LONG,BUY_A,ST_FLIP_RED,2024-05-09T18:00:00,62373,2024-05-10T14:00:00,62173,100,-26.11,0.0,-26.11,-2193.0,0,6.0,439.53
44,LONG,BUY_A,ST_FLIP_RED,2024-05-13T06:00:00,62173,2024-05-14T06:00:00,62173,100,-6.11,0.0,-6.11,-513.0,1,6.0,439.52
45,SHORT,SELL_A,ST_FLIP_GREEN,2024-05-14T12:00:00,61773,2024-05-15T08:00:00,62373,100,-66.11,0.0,-66.11,-5553.0,0,6.0,433.5
46,LONG,BUY_B,ST_FLIP_RED,2024-05-17T14:00:00,66173,2024-05-19T18:00:00,66373,100,13.89,0.0,13.89,1167.0,2,6.0,435.49
47,SHORT,SELL_A,ST_FLIP_GREEN,2024-05-22T06:00:00,69573,2024-05-22T14:00:00,70373,100,-86.11,0.0,-86.11,-7233.0,0,6.0,427.48
48,LONG,BUY_A,ST_FLIP_RED,2024-05-22T14:00:00,70373,2024-05-22T22:00:00,69373,100,-106.11,0.0,-106.11,-8913.0,0,6.0,417.47
49,SHORT,SELL_A,ST_FLIP_GREEN,2024-05-22T22:00:00,69373,2024-05-24T14:00:00,68373,100,93.89,0.0,93.89,7887.0,1,6.0,427.46
50,LONG,BUY_A,ST_FLIP_RED,2024-05-27T14:00:00,69373,2024-05-27T18:00:00,69373,100,-6.11,0.0,-6.11,-513.0,0,6.0,427.45
51,SHORT,SELL_A,ST_FLIP_GREEN,2024-05-27T22:00:00,69373,2024-05-29T02:00:00,68773,100,53.89,0.0,53.89,4527.0,1,6.0,433.44
52,SHORT,SELL_A,ST_FLIP_GREEN,2024-05-29T14:00:00,67573,2024-05-30T12:00:00,68373,100,-86.11,0.0,-86.11,-7233.0,0,6.0,425.43
53,SHORT,SELL_A,ST_FLIP_GREEN,2024-05-31T12:00:00,67973,2024-06-03T00:00:00,68573,100,-66.11,0.0,-66.11,-5553.0,2,6.0,419.42
54,LONG,BUY_A,ST_FLIP_RED,2024-06-03T08:00:00,68973,2024-06-04T08:00:00,68773,100,-26.11,0.0,-26.11,-2193.0,1,6.0,417.41
55,SHORT,SELL_A,ST_FLIP_GREEN,2024-06-07T16:00:00,70373,2024-06-11T18:00:00,67373,100,293.89,0.0,293.89,24687.0,4,6.0,447.4
56,LONG,BUY_A,ST_FLIP_RED,2024-06-12T10:00:00,67773,2024-06-12T18:00:00,68773,100,93.89,0.0,93.89,7887.0,0,6.0,457.38
57,SHORT,SELL_A,ST_FLIP_GREEN,2024-06-13T02:00:00,67573,2024-06-16T12:00:00,66573,100,93.89,0.0,93.89,7887.0,3,6.0,467.37
58,SHORT,SELL_A,ST_FLIP_GREEN,2024-06-18T00:00:00,64973,2024-06-20T06:00:00,65773,100,-86.11,0.0,-86.11,-7233.0,2,6.0,459.36
59,SHORT,SELL_A,ST_FLIP_GREEN,2024-06-20T14:00:00,64973,2024-06-25T00:00:00,60373,100,453.89,0.0,453.89,38127.0,4,6.0,505.35
60,LONG,BUY_A,ST_FLIP_RED,2024-06-25T02:00:00,60573,2024-06-26T22:00:00,60973,100,33.89,0.0,33.89,2847.0,1,6.0,509.34
61,LONG,BUY_A,ST_FLIP_RED,2024-06-28T00:00:00,61973,2024-06-28T16:00:00,60973,100,-106.11,0.0,-106.11,-8913.0,0,6.0,499.33
62,LONG,BUY_A,ST_FLIP_RED,2024-07-01T00:00:00,63173,2024-07-02T14:00:00,62573,100,-66.11,0.0,-66.11,-5553.0,1,6.0,493.32
63,SHORT,SELL_A,ST_FLIP_GREEN,2024-07-05T02:00:00,55973,2024-07-05T10:00:00,55573,100,33.89,0.0,33.89,2847.0,0,6.0,497.31
64,LONG,BUY_A,ST_FLIP_RED,2024-07-05T14:00:00,56373,2024-07-07T12:00:00,57173,100,73.89,0.0,73.89,6207.0,1,6.0,505.3
65,LONG,BUY_A,ST_FLIP_RED,2024-07-09T02:00:00,56973,2024-07-10T12:00:00,57973,100,93.89,0.0,93.89,7887.0,1,6.0,515.29
66,SHORT,SELL_A,ST_FLIP_GREEN,2024-07-11T02:00:00,57773,2024-07-11T10:00:00,58573,100,-86.11,0.0,-86.11,-7233.0,0,6.0,507.27
67,SHORT,SELL_A,ST_FLIP_GREEN,2024-07-12T00:00:00,57173,2024-07-12T14:00:00,58173,100,-106.11,0.0,-106.11,-8913.0,0,6.0,497.26
68,LONG,BUY_A,ST_FLIP_RED,2024-07-13T08:00:00,58373,2024-07-16T04:00:00,63773,100,533.89,0.0,533.89,44847.0,2,6.0,551.25
69,SHORT,SELL_A,ST_FLIP_GREEN,2024-07-16T04:00:00,63573,2024-07-16T14:00:00,63973,100,-46.11,0.0,-46.11,-3873.0,0,6.0,547.24
70,LONG,BUY_A,ST_FLIP_RED,2024-07-16T22:00:00,65173,2024-07-17T16:00:00,64373,100,-86.11,0.0,-86.11,-7233.0,0,6.0,539.23
71,SHORT,SELL_A,ST_FLIP_GREEN,2024-07-18T14:00:00,63573,2024-07-19T12:00:00,64573,100,-106.11,0.0,-106.11,-8913.0,0,6.0,529.22
72,LONG,BUY_A,ST_FLIP_RED,2024-07-21T18:00:00,67173,2024-07-22T12:00:00,67173,100,-6.11,0.0,-6.11,-513.0,0,6.0,529.21
73,SHORT,SELL_A,ST_FLIP_GREEN,2024-07-23T18:00:00,65573,2024-07-25T20:00:00,65173,100,33.89,0.0,33.89,2847.0,2,6.0,533.2
74,LONG,BUY_A,ST_FLIP_RED,2024-07-26T00:00:00,66173,2024-07-27T22:00:00,68173,100,193.89,0.0,193.89,16287.0,1,6.0,553.19
75,SHORT,SELL_A,ST_FLIP_GREEN,2024-07-29T16:00:00,67373,2024-08-01T20:00:00,63773,100,353.89,0.0,353.89,29727.0,3,6.0,589.18
76,SHORT,SELL_B,ST_FLIP_GREEN,2024-08-04T14:00:00,60373,2024-08-04T18:00:00,58973,100,133.89,0.0,133.89,11247.0,0,6.0,603.16
77,LONG,BUY_A,ST_FLIP_RED,2024-08-06T00:00:00,54773,2024-08-07T14:00:00,55973,100,113.89,0.0,113.89,9567.0,1,6.0,615.15
78,SHORT,SELL_A,ST_FLIP_GREEN,2024-08-10T04:00:00,60373,2024-08-10T06:00:00,60973,100,-66.11,0.0,-66.11,-5553.0,0,6.0,609.14
79,LONG,BUY_A,ST_FLIP_RED,2024-08-12T14:00:00,59173,2024-08-12T16:00:00,59373,100,13.89,0.0,13.89,1167.0,0,6.0,611.13
80,SHORT,SELL_A,ST_FLIP_GREEN,2024-08-13T02:00:00,59173,2024-08-13T16:00:00,59973,100,-86.11,0.0,-86.11,-7233.0,0,6.0,603.12
81,LONG,BUY_A,ST_FLIP_RED,2024-08-16T06:00:00,58373,2024-08-18T22:00:00,58773,100,33.89,0.0,33.89,2847.0,2,6.0,607.11
82,SHORT,SELL_A,ST_FLIP_GREEN,2024-08-26T20:00:00,63173,2024-08-28T08:00:00,59773,100,333.89,0.0,333.89,28047.0,1,6.0,641.1
83,SHORT,SELL_A,ST_FLIP_GREEN,2024-08-30T14:00:00,58973,2024-08-30T20:00:00,58973,100,-6.11,0.0,-6.11,-513.0,0,6.0,641.09
84,SHORT,SELL_B,ST_FLIP_GREEN,2024-09-01T22:00:00,58173,2024-09-02T08:00:00,58373,100,-26.11,0.0,-26.11,-2193.0,0,6.0,639.08
85,LONG,BUY_A,ST_FLIP_RED,2024-09-02T20:00:00,58773,2024-09-03T14:00:00,58373,100,-46.11,0.0,-46.11,-3873.0,0,6.0,635.07
86,SHORT,SELL_A,ST_FLIP_GREEN,2024-09-05T18:00:00,55973,2024-09-07T14:00:00,54573,100,133.89,0.0,133.89,11247.0,1,6.0,649.05
87,LONG,BUY_A,ST_FLIP_RED,2024-09-07T18:00:00,54373,2024-09-08T14:00:00,53573,100,-86.11,0.0,-86.11,-7233.0,0,6.0,641.04
88,LONG,BUY_A,ST_FLIP_RED,2024-09-10T18:00:00,57573,2024-09-11T00:00:00,56573,100,-106.11,0.0,-106.11,-8913.0,0,6.0,631.03
89,SHORT,SELL_A,ST_FLIP_GREEN,2024-09-11T04:00:00,56373,2024-09-11T14:00:00,56773,100,-46.11,0.0,-46.11,-3873.0,0,6.0,627.02
90,LONG,BUY_A,ST_FLIP_RED,2024-09-13T14:00:00,59373,2024-09-15T22:00:00,59373,100,-6.11,0.0,-6.11,-513.0,2,6.0,627.01
91,LONG,BUY_A,ST_FLIP_RED,2024-09-17T14:00:00,60573,2024-09-17T18:00:00,59973,100,-66.11,0.0,-66.11,-5553.0,0,6.0,621.0
92,SHORT,SELL_A,ST_FLIP_GREEN,2024-09-18T08:00:00,59973,2024-09-18T22:00:00,60773,100,-86.11,0.0,-86.11,-7233.0,0,6.0,612.99
93,LONG,BUY_A,ST_FLIP_RED,2024-09-21T12:00:00,63373,2024-09-24T00:00:00,62973,100,-46.11,0.0,-46.11,-3873.0,2,6.0,608.98
94,SHORT,SELL_A,ST_FLIP_GREEN,2024-09-24T14:00:00,62973,2024-09-24T18:00:00,64173,100,-126.11,0.0,-126.11,-10593.0,0,6.0,596.97
95,LONG,BUY_A,ST_FLIP_RED,2024-09-27T08:00:00,65573,2024-09-30T00:00:00,64973,100,-66.11,0.0,-66.11,-5553.0,2,6.0,590.96
96,SHORT,SELL_A,ST_FLIP_GREEN,2024-10-02T18:00:00,60773,2024-10-03T02:00:00,61173,100,-46.11,0.0,-46.11,-3873.0,0,6.0,586.94
97,LONG,BUY_A,ST_FLIP_RED,2024-10-03T18:00:00,61173,2024-10-07T22:00:00,62773,100,153.89,0.0,153.89,12927.0,4,6.0,602.93
98,SHORT,SELL_A,ST_FLIP_GREEN,2024-10-09T20:00:00,60973,2024-10-11T08:00:00,60773,100,13.89,0.0,13.89,1167.0,1,6.0,604.92
99,LONG,BUY_A,ST_FLIP_RED,2024-10-14T02:00:00,63573,2024-10-15T14:00:00,66773,100,313.89,0.0,313.89,26367.0,1,6.0,636.91
100,LONG,BUY_A,ST_FLIP_RED,2024-10-15T22:00:00,66973,2024-10-21T12:00:00,67973,100,93.89,0.0,93.89,7887.0,5,6.0,646.9
101,SHORT,SELL_A,ST_FLIP_GREEN,2024-10-21T12:00:00,67773,2024-10-24T00:00:00,66773,100,93.89,0.0,93.89,7887.0,2,6.0,656.89
102,LONG,BUY_A,ST_FLIP_RED,2024-10-24T00:00:00,66973,2024-10-25T16:00:00,67173,100,13.89,0.0,13.89,1167.0,1,6.0,658.88
103,LONG,BUY_A,ST_FLIP_RED,2024-10-28T06:00:00,68373,2024-10-31T12:00:00,71573,100,313.89,0.0,313.89,26367.0,3,6.0,690.87
104,SHORT,SELL_A,ST_FLIP_GREEN,2024-11-03T00:00:00,69173,2024-11-05T02:00:00,68173,100,93.89,0.0,93.89,7887.0,2,6.0,700.86
105,LONG,BUY_A,ST_FLIP_RED,2024-11-05T02:00:00,68173,2024-11-05T18:00:00,68773,100,53.89,0.0,53.89,4527.0,0,6.0,706.85
106,LONG,BUY_A,ST_FLIP_RED,2024-11-06T00:00:00,70373,2024-11-06T06:00:00,73773,100,333.89,0.0,333.89,28047.0,0,6.0,740.83
107,LONG,BUY_A,ST_FLIP_RED,2024-11-08T18:00:00,76573,2024-11-12T08:00:00,87773,100,1113.89,0.0,1113.89,93567.0,3,6.0,852.82
108,LONG,BUY_A,ST_FLIP_RED,2024-11-13T12:00:00,88373,2024-11-13T18:00:00,91573,100,313.89,0.0,313.89,26367.0,0,6.0,884.81
109,LONG,BUY_A,ST_FLIP_RED,2024-11-14T06:00:00,90373,2024-11-14T14:00:00,90373,100,-6.11,0.0,-6.11,-513.0,0,6.0,884.8
110,LONG,BUY_A,ST_FLIP_RED,2024-11-18T06:00:00,91173,2024-11-18T10:00:00,90773,100,-46.11,0.0,-46.11,-3873.0,0,6.0,880.79
111,LONG,BUY_A,ST_FLIP_RED,2024-11-18T14:00:00,92373,2024-11-18T16:00:00,91573,100,-86.11,0.0,-86.11,-7233.0,0,6.0,872.78
112,SHORT,SELL_A,ST_FLIP_GREEN,2024-11-18T22:00:00,90773,2024-11-19T04:00:00,91573,100,-86.11,0.0,-86.11,-7233.0,0,6.0,864.77
113,LONG,BUY_A,ST_FLIP_RED,2024-11-19T14:00:00,92173,2024-11-19T20:00:00,92173,100,-6.11,0.0,-6.11,-513.0,0,6.0,864.76
114,SHORT,SELL_A,ST_FLIP_GREEN,2024-11-19T20:00:00,92173,2024-11-20T10:00:00,93373,100,-126.11,0.0,-126.11,-10593.0,0,6.0,852.75
115,LONG,BUY_A,ST_FLIP_RED,2024-11-21T02:00:00,95773,2024-11-21T14:00:00,96973,100,113.89,0.0,113.89,9567.0,0,6.0,864.74
116,SHORT,SELL_A,ST_FLIP_GREEN,2024-11-23T16:00:00,98173,2024-11-24T20:00:00,97173,100,93.89,0.0,93.89,7887.0,1,6.0,874.72
117,LONG,BUY_A,ST_FLIP_RED,2024-11-25T02:00:00,97773,2024-11-25T12:00:00,97573,100,-26.11,0.0,-26.11,-2193.0,0,6.0,872.71
118,LONG,BUY_A,ST_FLIP_RED,2024-11-26T16:00:00,93373,2024-11-26T18:00:00,92573,100,-86.11,0.0,-86.11,-7233.0,0,6.0,864.7
119,SHORT,SELL_A,ST_FLIP_GREEN,2024-11-26T18:00:00,91773,2024-11-27T00:00:00,92773,100,-106.11,0.0,-106.11,-8913.0,0,6.0,854.69
120,LONG,BUY_A,ST_FLIP_RED,2024-11-27T00:00:00,92773,2024-11-28T02:00:00,95573,100,273.89,0.0,273.89,23007.0,1,6.0,882.68
121,LONG,BUY_A,ST_FLIP_RED,2024-11-29T14:00:00,97773,2024-11-29T16:00:00,96973,100,-86.11,0.0,-86.11,-7233.0,0,6.0,874.67
122,SHORT,SELL_A,ST_FLIP_GREEN,2024-11-30T00:00:00,97173,2024-12-01T16:00:00,97373,100,-26.11,0.0,-26.11,-2193.0,1,6.0,872.66
123,LONG,BUY_A,ST_FLIP_RED,2024-12-02T22:00:00,95973,2024-12-03T12:00:00,94973,100,-106.11,0.0,-106.11,-8913.0,0,6.0,862.65
124,LONG,BUY_A,ST_FLIP_RED,2024-12-04T18:00:00,97173,2024-12-05T14:00:00,101973,100,473.89,0.0,473.89,39807.0,0,6.0,910.64
125,LONG,BUY_A,ST_FLIP_RED,2024-12-06T06:00:00,98173,2024-12-06T20:00:00,100373,100,213.89,0.0,213.89,17967.0,0,6.0,932.63
126,SHORT,SELL_A,ST_FLIP_GREEN,2024-12-07T02:00:00,99773,2024-12-08T12:00:00,99973,100,-26.11,0.0,-26.11,-2193.0,1,6.0,930.61
127,SHORT,SELL_A,ST_FLIP_GREEN,2024-12-09T14:00:00,97773,2024-12-10T00:00:00,97973,100,-26.11,0.0,-26.11,-2193.0,0,6.0,928.6
128,SHORT,SELL_A,ST_FLIP_GREEN,2024-12-10T14:00:00,96573,2024-12-10T18:00:00,95573,100,93.89,0.0,93.89,7887.0,0,6.0,938.59
129,LONG,BUY_A,ST_FLIP_RED,2024-12-10T20:00:00,96373,2024-12-11T00:00:00,95773,100,-66.11,0.0,-66.11,-5553.0,0,6.0,932.58
130,LONG,BUY_A,ST_FLIP_RED,2024-12-11T02:00:00,96573,2024-12-12T00:00:00,100373,100,373.89,0.0,373.89,31407.0,0,6.0,970.57
131,SHORT,SELL_A,ST_FLIP_GREEN,2024-12-12T04:00:00,100573,2024-12-12T14:00:00,101573,100,-106.11,0.0,-106.11,-8913.0,0,6.0,960.56
132,SHORT,SELL_A,ST_FLIP_GREEN,2024-12-12T18:00:00,100173,2024-12-13T16:00:00,100373,100,-26.11,0.0,-26.11,-2193.0,0,6.0,958.55
133,SHORT,SELL_A,ST_FLIP_GREEN,2024-12-16T08:00:00,104773,2024-12-16T14:00:00,104773,100,-6.11,0.0,-6.11,-513.0,0,6.0,958.54
134,LONG,BUY_A,ST_FLIP_RED,2024-12-16T14:00:00,104973,2024-12-17T18:00:00,106373,100,133.89,0.0,133.89,11247.0,1,6.0,972.53
135,SHORT,SELL_A,ST_FLIP_GREEN,2024-12-18T22:00:00,100173,2024-12-19T02:00:00,100773,100,-66.11,0.0,-66.11,-5553.0,0,6.0,966.52
136,LONG,BUY_A,ST_FLIP_RED,2024-12-19T06:00:00,101573,2024-12-19T14:00:00,101373,100,-26.11,0.0,-26.11,-2193.0,0,6.0,964.5
137,SHORT,SELL_A,ST_FLIP_GREEN,2024-12-20T08:00:00,96773,2024-12-20T12:00:00,93773,100,293.89,0.0,293.89,24687.0,0,6.0,994.49
138,SHORT,SELL_A,ST_FLIP_GREEN,2024-12-22T14:00:00,96373,2024-12-23T02:00:00,95773,100,53.89,0.0,53.89,4527.0,0,6.0,1000.48
139,LONG,BUY_A,ST_FLIP_RED,2024-12-24T04:00:00,94573,2024-12-24T18:00:00,97573,100,293.89,0.0,293.89,24687.0,0,6.0,1030.47
140,LONG,BUY_A,ST_FLIP_RED,2024-12-25T12:00:00,98373,2024-12-26T04:00:00,98373,100,-6.11,0.0,-6.11,-513.0,0,6.0,1030.46
141,SHORT,SELL_A,ST_FLIP_GREEN,2024-12-27T06:00:00,95373,2024-12-27T08:00:00,95973,100,-66.11,0.0,-66.11,-5553.0,0,6.0,1024.45
142,SHORT,SELL_A,ST_FLIP_GREEN,2024-12-29T16:00:00,93973,2024-12-30T16:00:00,93173,100,73.89,0.0,73.89,6207.0,1,6.0,1032.44
143,LONG,BUY_A,ST_FLIP_RED,2024-12-30T18:00:00,94173,2024-12-30T20:00:00,93373,100,-86.11,0.0,-86.11,-7233.0,0,6.0,1024.43
144,LONG,BUY_A,ST_FLIP_RED,2024-12-31T12:00:00,94973,2024-12-31T16:00:00,94373,100,-66.11,0.0,-66.11,-5553.0,0,6.0,1018.42
145,LONG,BUY_A,ST_FLIP_RED,2025-01-02T08:00:00,96173,2025-01-07T10:00:00,101173,100,493.89,0.0,493.89,41487.0,5,6.0,1068.4
146,SHORT,SELL_A,ST_FLIP_GREEN,2025-01-09T06:00:00,93773,2025-01-09T14:00:00,92973,100,73.89,0.0,73.89,6207.0,0,6.0,1076.39
147,LONG,BUY_A,ST_FLIP_RED,2025-01-09T14:00:00,93173,2025-01-09T16:00:00,93373,100,13.89,0.0,13.89,1167.0,0,6.0,1078.38
148,LONG,BUY_A,ST_FLIP_RED,2025-01-10T06:00:00,94373,2025-01-10T12:00:00,93973,100,-46.11,0.0,-46.11,-3873.0,0,6.0,1074.37
149,LONG,BUY_A,ST_FLIP_RED,2025-01-10T16:00:00,95373,2025-01-10T20:00:00,94773,100,-66.11,0.0,-66.11,-5553.0,0,6.0,1068.36
150,SHORT,SELL_A,ST_FLIP_GREEN,2025-01-11T02:00:00,94373,2025-01-13T14:00:00,91973,100,233.89,0.0,233.89,19647.0,2,6.0,1092.35
151,LONG,BUY_A,ST_FLIP_RED,2025-01-14T08:00:00,95173,2025-01-16T02:00:00,99373,100,413.89,0.0,413.89,34767.0,1,6.0,1134.34
152,LONG,BUY_A,ST_FLIP_RED,2025-01-17T00:00:00,100573,2025-01-17T20:00:00,104573,100,393.89,0.0,393.89,33087.0,0,6.0,1174.33
153,SHORT,SELL_A,ST_FLIP_GREEN,2025-01-18T02:00:00,103773,2025-01-18T12:00:00,103973,100,-26.11,0.0,-26.11,-2193.0,0,6.0,1172.32
154,LONG,BUY_A,ST_FLIP_RED,2025-01-18T18:00:00,104373,2025-01-19T20:00:00,105173,100,73.89,0.0,73.89,6207.0,1,6.0,1180.31
155,SHORT,SELL_A,ST_FLIP_GREEN,2025-01-19T20:00:00,104573,2025-01-20T02:00:00,101773,100,273.89,0.0,273.89,23007.0,0,6.0,1208.29
156,SHORT,SELL_A,ST_FLIP_GREEN,2025-01-20T20:00:00,102973,2025-01-21T02:00:00,102573,100,33.89,0.0,33.89,2847.0,0,6.0,1212.28
157,LONG,BUY_A,ST_FLIP_RED,2025-01-21T08:00:00,102373,2025-01-21T22:00:00,105973,100,353.89,0.0,353.89,29727.0,0,6.0,1248.27
158,SHORT,SELL_A,ST_FLIP_GREEN,2025-01-22T20:00:00,104173,2025-01-23T14:00:00,102773,100,133.89,0.0,133.89,11247.0,0,6.0,1262.26
159,SHORT,SELL_A,ST_FLIP_GREEN,2025-01-24T00:00:00,103373,2025-01-24T04:00:00,104173,100,-86.11,0.0,-86.11,-7233.0,0,6.0,1254.25
160,SHORT,SELL_A,ST_FLIP_GREEN,2025-01-26T00:00:00,104373,2025-01-27T12:00:00,99773,100,453.89,0.0,453.89,38127.0,1,6.0,1300.24
161,LONG,BUY_A,ST_FLIP_RED,2025-01-28T02:00:00,102373,2025-01-28T20:00:00,101773,100,-66.11,0.0,-66.11,-5553.0,0,6.0,1294.23
162,LONG,BUY_A,ST_FLIP_RED,2025-01-29T18:00:00,102573,2025-01-31T02:00:00,104573,100,193.89,0.0,193.89,16287.0,1,6.0,1314.22
163,SHORT,SELL_A,ST_FLIP_GREEN,2025-01-31T02:00:00,104373,2025-01-31T14:00:00,105173,100,-86.11,0.0,-86.11,-7233.0,0,6.0,1306.21
164,SHORT,SELL_A,ST_FLIP_GREEN,2025-02-01T22:00:00,100773,2025-02-02T04:00:00,99973,100,73.89,0.0,73.89,6207.0,0,6.0,1314.2
165,LONG,BUY_A,ST_FLIP_RED,2025-02-02T04:00:00,99973,2025-02-02T10:00:00,99373,100,-66.11,0.0,-66.11,-5553.0,0,6.0,1308.18
166,SHORT,SELL_A,ST_FLIP_GREEN,2025-02-02T16:00:00,98573,2025-02-02T18:00:00,98173,100,33.89,0.0,33.89,2847.0,0,6.0,1312.17
167,SHORT,SELL_A,ST_FLIP_GREEN,2025-02-03T00:00:00,96773,2025-02-03T02:00:00,94173,100,253.89,0.0,253.89,21327.0,0,6.0,1338.16
168,LONG,BUY_A,ST_FLIP_RED,2025-02-03T14:00:00,94973,2025-02-04T02:00:00,100773,100,573.89,0.0,573.89,48207.0,0,6.0,1396.15
169,SHORT,SELL_A,ST_FLIP_GREEN,2025-02-04T04:00:00,99973,2025-02-04T22:00:00,97373,100,253.89,0.0,253.89,21327.0,0,6.0,1422.14
170,LONG,BUY_A,ST_FLIP_RED,2025-02-05T10:00:00,97773,2025-02-05T20:00:00,97173,100,-66.11,0.0,-66.11,-5553.0,0,6.0,1416.13
171,LONG,BUY_A,ST_FLIP_RED,2025-02-07T00:00:00,96773,2025-02-07T16:00:00,97773,100,93.89,0.0,93.89,7887.0,0,6.0,1426.12
172,SHORT,SELL_A,ST_FLIP_GREEN,2025-02-07T18:00:00,96973,2025-02-09T02:00:00,96973,100,-6.11,0.0,-6.11,-513.0,1,6.0,1426.11
173,SHORT,SELL_A,ST_FLIP_GREEN,2025-02-09T20:00:00,95773,2025-02-09T22:00:00,96373,100,-66.11,0.0,-66.11,-5553.0,0,6.0,1420.1
174,LONG,BUY_A,ST_FLIP_RED,2025-02-10T02:00:00,96773,2025-02-10T14:00:00,97173,100,33.89,0.0,33.89,2847.0,0,6.0,1424.09
175,SHORT,SELL_A,ST_FLIP_GREEN,2025-02-11T02:00:00,97573,2025-02-11T04:00:00,98173,100,-66.11,0.0,-66.11,-5553.0,0,6.0,1418.07
176,LONG,BUY_A,ST_FLIP_RED,2025-02-12T00:00:00,95973,2025-02-12T02:00:00,95373,100,-66.11,0.0,-66.11,-5553.0,0,6.0,1412.06
177,SHORT,SELL_A,ST_FLIP_GREEN,2025-02-16T22:00:00,96573,2025-02-17T20:00:00,96573,100,-6.11,0.0,-6.11,-513.0,0,6.0,1412.05
178,SHORT,SELL_A,ST_FLIP_GREEN,2025-02-18T14:00:00,95373,2025-02-18T20:00:00,95173,100,13.89,0.0,13.89,1167.0,0,6.0,1414.04
179,LONG,BUY_A,ST_FLIP_RED,2025-02-19T22:00:00,96573,2025-02-21T14:00:00,98173,100,153.89,0.0,153.89,12927.0,1,6.0,1430.03
180,SHORT,SELL_A,ST_FLIP_GREEN,2025-02-21T14:00:00,98173,2025-02-22T04:00:00,96373,100,173.89,0.0,173.89,14607.0,0,6.0,1448.02
181,LONG,BUY_A,ST_FLIP_RED,2025-02-23T06:00:00,96373,2025-02-23T14:00:00,95573,100,-86.11,0.0,-86.11,-7233.0,0,6.0,1440.01
182,SHORT,SELL_A,ST_FLIP_GREEN,2025-02-24T14:00:00,94773,2025-02-25T10:00:00,89373,100,533.89,0.0,533.89,44847.0,0,6.0,1494.0
183,SHORT,SELL_A,ST_FLIP_GREEN,2025-02-26T18:00:00,85573,2025-02-27T02:00:00,84973,100,53.89,0.0,53.89,4527.0,0,6.0,1499.99
184,SHORT,SELL_A,ST_FLIP_GREEN,2025-02-27T16:00:00,84773,2025-02-28T08:00:00,80173,100,453.89,0.0,453.89,38127.0,0,6.0,1545.98
185,LONG,BUY_A,ST_FLIP_RED,2025-02-28T08:00:00,80373,2025-03-03T00:00:00,93173,100,1273.89,0.0,1273.89,107007.0,2,6.0,1673.96
186,SHORT,SELL_A,ST_FLIP_GREEN,2025-03-03T06:00:00,92373,2025-03-03T12:00:00,92973,100,-66.11,0.0,-66.11,-5553.0,0,6.0,1667.95
187,SHORT,SELL_A,ST_FLIP_GREEN,2025-03-03T18:00:00,89373,2025-03-03T22:00:00,86373,100,293.89,0.0,293.89,24687.0,0,6.0,1697.94
188,SHORT,SELL_A,ST_FLIP_GREEN,2025-03-04T12:00:00,82773,2025-03-04T16:00:00,83973,100,-126.11,0.0,-126.11,-10593.0,0,6.0,1685.93
189,SHORT,SELL_A,ST_FLIP_GREEN,2025-03-06T12:00:00,90973,2025-03-06T14:00:00,90373,100,53.89,0.0,53.89,4527.0,0,6.0,1691.92
190,SHORT,SELL_A,ST_FLIP_GREEN,2025-03-07T02:00:00,87573,2025-03-07T04:00:00,87973,100,-46.11,0.0,-46.11,-3873.0,0,6.0,1687.91
191,LONG,BUY_A,ST_FLIP_RED,2025-03-07T12:00:00,88973,2025-03-07T16:00:00,87973,100,-106.11,0.0,-106.11,-8913.0,0,6.0,1677.9
192,SHORT,SELL_A,ST_FLIP_GREEN,2025-03-09T12:00:00,84373,2025-03-10T00:00:00,81773,100,253.89,0.0,253.89,21327.0,0,6.0,1703.89
193,SHORT,SELL_A,ST_FLIP_GREEN,2025-03-12T14:00:00,82173,2025-03-12T18:00:00,82773,100,-66.11,0.0,-66.11,-5553.0,0,6.0,1697.88
194,LONG,BUY_A,ST_FLIP_RED,2025-03-14T08:00:00,82573,2025-03-16T10:00:00,83573,100,93.89,0.0,93.89,7887.0,2,6.0,1707.87
195,SHORT,SELL_A,ST_FLIP_GREEN,2025-03-16T10:00:00,83573,2025-03-16T14:00:00,83373,100,13.89,0.0,13.89,1167.0,0,6.0,1709.85
196,LONG,BUY_A,ST_FLIP_RED,2025-03-17T02:00:00,83573,2025-03-18T00:00:00,83373,100,-26.11,0.0,-26.11,-2193.0,0,6.0,1707.84
197,SHORT,SELL_A,ST_FLIP_GREEN,2025-03-18T12:00:00,81973,2025-03-18T18:00:00,82373,100,-46.11,0.0,-46.11,-3873.0,0,6.0,1703.83
198,SHORT,SELL_A,ST_FLIP_GREEN,2025-03-21T06:00:00,84373,2025-03-23T12:00:00,84773,100,-46.11,0.0,-46.11,-3873.0,2,6.0,1699.82
199,LONG,BUY_A,ST_FLIP_RED,2025-03-24T02:00:00,86573,2025-03-24T22:00:00,87373,100,73.89,0.0,73.89,6207.0,0,6.0,1707.81
200,LONG,BUY_A,ST_FLIP_RED,2025-03-26T00:00:00,87973,2025-03-26T02:00:00,86973,100,-106.11,0.0,-106.11,-8913.0,0,6.0,1697.8
201,SHORT,SELL_A,ST_FLIP_GREEN,2025-03-26T16:00:00,86573,2025-03-27T02:00:00,87573,100,-106.11,0.0,-106.11,-8913.0,0,6.0,1687.79
202,SHORT,SELL_A,ST_FLIP_GREEN,2025-03-28T06:00:00,85973,2025-03-30T08:00:00,83373,100,253.89,0.0,253.89,21327.0,2,6.0,1713.78
203,SHORT,SELL_A,ST_FLIP_GREEN,2025-03-31T00:00:00,82173,2025-03-31T14:00:00,82573,100,-46.11,0.0,-46.11,-3873.0,0,6.0,1709.77
204,LONG,BUY_A,ST_FLIP_RED,2025-04-01T14:00:00,84773,2025-04-02T02:00:00,84373,100,-46.11,0.0,-46.11,-3873.0,0,6.0,1705.76
205,SHORT,SELL_A,ST_FLIP_GREEN,2025-04-02T20:00:00,84773,2025-04-03T00:00:00,83573,100,113.89,0.0,113.89,9567.0,0,6.0,1717.74
206,LONG,BUY_A,ST_FLIP_RED,2025-04-04T04:00:00,83173,2025-04-04T10:00:00,83373,100,13.89,0.0,13.89,1167.0,0,6.0,1719.73
207,SHORT,SELL_A,ST_FLIP_GREEN,2025-04-04T10:00:00,83373,2025-04-04T16:00:00,83573,100,-26.11,0.0,-26.11,-2193.0,0,6.0,1717.72
208,SHORT,SELL_A,ST_FLIP_GREEN,2025-04-05T12:00:00,83173,2025-04-07T08:00:00,76173,100,693.89,0.0,693.89,58287.0,1,6.0,1787.71
209,LONG,BUY_A,ST_FLIP_RED,2025-04-07T20:00:00,78973,2025-04-08T08:00:00,79373,100,33.89,0.0,33.89,2847.0,0,6.0,1791.7
210,LONG,BUY_A,ST_FLIP_RED,2025-04-09T16:00:00,77973,2025-04-10T02:00:00,82173,100,413.89,0.0,413.89,34767.0,0,6.0,1833.69
211,SHORT,SELL_A,ST_FLIP_GREEN,2025-04-10T12:00:00,81773,2025-04-11T00:00:00,79773,100,193.89,0.0,193.89,16287.0,0,6.0,1853.68
212,LONG,BUY_A,ST_FLIP_RED,2025-04-11T00:00:00,79973,2025-04-13T04:00:00,84373,100,433.89,0.0,433.89,36447.0,2,6.0,1897.67
213,SHORT,SELL_A,ST_FLIP_GREEN,2025-04-13T10:00:00,84573,2025-04-14T10:00:00,84773,100,-26.11,0.0,-26.11,-2193.0,1,6.0,1895.66
214,LONG,BUY_A,ST_FLIP_RED,2025-04-14T10:00:00,84773,2025-04-15T16:00:00,84573,100,-26.11,0.0,-26.11,-2193.0,1,6.0,1893.65
215,SHORT,SELL_A,ST_FLIP_GREEN,2025-04-15T16:00:00,84573,2025-04-16T14:00:00,84373,100,13.89,0.0,13.89,1167.0,0,6.0,1895.63
216,SHORT,SELL_A,ST_FLIP_GREEN,2025-04-16T16:00:00,83773,2025-04-16T18:00:00,84173,100,-46.11,0.0,-46.11,-3873.0,0,6.0,1891.62
217,LONG,BUY_A,ST_FLIP_RED,2025-04-17T04:00:00,84373,2025-04-20T10:00:00,84173,100,-26.11,0.0,-26.11,-2193.0,3,6.0,1889.61
218,LONG,BUY_A,ST_FLIP_RED,2025-04-21T00:00:00,86573,2025-04-21T16:00:00,87173,100,53.89,0.0,53.89,4527.0,0,6.0,1895.6
219,LONG,BUY_A,ST_FLIP_RED,2025-04-22T14:00:00,90773,2025-04-24T02:00:00,92973,100,213.89,0.0,213.89,17967.0,1,6.0,1917.59
220,LONG,BUY_A,ST_FLIP_RED,2025-04-25T06:00:00,93773,2025-04-26T10:00:00,94173,100,33.89,0.0,33.89,2847.0,1,6.0,1921.58
221,SHORT,SELL_A,ST_FLIP_GREEN,2025-04-26T10:00:00,94173,2025-04-28T04:00:00,94173,100,-6.11,0.0,-6.11,-513.0,1,6.0,1921.57
222,LONG,BUY_A,ST_FLIP_RED,2025-04-28T04:00:00,94173,2025-04-28T12:00:00,94173,100,-6.11,0.0,-6.11,-513.0,0,6.0,1921.56
223,LONG,BUY_A,ST_FLIP_RED,2025-04-29T06:00:00,94773,2025-04-30T12:00:00,93973,100,-86.11,0.0,-86.11,-7233.0,1,6.0,1913.55
224,LONG,BUY_A,ST_FLIP_RED,2025-05-01T08:00:00,95373,2025-05-03T10:00:00,95973,100,53.89,0.0,53.89,4527.0,2,6.0,1919.54
225,LONG,BUY_B,ST_FLIP_RED,2025-05-09T16:00:00,103173,2025-05-11T06:00:00,103773,100,53.89,0.0,53.89,4527.0,1,6.0,1925.52
226,SHORT,SELL_A,ST_FLIP_GREEN,2025-05-11T06:00:00,103373,2025-05-11T08:00:00,104373,100,-106.11,0.0,-106.11,-8913.0,0,6.0,1915.51
227,LONG,BUY_A,ST_FLIP_RED,2025-05-11T18:00:00,104573,2025-05-12T10:00:00,103573,100,-106.11,0.0,-106.11,-8913.0,0,6.0,1905.5
228,SHORT,SELL_A,ST_FLIP_GREEN,2025-05-12T14:00:00,102773,2025-05-13T08:00:00,102773,100,-6.11,0.0,-6.11,-513.0,0,6.0,1905.49
229,LONG,BUY_A,ST_FLIP_RED,2025-05-15T22:00:00,103773,2025-05-17T08:00:00,102773,100,-106.11,0.0,-106.11,-8913.0,1,6.0,1895.48
230,SHORT,SELL_A,ST_FLIP_GREEN,2025-05-17T08:00:00,102773,2025-05-18T12:00:00,103973,100,-126.11,0.0,-126.11,-10593.0,1,6.0,1883.47
231,SHORT,SELL_A,ST_FLIP_GREEN,2025-05-19T00:00:00,104973,2025-05-19T14:00:00,103973,100,93.89,0.0,93.89,7887.0,0,6.0,1893.46
232,LONG,BUY_A,ST_FLIP_RED,2025-05-20T16:00:00,105773,2025-05-21T08:00:00,106173,100,33.89,0.0,33.89,2847.0,0,6.0,1897.45
233,LONG,BUY_A,ST_FLIP_RED,2025-05-21T14:00:00,108573,2025-05-21T16:00:00,107773,100,-86.11,0.0,-86.11,-7233.0,0,6.0,1889.44
234,LONG,BUY_A,ST_FLIP_RED,2025-05-22T22:00:00,111373,2025-05-23T10:00:00,110573,100,-86.11,0.0,-86.11,-7233.0,0,6.0,1881.43
235,SHORT,SELL_A,ST_FLIP_GREEN,2025-05-23T10:00:00,110573,2025-05-24T02:00:00,108373,100,213.89,0.0,213.89,17967.0,0,6.0,1903.41
236,SHORT,SELL_A,ST_FLIP_GREEN,2025-05-25T06:00:00,107573,2025-05-25T22:00:00,108173,100,-66.11,0.0,-66.11,-5553.0,0,6.0,1897.4
237,SHORT,SELL_A,ST_FLIP_GREEN,2025-05-27T00:00:00,108573,2025-05-27T06:00:00,109373,100,-86.11,0.0,-86.11,-7233.0,0,6.0,1889.39
238,SHORT,SELL_A,ST_FLIP_GREEN,2025-05-28T18:00:00,106773,2025-05-29T00:00:00,107973,100,-126.11,0.0,-126.11,-10593.0,0,6.0,1877.38
239,SHORT,SELL_A,ST_FLIP_GREEN,2025-05-29T22:00:00,105373,2025-05-31T20:00:00,104773,100,53.89,0.0,53.89,4527.0,1,6.0,1883.37
240,LONG,BUY_B,ST_FLIP_RED,2025-06-01T12:00:00,104173,2025-06-02T08:00:00,104573,100,33.89,0.0,33.89,2847.0,0,6.0,1887.36
241,LONG,BUY_A,ST_FLIP_RED,2025-06-02T22:00:00,105173,2025-06-03T02:00:00,105373,100,13.89,0.0,13.89,1167.0,0,6.0,1889.35
242,SHORT,SELL_A,ST_FLIP_GREEN,2025-06-05T16:00:00,104373,2025-06-06T02:00:00,102573,100,173.89,0.0,173.89,14607.0,0,6.0,1907.34
243,LONG,BUY_A,ST_FLIP_RED,2025-06-06T08:00:00,103373,2025-06-10T14:00:00,109173,100,573.89,0.0,573.89,48207.0,4,6.0,1965.33
244,SHORT,SELL_A,ST_FLIP_GREEN,2025-06-10T14:00:00,109173,2025-06-10T20:00:00,109773,100,-66.11,0.0,-66.11,-5553.0,0,6.0,1959.32
245,SHORT,SELL_A,ST_FLIP_GREEN,2025-06-13T00:00:00,104973,2025-06-13T06:00:00,104773,100,13.89,0.0,13.89,1167.0,0,6.0,1961.3
246,SHORT,SELL_A,ST_FLIP_GREEN,2025-06-15T08:00:00,104973,2025-06-16T00:00:00,105773,100,-86.11,0.0,-86.11,-7233.0,0,6.0,1953.29
247,SHORT,SELL_A,ST_FLIP_GREEN,2025-06-17T06:00:00,106773,2025-06-17T18:00:00,104773,100,193.89,0.0,193.89,16287.0,0,6.0,1973.28
248,LONG,BUY_A,ST_FLIP_RED,2025-06-18T04:00:00,105173,2025-06-18T18:00:00,104173,100,-106.11,0.0,-106.11,-8913.0,0,6.0,1963.27
249,LONG,BUY_A,ST_FLIP_RED,2025-06-20T06:00:00,105373,2025-06-20T14:00:00,104773,100,-66.11,0.0,-66.11,-5553.0,0,6.0,1957.26
250,SHORT,SELL_A,ST_FLIP_GREEN,2025-06-20T16:00:00,103573,2025-06-22T04:00:00,102573,100,93.89,0.0,93.89,7887.0,1,6.0,1967.25
251,LONG,BUY_A,ST_FLIP_RED,2025-06-22T10:00:00,102573,2025-06-22T12:00:00,101773,100,-86.11,0.0,-86.11,-7233.0,0,6.0,1959.24
252,LONG,BUY_A,ST_FLIP_RED,2025-06-23T22:00:00,103773,2025-06-27T06:00:00,106773,100,293.89,0.0,293.89,24687.0,3,6.0,1989.23
253,SHORT,SELL_A,ST_FLIP_GREEN,2025-06-27T06:00:00,106773,2025-06-29T10:00:00,107973,100,-126.11,0.0,-126.11,-10593.0,2,6.0,1977.22
254,LONG,BUY_A,ST_FLIP_RED,2025-07-02T14:00:00,108573,2025-07-03T14:00:00,109173,100,53.89,0.0,53.89,4527.0,1,6.0,1983.21
255,SHORT,SELL_A,ST_FLIP_GREEN,2025-07-04T04:00:00,108973,2025-07-06T12:00:00,108573,100,33.89,0.0,33.89,2847.0,2,6.0,1987.19
256,LONG,BUY_A,ST_FLIP_RED,2025-07-06T12:00:00,108573,2025-07-07T16:00:00,108173,100,-46.11,0.0,-46.11,-3873.0,1,6.0,1983.18
257,LONG,BUY_A,ST_FLIP_RED,2025-07-08T12:00:00,108973,2025-07-10T12:00:00,110573,100,153.89,0.0,153.89,12927.0,2,6.0,1999.17
258,LONG,BUY_A,ST_FLIP_RED,2025-07-12T08:00:00,117973,2025-07-14T10:00:00,121573,100,353.89,0.0,353.89,29727.0,2,6.0,2035.16
259,SHORT,SELL_A,ST_FLIP_GREEN,2025-07-15T14:00:00,116773,2025-07-15T16:00:00,117373,100,-66.11,0.0,-66.11,-5553.0,0,6.0,2029.15
260,LONG,BUY_A,ST_FLIP_RED,2025-07-15T20:00:00,117373,2025-07-17T00:00:00,118173,100,73.89,0.0,73.89,6207.0,1,6.0,2037.14
261,SHORT,SELL_A,ST_FLIP_GREEN,2025-07-21T14:00:00,118373,2025-07-22T06:00:00,117773,100,53.89,0.0,53.89,4527.0,0,6.0,2043.13
262,LONG,BUY_A,ST_FLIP_RED,2025-07-22T10:00:00,118573,2025-07-22T12:00:00,117973,100,-66.11,0.0,-66.11,-5553.0,0,6.0,2037.12
263,LONG,BUY_A,ST_FLIP_RED,2025-07-22T16:00:00,119173,2025-07-23T02:00:00,118973,100,-26.11,0.0,-26.11,-2193.0,0,6.0,2035.11
264,SHORT,SELL_A,ST_FLIP_GREEN,2025-07-23T02:00:00,118973,2025-07-23T14:00:00,118373,100,53.89,0.0,53.89,4527.0,0,6.0,2041.1
265,LONG,BUY_A,ST_FLIP_RED,2025-07-23T22:00:00,118373,2025-07-24T04:00:00,117773,100,-66.11,0.0,-66.11,-5553.0,0,6.0,2035.08
266,SHORT,SELL_A,ST_FLIP_GREEN,2025-07-25T02:00:00,116773,2025-07-25T10:00:00,116373,100,33.89,0.0,33.89,2847.0,0,6.0,2039.07
267,LONG,BUY_A,ST_FLIP_RED,2025-07-25T16:00:00,115973,2025-07-28T14:00:00,118373,100,233.89,0.0,233.89,19647.0,2,6.0,2063.06
268,SHORT,SELL_B,ST_FLIP_GREEN,2025-07-30T18:00:00,117573,2025-07-31T00:00:00,117973,100,-46.11,0.0,-46.11,-3873.0,0,6.0,2059.05
269,LONG,BUY_A,ST_FLIP_RED,2025-07-31T02:00:00,118173,2025-07-31T16:00:00,117573,100,-66.11,0.0,-66.11,-5553.0,0,6.0,2053.04
270,SHORT,SELL_A,ST_FLIP_GREEN,2025-08-02T14:00:00,112773,2025-08-03T04:00:00,113573,100,-86.11,0.0,-86.11,-7233.0,0,6.0,2045.03
271,SHORT,SELL_A,ST_FLIP_GREEN,2025-08-05T12:00:00,114173,2025-08-05T22:00:00,113973,100,13.89,0.0,13.89,1167.0,0,6.0,2047.02
272,LONG,BUY_A,ST_FLIP_RED,2025-08-06T04:00:00,113973,2025-08-08T14:00:00,116373,100,233.89,0.0,233.89,19647.0,2,6.0,2071.01
273,SHORT,SELL_A,ST_FLIP_GREEN,2025-08-09T00:00:00,116573,2025-08-09T08:00:00,117373,100,-86.11,0.0,-86.11,-7233.0,0,6.0,2063.0
274,LONG,BUY_A,ST_FLIP_RED,2025-08-10T22:00:00,119173,2025-08-11T10:00:00,120973,100,173.89,0.0,173.89,14607.0,0,6.0,2080.99
275,SHORT,SELL_A,ST_FLIP_GREEN,2025-08-11T10:00:00,120773,2025-08-12T14:00:00,119373,100,133.89,0.0,133.89,11247.0,1,6.0,2094.97
276,LONG,BUY_A,ST_FLIP_RED,2025-08-12T18:00:00,119573,2025-08-13T14:00:00,120773,100,113.89,0.0,113.89,9567.0,0,6.0,2106.96
277,SHORT,SELL_A,ST_FLIP_GREEN,2025-08-14T04:00:00,122173,2025-08-16T00:00:00,117973,100,413.89,0.0,413.89,34767.0,1,6.0,2148.95
278,LONG,BUY_A,ST_FLIP_RED,2025-08-17T04:00:00,117973,2025-08-18T00:00:00,117173,100,-86.11,0.0,-86.11,-7233.0,0,6.0,2140.94
279,SHORT,SELL_A,ST_FLIP_GREEN,2025-08-19T14:00:00,114573,2025-08-20T16:00:00,113773,100,73.89,0.0,73.89,6207.0,1,6.0,2148.93
280,SHORT,SELL_A,ST_FLIP_GREEN,2025-08-24T02:00:00,115173,2025-08-25T16:00:00,112373,100,273.89,0.0,273.89,23007.0,1,6.0,2176.92
281,LONG,BUY_A,ST_FLIP_RED,2025-08-26T18:00:00,110973,2025-08-27T06:00:00,110573,100,-46.11,0.0,-46.11,-3873.0,0,6.0,2172.91
282,LONG,BUY_A,ST_FLIP_RED,2025-08-28T04:00:00,112773,2025-08-28T18:00:00,111973,100,-86.11,0.0,-86.11,-7233.0,0,6.0,2164.9
283,SHORT,SELL_A,ST_FLIP_GREEN,2025-08-28T18:00:00,111973,2025-08-30T02:00:00,108573,100,333.89,0.0,333.89,28047.0,1,6.0,2198.89
284,SHORT,SELL_B,ST_FLIP_GREEN,2025-08-31T22:00:00,108573,2025-09-01T06:00:00,108973,100,-46.11,0.0,-46.11,-3873.0,0,6.0,2194.88
285,SHORT,SELL_A,ST_FLIP_GREEN,2025-09-01T14:00:00,108573,2025-09-01T22:00:00,108573,100,-6.11,0.0,-6.11,-513.0,0,6.0,2194.86
286,LONG,BUY_A,ST_FLIP_RED,2025-09-02T08:00:00,110373,2025-09-04T04:00:00,110973,100,53.89,0.0,53.89,4527.0,1,6.0,2200.85
287,SHORT,SELL_A,ST_FLIP_GREEN,2025-09-04T14:00:00,110373,2025-09-04T20:00:00,110573,100,-26.11,0.0,-26.11,-2193.0,0,6.0,2198.84
288,LONG,BUY_A,ST_FLIP_RED,2025-09-05T12:00:00,112973,2025-09-05T14:00:00,111973,100,-106.11,0.0,-106.11,-8913.0,0,6.0,2188.83
289,SHORT,SELL_A,ST_FLIP_GREEN,2025-09-06T14:00:00,110173,2025-09-08T08:00:00,111373,100,-126.11,0.0,-126.11,-10593.0,1,6.0,2176.82
290,LONG,BUY_A,ST_FLIP_RED,2025-09-12T18:00:00,116373,2025-09-13T16:00:00,115573,100,-86.11,0.0,-86.11,-7233.0,0,6.0,2168.81
291,SHORT,SELL_A,ST_FLIP_GREEN,2025-09-14T10:00:00,115573,2025-09-15T04:00:00,116373,100,-86.11,0.0,-86.11,-7233.0,0,6.0,2160.8
292,LONG,BUY_A,ST_FLIP_RED,2025-09-15T04:00:00,116373,2025-09-15T08:00:00,115573,100,-86.11,0.0,-86.11,-7233.0,0,6.0,2152.79
293,LONG,BUY_A,ST_FLIP_RED,2025-09-16T14:00:00,115773,2025-09-17T14:00:00,115973,100,13.89,0.0,13.89,1167.0,1,6.0,2154.78
294,SHORT,SELL_A,ST_FLIP_GREEN,2025-09-17T16:00:00,115773,2025-09-18T00:00:00,116573,100,-86.11,0.0,-86.11,-7233.0,0,6.0,2146.77
295,SHORT,SELL_A,ST_FLIP_GREEN,2025-09-19T16:00:00,115773,2025-09-24T04:00:00,112773,100,293.89,0.0,293.89,24687.0,4,6.0,2176.75
296,SHORT,SELL_A,ST_FLIP_GREEN,2025-09-25T16:00:00,110773,2025-09-26T00:00:00,109773,100,93.89,0.0,93.89,7887.0,0,6.0,2186.74
297,LONG,BUY_A,ST_FLIP_RED,2025-09-26T16:00:00,109973,2025-09-30T08:00:00,113373,100,333.89,0.0,333.89,28047.0,3,6.0,2220.73
298,LONG,BUY_A,ST_FLIP_RED,2025-10-02T08:00:00,118773,2025-10-03T04:00:00,119773,100,93.89,0.0,93.89,7887.0,0,6.0,2230.72
299,SHORT,SELL_A,ST_FLIP_GREEN,2025-10-05T12:00:00,122973,2025-10-06T00:00:00,123773,100,-86.11,0.0,-86.11,-7233.0,0,6.0,2222.71
300,LONG,BUY_A,ST_FLIP_RED,2025-10-06T12:00:00,124373,2025-10-07T06:00:00,124173,100,-26.11,0.0,-26.11,-2193.0,0,6.0,2220.7
301,SHORT,SELL_A,ST_FLIP_GREEN,2025-10-07T12:00:00,123773,2025-10-08T08:00:00,122173,100,153.89,0.0,153.89,12927.0,0,6.0,2236.69
302,LONG,BUY_A,ST_FLIP_RED,2025-10-08T08:00:00,122373,2025-10-09T00:00:00,123173,100,73.89,0.0,73.89,6207.0,0,6.0,2244.68
303,SHORT,SELL_A,ST_FLIP_GREEN,2025-10-09T00:00:00,122973,2025-10-09T10:00:00,122773,100,13.89,0.0,13.89,1167.0,0,6.0,2246.67
304,SHORT,SELL_A,ST_FLIP_GREEN,2025-10-09T14:00:00,121573,2025-10-11T02:00:00,112173,100,933.89,0.0,933.89,78447.0,1,6.0,2340.66
305,LONG,BUY_A,ST_FLIP_RED,2025-10-12T14:00:00,111773,2025-10-13T10:00:00,114573,100,273.89,0.0,273.89,23007.0,0,6.0,2368.64
306,LONG,BUY_A,ST_FLIP_RED,2025-10-13T12:00:00,115173,2025-10-13T14:00:00,114373,100,-86.11,0.0,-86.11,-7233.0,0,6.0,2360.63
307,LONG,BUY_A,ST_FLIP_RED,2025-10-13T18:00:00,115573,2025-10-14T00:00:00,114573,100,-106.11,0.0,-106.11,-8913.0,0,6.0,2350.62
308,SHORT,SELL_A,ST_FLIP_GREEN,2025-10-14T02:00:00,114173,2025-10-14T14:00:00,111973,100,213.89,0.0,213.89,17967.0,0,6.0,2372.61
309,LONG,BUY_A,ST_FLIP_RED,2025-10-14T20:00:00,112773,2025-10-15T10:00:00,111973,100,-86.11,0.0,-86.11,-7233.0,0,6.0,2364.6
310,SHORT,SELL_A,ST_FLIP_GREEN,2025-10-16T06:00:00,110573,2025-10-17T10:00:00,105573,100,493.89,0.0,493.89,41487.0,1,6.0,2414.59
311,LONG,BUY_A,ST_FLIP_RED,2025-10-17T10:00:00,105773,2025-10-20T00:00:00,107973,100,213.89,0.0,213.89,17967.0,2,6.0,2436.58
312,SHORT,SELL_A,ST_FLIP_GREEN,2025-10-22T20:00:00,107373,2025-10-23T00:00:00,108173,100,-86.11,0.0,-86.11,-7233.0,0,6.0,2428.57
313,LONG,BUY_A,ST_FLIP_RED,2025-10-25T06:00:00,111373,2025-10-27T20:00:00,114573,100,313.89,0.0,313.89,26367.0,2,6.0,2460.56
314,LONG,BUY_A,ST_FLIP_RED,2025-10-28T16:00:00,115373,2025-10-28T18:00:00,114373,100,-106.11,0.0,-106.11,-8913.0,0,6.0,2450.55
315,SHORT,SELL_A,ST_FLIP_GREEN,2025-10-30T12:00:00,108573,2025-10-30T20:00:00,107573,100,93.89,0.0,93.89,7887.0,0,6.0,2460.53
316,LONG,BUY_A,ST_FLIP_RED,2025-10-31T10:00:00,109973,2025-10-31T16:00:00,109373,100,-66.11,0.0,-66.11,-5553.0,0,6.0,2454.52
317,SHORT,SELL_A,ST_FLIP_GREEN,2025-10-31T20:00:00,109573,2025-11-01T02:00:00,110173,100,-66.11,0.0,-66.11,-5553.0,0,6.0,2448.51
318,LONG,BUY_B,ST_FLIP_RED,2025-11-02T04:00:00,110173,2025-11-03T00:00:00,109773,100,-46.11,0.0,-46.11,-3873.0,0,6.0,2444.5
319,SHORT,SELL_A,ST_FLIP_GREEN,2025-11-04T04:00:00,106773,2025-11-04T22:00:00,101373,100,533.89,0.0,533.89,44847.0,0,6.0,2498.49
320,LONG,BUY_A,ST_FLIP_RED,2025-11-07T16:00:00,101373,2025-11-08T02:00:00,102773,100,133.89,0.0,133.89,11247.0,0,6.0,2512.48
321,SHORT,SELL_A,ST_FLIP_GREEN,2025-11-09T02:00:00,101773,2025-11-09T12:00:00,102773,100,-106.11,0.0,-106.11,-8913.0,0,6.0,2502.47
322,SHORT,SELL_A,ST_FLIP_GREEN,2025-11-11T12:00:00,104573,2025-11-12T08:00:00,103773,100,73.89,0.0,73.89,6207.0,0,6.0,2510.46
323,LONG,BUY_A,ST_FLIP_RED,2025-11-12T08:00:00,103773,2025-11-12T14:00:00,103973,100,13.89,0.0,13.89,1167.0,0,6.0,2512.45
324,SHORT,SELL_A,ST_FLIP_GREEN,2025-11-13T16:00:00,99973,2025-11-13T22:00:00,99773,100,13.89,0.0,13.89,1167.0,0,6.0,2514.44
325,SHORT,SELL_A,ST_FLIP_GREEN,2025-11-14T04:00:00,97573,2025-11-14T14:00:00,96373,100,113.89,0.0,113.89,9567.0,0,6.0,2526.42
326,LONG,BUY_A,ST_FLIP_RED,2025-11-14T14:00:00,96373,2025-11-14T16:00:00,95773,100,-66.11,0.0,-66.11,-5553.0,0,6.0,2520.41
327,LONG,BUY_A,ST_FLIP_RED,2025-11-15T12:00:00,96373,2025-11-15T20:00:00,95373,100,-106.11,0.0,-106.11,-8913.0,0,6.0,2510.4
328,LONG,BUY_A,ST_FLIP_RED,2025-11-16T08:00:00,96573,2025-11-16T10:00:00,95573,100,-106.11,0.0,-106.11,-8913.0,0,6.0,2500.39
329,SHORT,SELL_A,ST_FLIP_GREEN,2025-11-18T02:00:00,91173,2025-11-18T08:00:00,91373,100,-26.11,0.0,-26.11,-2193.0,0,6.0,2498.38
330,LONG,BUY_A,ST_FLIP_RED,2025-11-19T22:00:00,90773,2025-11-20T12:00:00,91573,100,73.89,0.0,73.89,6207.0,0,6.0,2506.37
331,LONG,BUY_A,ST_FLIP_RED,2025-11-23T00:00:00,85573,2025-11-23T22:00:00,86773,100,113.89,0.0,113.89,9567.0,0,6.0,2518.36
332,SHORT,SELL_A,ST_FLIP_GREEN,2025-11-24T06:00:00,86973,2025-11-24T16:00:00,86973,100,-6.11,0.0,-6.11,-513.0,0,6.0,2518.35
333,LONG,BUY_A,ST_FLIP_RED,2025-11-24T16:00:00,87373,2025-11-25T00:00:00,87573,100,13.89,0.0,13.89,1167.0,0,6.0,2520.34
334,SHORT,SELL_A,ST_FLIP_GREEN,2025-11-25T06:00:00,87773,2025-11-26T16:00:00,87973,100,-26.11,0.0,-26.11,-2193.0,1,6.0,2518.33
335,LONG,BUY_A,ST_FLIP_RED,2025-11-26T16:00:00,87973,2025-11-28T16:00:00,91173,100,313.89,0.0,313.89,26367.0,2,6.0,2550.31
336,SHORT,SELL_A,ST_FLIP_GREEN,2025-11-28T16:00:00,90973,2025-11-30T12:00:00,91573,100,-66.11,0.0,-66.11,-5553.0,1,6.0,2544.3
337,LONG,BUY_A,ST_FLIP_RED,2025-12-03T04:00:00,92973,2025-12-03T14:00:00,92573,100,-46.11,0.0,-46.11,-3873.0,0,6.0,2540.29
338,SHORT,SELL_A,ST_FLIP_GREEN,2025-12-04T18:00:00,92373,2025-12-07T16:00:00,90173,100,213.89,0.0,213.89,17967.0,2,6.0,2562.28
339,SHORT,SELL_A,ST_FLIP_GREEN,2025-12-08T14:00:00,90773,2025-12-08T20:00:00,90773,100,-6.11,0.0,-6.11,-513.0,0,6.0,2562.27
340,SHORT,SELL_A,ST_FLIP_GREEN,2025-12-09T08:00:00,89973,2025-12-09T14:00:00,90973,100,-106.11,0.0,-106.11,-8913.0,0,6.0,2552.26
341,SHORT,SELL_A,ST_FLIP_GREEN,2025-12-10T10:00:00,92573,2025-12-11T18:00:00,90973,100,153.89,0.0,153.89,12927.0,1,6.0,2568.25
342,SHORT,SELL_A,ST_FLIP_GREEN,2025-12-16T16:00:00,86973,2025-12-17T12:00:00,87773,100,-86.11,0.0,-86.11,-7233.0,0,6.0,2560.24
343,LONG,BUY_A,ST_FLIP_RED,2025-12-18T12:00:00,87973,2025-12-18T16:00:00,87773,100,-26.11,0.0,-26.11,-2193.0,0,6.0,2558.23
344,LONG,BUY_A,ST_FLIP_RED,2025-12-19T02:00:00,85573,2025-12-19T16:00:00,87173,100,153.89,0.0,153.89,12927.0,0,6.0,2574.22
345,SHORT,SELL_A,ST_FLIP_GREEN,2025-12-19T16:00:00,86773,2025-12-19T18:00:00,87773,100,-106.11,0.0,-106.11,-8913.0,0,6.0,2564.2
346,SHORT,SELL_A,ST_FLIP_GREEN,2025-12-21T12:00:00,87773,2025-12-21T22:00:00,88573,100,-86.11,0.0,-86.11,-7233.0,0,6.0,2556.19
347,LONG,BUY_A,ST_FLIP_RED,2025-12-22T08:00:00,89373,2025-12-22T18:00:00,88773,100,-66.11,0.0,-66.11,-5553.0,0,6.0,2550.18
348,SHORT,SELL_A,ST_FLIP_GREEN,2025-12-22T18:00:00,88373,2025-12-25T14:00:00,87973,100,33.89,0.0,33.89,2847.0,2,6.0,2554.17
349,LONG,BUY_A,ST_FLIP_RED,2025-12-26T02:00:00,88773,2025-12-26T14:00:00,87973,100,-86.11,0.0,-86.11,-7233.0,0,6.0,2546.16
350,LONG,BUY_A,ST_FLIP_RED,2025-12-29T02:00:00,89173,2025-12-29T08:00:00,88973,100,-26.11,0.0,-26.11,-2193.0,0,6.0,2544.15
351,SHORT,SELL_A,ST_FLIP_GREEN,2025-12-29T18:00:00,87373,2025-12-30T14:00:00,88373,100,-106.11,0.0,-106.11,-8913.0,0,6.0,2534.14
352,LONG,BUY_A,ST_FLIP_RED,2026-01-02T08:00:00,89173,2026-01-06T16:00:00,93173,100,393.89,0.0,393.89,33087.0,4,6.0,2574.13
353,LONG,BUY_A,ST_FLIP_RED,2026-01-06T22:00:00,93373,2026-01-07T00:00:00,92573,100,-86.11,0.0,-86.11,-7233.0,0,6.0,2566.12
354,SHORT,SELL_A,ST_FLIP_GREEN,2026-01-07T04:00:00,92373,2026-01-08T16:00:00,90973,100,133.89,0.0,133.89,11247.0,1,6.0,2580.11
355,LONG,BUY_A,ST_FLIP_RED,2026-01-08T16:00:00,90973,2026-01-09T18:00:00,90173,100,-86.11,0.0,-86.11,-7233.0,1,6.0,2572.09
356,LONG,BUY_A,ST_FLIP_RED,2026-01-12T02:00:00,91773,2026-01-12T08:00:00,90973,100,-86.11,0.0,-86.11,-7233.0,0,6.0,2564.08
357,LONG,BUY_A,ST_FLIP_RED,2026-01-13T04:00:00,91773,2026-01-14T10:00:00,94573,100,273.89,0.0,273.89,23007.0,1,6.0,2592.07
358,LONG,BUY_A,ST_FLIP_RED,2026-01-15T12:00:00,96973,2026-01-15T18:00:00,95773,100,-126.11,0.0,-126.11,-10593.0,0,6.0,2580.06
359,SHORT,SELL_A,ST_FLIP_GREEN,2026-01-18T22:00:00,94773,2026-01-21T04:00:00,89573,100,513.89,0.0,513.89,43167.0,2,6.0,2632.05
360,LONG,BUY_A,ST_FLIP_RED,2026-01-21T04:00:00,89573,2026-01-21T10:00:00,88773,100,-86.11,0.0,-86.11,-7233.0,0,6.0,2624.04
361,SHORT,SELL_A,ST_FLIP_GREEN,2026-01-21T16:00:00,88973,2026-01-21T18:00:00,88773,100,13.89,0.0,13.89,1167.0,0,6.0,2626.03
362,SHORT,SELL_A,ST_FLIP_GREEN,2026-01-22T12:00:00,89573,2026-01-23T16:00:00,89973,100,-46.11,0.0,-46.11,-3873.0,1,6.0,2622.02
363,SHORT,SELL_A,ST_FLIP_GREEN,2026-01-25T16:00:00,88173,2026-01-26T00:00:00,87573,100,53.89,0.0,53.89,4527.0,0,6.0,2628.01
364,LONG,BUY_A,ST_FLIP_RED,2026-01-26T04:00:00,87573,2026-01-27T16:00:00,87573,100,-6.11,0.0,-6.11,-513.0,1,6.0,2628.0
365,LONG,BUY_A,ST_FLIP_RED,2026-01-30T18:00:00,83373,2026-01-31T08:00:00,83373,100,-6.11,0.0,-6.11,-513.0,0,6.0,2627.98
366,SHORT,SELL_A,ST_FLIP_GREEN,2026-01-31T08:00:00,83173,2026-02-01T02:00:00,78773,100,433.89,0.0,433.89,36447.0,0,6.0,2671.97
367,LONG,BUY_A,ST_FLIP_RED,2026-02-01T08:00:00,78573,2026-02-01T14:00:00,77973,100,-66.11,0.0,-66.11,-5553.0,0,6.0,2665.96
368,LONG,BUY_A,ST_FLIP_RED,2026-02-02T06:00:00,76573,2026-02-03T16:00:00,77773,100,113.89,0.0,113.89,9567.0,1,6.0,2677.95
369,LONG,BUY_A,ST_FLIP_RED,2026-02-04T00:00:00,76173,2026-02-04T12:00:00,75373,100,-86.11,0.0,-86.11,-7233.0,0,6.0,2669.94
370,SHORT,SELL_A,ST_FLIP_GREEN,2026-02-05T12:00:00,69773,2026-02-06T00:00:00,63973,100,573.89,0.0,573.89,48207.0,0,6.0,2727.93
371,SHORT,SELL_A,ST_FLIP_GREEN,2026-02-06T06:00:00,64773,2026-02-06T08:00:00,65773,100,-106.11,0.0,-106.11,-8913.0,0,6.0,2717.92
372,LONG,BUY_A,ST_FLIP_RED,2026-02-06T12:00:00,66973,2026-02-07T06:00:00,69773,100,273.89,0.0,273.89,23007.0,0,6.0,2745.91
373,LONG,BUY_A,ST_FLIP_RED,2026-02-08T18:00:00,71573,2026-02-08T22:00:00,70373,100,-126.11,0.0,-126.11,-10593.0,0,6.0,2733.9
374,SHORT,SELL_A,ST_FLIP_GREEN,2026-02-09T08:00:00,69973,2026-02-09T14:00:00,69573,100,33.89,0.0,33.89,2847.0,0,6.0,2737.89
375,LONG,BUY_B,ST_FLIP_RED,2026-02-12T08:00:00,67373,2026-02-12T14:00:00,66973,100,-46.11,0.0,-46.11,-3873.0,0,6.0,2733.87
376,SHORT,SELL_A,ST_FLIP_GREEN,2026-02-12T16:00:00,66773,2026-02-13T08:00:00,66573,100,13.89,0.0,13.89,1167.0,0,6.0,2735.86
377,LONG,BUY_A,ST_FLIP_RED,2026-02-14T10:00:00,69973,2026-02-14T12:00:00,69373,100,-66.11,0.0,-66.11,-5553.0,0,6.0,2729.85
378,SHORT,SELL_A,ST_FLIP_GREEN,2026-02-16T12:00:00,68173,2026-02-16T20:00:00,68773,100,-66.11,0.0,-66.11,-5553.0,0,6.0,2723.84
379,SHORT,SELL_A,ST_FLIP_GREEN,2026-02-18T00:00:00,67173,2026-02-19T06:00:00,67173,100,-6.11,0.0,-6.11,-513.0,1,6.0,2723.83
380,LONG,BUY_A,ST_FLIP_RED,2026-02-25T00:00:00,64773,2026-02-25T22:00:00,67973,100,313.89,0.0,313.89,26367.0,0,6.0,2755.82
381,SHORT,SELL_A,ST_FLIP_GREEN,2026-02-25T22:00:00,67773,2026-02-28T12:00:00,64773,100,293.89,0.0,293.89,24687.0,2,6.0,2785.81
382,SHORT,SELL_A,ST_FLIP_GREEN,2026-03-01T16:00:00,66573,2026-03-02T14:00:00,66773,100,-26.11,0.0,-26.11,-2193.0,0,6.0,2783.8
383,LONG,BUY_A,ST_FLIP_RED,2026-03-02T14:00:00,66773,2026-03-03T04:00:00,68173,100,133.89,0.0,133.89,11247.0,0,6.0,2797.79
384,LONG,BUY_A,ST_FLIP_RED,2026-03-04T04:00:00,68173,2026-03-04T22:00:00,72573,100,433.89,0.0,433.89,36447.0,0,6.0,2841.78
385,SHORT,SELL_A,ST_FLIP_GREEN,2026-03-05T12:00:00,72573,2026-03-09T02:00:00,66973,100,553.89,0.0,553.89,46527.0,3,6.0,2897.76
386,SHORT,SELL_B,ST_FLIP_GREEN,2026-03-12T12:00:00,70173,2026-03-13T00:00:00,70773,100,-66.11,0.0,-66.11,-5553.0,0,6.0,2891.75
387,LONG,BUY_A,ST_FLIP_RED,2026-03-13T00:00:00,70773,2026-03-13T14:00:00,72173,100,133.89,0.0,133.89,11247.0,0,6.0,2905.74
388,LONG,BUY_A,ST_FLIP_RED,2026-03-16T22:00:00,74373,2026-03-17T02:00:00,74573,100,13.89,0.0,13.89,1167.0,0,6.0,2907.73
389,SHORT,SELL_A,ST_FLIP_GREEN,2026-03-17T22:00:00,73773,2026-03-20T00:00:00,70573,100,313.89,0.0,313.89,26367.0,2,6.0,2939.72
390,LONG,BUY_B,ST_FLIP_RED,2026-03-20T20:00:00,70173,2026-03-21T22:00:00,69573,100,-66.11,0.0,-66.11,-5553.0,1,6.0,2933.71
391,SHORT,SELL_A,ST_FLIP_GREEN,2026-03-21T22:00:00,69573,2026-03-23T10:00:00,69173,100,33.89,0.0,33.89,2847.0,1,6.0,2937.7
392,LONG,BUY_A,ST_FLIP_RED,2026-03-23T10:00:00,69173,2026-03-23T14:00:00,70373,100,113.89,0.0,113.89,9567.0,0,6.0,2949.69
393,LONG,BUY_B,ST_FLIP_RED,2026-03-24T06:00:00,70773,2026-03-24T12:00:00,70173,100,-66.11,0.0,-66.11,-5553.0,0,6.0,2943.68
394,SHORT,SELL_A,ST_FLIP_GREEN,2026-03-27T12:00:00,66173,2026-03-28T12:00:00,66773,100,-66.11,0.0,-66.11,-5553.0,1,6.0,2937.67
395,LONG,BUY_A,ST_FLIP_RED,2026-03-29T02:00:00,66573,2026-03-31T08:00:00,66973,100,33.89,0.0,33.89,2847.0,2,6.0,2941.65
396,SHORT,SELL_A,ST_FLIP_GREEN,2026-03-31T08:00:00,66773,2026-03-31T12:00:00,67173,100,-46.11,0.0,-46.11,-3873.0,0,6.0,2937.64
397,LONG,BUY_A,ST_FLIP_RED,2026-03-31T16:00:00,67173,2026-04-02T00:00:00,67773,100,53.89,0.0,53.89,4527.0,1,6.0,2943.63
398,LONG,BUY_A,ST_FLIP_RED,2026-04-05T22:00:00,67573,2026-04-06T22:00:00,68773,100,113.89,0.0,113.89,9567.0,1,6.0,2955.62
399,SHORT,SELL_A,ST_FLIP_GREEN,2026-04-07T10:00:00,68573,2026-04-07T20:00:00,69373,100,-86.11,0.0,-86.11,-7233.0,0,6.0,2947.61
400,LONG,BUY_A,ST_FLIP_RED,2026-04-08T16:00:00,71973,2026-04-09T12:00:00,70773,100,-126.11,0.0,-126.11,-10593.0,0,6.0,2935.6
401,SHORT,SELL_A,ST_FLIP_GREEN,2026-04-09T12:00:00,70773,2026-04-09T14:00:00,71973,100,-126.11,0.0,-126.11,-10593.0,0,6.0,2923.59
402,LONG,BUY_A,ST_FLIP_RED,2026-04-10T14:00:00,72373,2026-04-12T00:00:00,72373,100,-6.11,0.0,-6.11,-513.0,1,6.0,2923.58
403,SHORT,SELL_A,ST_FLIP_GREEN,2026-04-15T02:00:00,74373,2026-04-15T18:00:00,74973,100,-66.11,0.0,-66.11,-5553.0,0,6.0,2917.57
404,LONG,BUY_A,ST_FLIP_RED,2026-04-17T12:00:00,76173,2026-04-18T08:00:00,76573,100,33.89,0.0,33.89,2847.0,0,6.0,2921.56
405,SHORT,SELL_A,ST_FLIP_GREEN,2026-04-18T10:00:00,76173,2026-04-20T06:00:00,74773,100,133.89,0.0,133.89,11247.0,1,6.0,2935.54
406,LONG,BUY_A,ST_FLIP_RED,2026-04-21T10:00:00,76373,2026-04-21T18:00:00,75173,100,-126.11,0.0,-126.11,-10593.0,0,6.0,2923.53
407,LONG,BUY_A,ST_FLIP_RED,2026-04-22T02:00:00,76973,2026-04-22T22:00:00,78173,100,113.89,0.0,113.89,9567.0,0,6.0,2935.52
408,SHORT,SELL_A,ST_FLIP_GREEN,2026-04-23T16:00:00,77773,2026-04-26T22:00:00,78573,100,-86.11,0.0,-86.11,-7233.0,3,6.0,2927.51
409,LONG,BUY_A,ST_FLIP_RED,2026-04-26T22:00:00,78573,2026-04-27T04:00:00,78173,100,-46.11,0.0,-46.11,-3873.0,0,6.0,2923.5
410,SHORT,SELL_A,ST_FLIP_GREEN,2026-04-27T14:00:00,76773,2026-04-29T08:00:00,77373,100,-66.11,0.0,-66.11,-5553.0,1,6.0,2917.49
411,LONG,BUY_A,ST_FLIP_RED,2026-05-03T20:00:00,78773,2026-05-04T10:00:00,79173,100,33.89,0.0,33.89,2847.0,0,6.0,2921.48
412,LONG,BUY_A,ST_FLIP_RED,2026-05-06T10:00:00,81973,2026-05-07T00:00:00,81373,100,-66.11,0.0,-66.11,-5553.0,0,6.0,2915.47
413,SHORT,SELL_A,ST_FLIP_GREEN,2026-05-07T08:00:00,80973,2026-05-09T16:00:00,80573,100,33.89,0.0,33.89,2847.0,2,6.0,2919.46
414,SHORT,SELL_A,ST_FLIP_GREEN,2026-05-11T00:00:00,81373,2026-05-11T16:00:00,81773,100,-46.11,0.0,-46.11,-3873.0,0,6.0,2915.45
415,SHORT,SELL_A,ST_FLIP_GREEN,2026-05-13T12:00:00,80173,2026-05-14T14:00:00,79973,100,13.89,0.0,13.89,1167.0,1,6.0,2917.43
416,LONG,BUY_A,ST_FLIP_RED,2026-05-14T14:00:00,80173,2026-05-15T04:00:00,80573,100,33.89,0.0,33.89,2847.0,0,6.0,2921.42
417,SHORT,SELL_A,ST_FLIP_GREEN,2026-05-15T08:00:00,80573,2026-05-20T18:00:00,77573,100,293.89,0.0,293.89,24687.0,5,6.0,2951.41
418,LONG,BUY_A,ST_FLIP_RED,2026-05-21T00:00:00,77773,2026-05-22T14:00:00,76773,100,-106.11,0.0,-106.11,-8913.0,1,6.0,2941.4
419,SHORT,SELL_A,ST_FLIP_GREEN,2026-05-26T14:00:00,76573,2026-05-29T14:00:00,73973,100,253.89,0.0,253.89,21327.0,3,6.0,2967.39
420,LONG,BUY_A,ST_FLIP_RED,2026-05-29T14:00:00,73973,2026-06-01T10:00:00,72773,100,-126.11,0.0,-126.11,-10593.0,2,6.0,2955.38
421,SHORT,SELL_A,ST_FLIP_GREEN,2026-06-01T10:00:00,72773,2026-06-03T04:00:00,66973,100,573.89,0.0,573.89,48207.0,1,6.0,3013.37
422,LONG,BUY_A,ST_FLIP_RED,2026-06-04T02:00:00,63573,2026-06-04T08:00:00,63373,100,-26.11,0.0,-26.11,-2193.0,0,6.0,3011.36
423,LONG,BUY_A,ST_FLIP_RED,2026-06-04T12:00:00,63573,2026-06-04T20:00:00,63373,100,-26.11,0.0,-26.11,-2193.0,0,6.0,3009.35
424,SHORT,SELL_A,ST_FLIP_GREEN,2026-06-05T00:00:00,63373,2026-06-05T20:00:00,61373,100,193.89,0.0,193.89,16287.0,0,6.0,3029.34
425,LONG,BUY_A,ST_FLIP_RED,2026-06-05T20:00:00,61773,2026-06-06T02:00:00,60773,100,-106.11,0.0,-106.11,-8913.0,0,6.0,3019.32
426,SHORT,SELL_A,ST_FLIP_GREEN,2026-06-07T18:00:00,61773,2026-06-07T22:00:00,62373,100,-66.11,0.0,-66.11,-5553.0,0,6.0,3013.31
427,LONG,BUY_A,ST_FLIP_RED,2026-06-13T14:00:00,64173,2026-06-16T02:00:00,66173,100,193.89,0.0,193.89,16287.0,2,6.0,3033.3
428,SHORT,SELL_A,ST_FLIP_GREEN,2026-06-17T08:00:00,64973,2026-06-17T16:00:00,65973,100,-106.11,0.0,-106.11,-8913.0,0,6.0,3023.29
429,SHORT,SELL_A,ST_FLIP_GREEN,2026-06-18T14:00:00,63373,2026-06-19T22:00:00,63373,100,-6.11,0.0,-6.11,-513.0,1,6.0,3023.28
