trade_number,entry_type,exit_type,entry_datetime,exit_datetime,direction,entry_price,exit_price,size_qty,actual_quantity,size_value,lot_notional_usd,gross_pnl,net_pnl,net_pnl_inr,net_pnl_pct,favorable_excursion,favorable_excursion_pct,adverse_excursion,adverse_excursion_pct,cumulative_pnl,cumulative_pnl_inr,cumulative_pnl_pct,margin_required,taker_fees_usd,slippage_usd,funding_usd,insurance_usd,tax_usd,total_charges_usd,stop_loss,options_pnl,future_net_pnl
1,BUY_A,ST_FLIP_RED,2024-02-07T18:00:00,2024-02-13T14:00:00,long,43543,49143,100,0.1,4354.3,100.0,560,559.99,47039.16,55.999,5600,12.86,0,0.0,559.99,47039.16,55.999,435.43,0,0,0.01,0,0.0,0.01,43143,0.0,559.99
2,BUY_A,ST_FLIP_RED,2024-02-14T08:00:00,2024-02-15T20:00:00,long,50343,51343,100,0.1,5034.3,100.0,100,99.99,8399.16,9.999,1000,1.99,0,0.0,659.98,55438.32,65.998,503.43,0,0,0.01,0,0.0,0.01,49943,0.0,99.99
3,SELL_B,ST_FLIP_GREEN,2024-02-18T12:00:00,2024-02-18T22:00:00,short,51743,52343,100,0.1,5174.3,100.0,-60,-60.01,-5040.84,-6.001,0,0.0,600,1.16,599.97,50397.48,59.997,517.43,0,0,0.01,0,0.0,0.01,52143,0.0,-60.01
4,SELL_B,ST_FLIP_GREEN,2024-02-22T12:00:00,2024-02-26T14:00:00,short,51543,51943,100,0.1,5154.3,100.0,-40,-40.01,-3360.84,-4.001,0,0.0,400,0.78,559.96,47036.64,55.996,515.43,0,0,0.01,0,0.0,0.01,51943,0.0,-40.01
5,BUY_A,ST_FLIP_RED,2024-02-26T14:00:00,2024-02-29T00:00:00,long,51943,61543,100,0.1,5194.3,100.0,960,959.99,80639.16,95.999,9600,18.48,0,0.0,1519.95,127675.8,151.995,519.43,0,0,0.01,0,0.0,0.01,51543,0.0,959.99
6,SELL_A,ST_FLIP_GREEN,2024-02-29T16:00:00,2024-03-01T08:00:00,short,61943,61943,100,0.1,6194.3,100.0,0,-0.01,-0.84,-0.001,0,0.0,0,0.0,1519.94,127674.96,151.994,619.43,0,0,0.01,0,0.0,0.01,62343,0.0,-0.01
7,BUY_A,ST_FLIP_RED,2024-03-02T18:00:00,2024-03-05T04:00:00,long,62343,67543,100,0.1,6234.3,100.0,520,519.99,43679.16,51.999,5200,8.34,0,0.0,2039.93,171354.12,203.993,623.43,0,0,0.01,0,0.0,0.01,61943,0.0,519.99
8,BUY_A,ST_FLIP_RED,2024-03-06T04:00:00,2024-03-06T20:00:00,long,63343,66543,100,0.1,6334.3,100.0,320,319.99,26879.16,31.999,3200,5.05,0,0.0,2359.92,198233.28,235.992,633.43,0,0,0.01,0,0.0,0.01,62943,0.0,319.99
9,BUY_B,ST_FLIP_RED,2024-03-08T06:00:00,2024-03-11T00:00:00,long,67143,68743,100,0.1,6714.3,100.0,160,159.99,13439.16,15.999,1600,2.38,0,0.0,2519.91,211672.44,251.991,671.43,0,0,0.01,0,0.0,0.01,66743,0.0,159.99
10,BUY_A,ST_FLIP_RED,2024-03-11T14:00:00,2024-03-12T02:00:00,long,71943,71543,100,0.1,7194.3,100.0,-40,-40.01,-3360.84,-4.001,0,0.0,400,0.56,2479.9,208311.6,247.99,719.43,0,0,0.01,0,0.0,0.01,71543,0.0,-40.01
11,SELL_A,ST_FLIP_GREEN,2024-03-14T12:00:00,2024-03-14T20:00:00,short,72343,70543,100,0.1,7234.3,100.0,180,179.99,15119.16,17.999,1800,2.49,0,0.0,2659.89,223430.76,265.989,723.43,0,0,0.01,0,0.0,0.01,72743,0.0,179.99
12,BUY_A,ST_FLIP_RED,2024-03-15T12:00:00,2024-03-16T10:00:00,long,68143,68543,100,0.1,6814.3,100.0,40,39.99,3359.16,3.999,400,0.59,0,0.0,2699.88,226789.92,269.988,681.43,0,0,0.01,0,0.0,0.01,67743,0.0,39.99
13,SELL_A,ST_FLIP_GREEN,2024-03-16T22:00:00,2024-03-17T00:00:00,short,65743,66343,100,0.1,6574.3,100.0,-60,-60.01,-5040.84,-6.001,0,0.0,600,0.91,2639.87,221749.08,263.987,657.43,0,0,0.01,0,0.0,0.01,66143,0.0,-60.01
14,SELL_A,ST_FLIP_GREEN,2024-03-19T00:00:00,2024-03-19T16:00:00,short,66343,64143,100,0.1,6634.3,100.0,220,219.99,18479.16,21.999,2200,3.32,0,0.0,2859.86,240228.24,285.986,663.43,0,0,0.01,0,0.0,0.01,66743,0.0,219.99
15,BUY_A,ST_FLIP_RED,2024-03-20T06:00:00,2024-03-21T02:00:00,long,62943,66743,100,0.1,6294.3,100.0,380,379.99,31919.16,37.999,3800,6.04,0,0.0,3239.85,272147.4,323.985,629.43,0,0,0.01,0,0.0,0.01,62543,0.0,379.99
16,SELL_A,ST_FLIP_GREEN,2024-03-21T12:00:00,2024-03-22T04:00:00,short,66743,66343,100,0.1,6674.3,100.0,40,39.99,3359.16,3.999,400,0.6,0,0.0,3279.84,275506.56,327.984,667.43,0,0,0.01,0,0.0,0.01,67143,0.0,39.99
17,BUY_A,ST_FLIP_RED,2024-03-22T04:00:00,2024-03-22T10:00:00,long,66343,65143,100,0.1,6634.3,100.0,-120,-120.01,-10080.84,-12.001,0,0.0,1200,1.81,3159.83,265425.72,315.983,663.43,0,0,0.01,0,0.0,0.01,65943,0.0,-120.01
18,BUY_A,ST_FLIP_RED,2024-03-25T14:00:00,2024-03-25T20:00:00,long,68343,69943,100,0.1,6834.3,100.0,160,159.99,13439.16,15.999,1600,2.34,0,0.0,3319.82,278864.88,331.982,683.43,0,0,0.01,0,0.0,0.01,67943,0.0,159.99
19,SELL_B,ST_FLIP_GREEN,2024-03-27T12:00:00,2024-03-28T06:00:00,short,69943,69743,100,0.1,6994.3,100.0,20,19.99,1679.16,1.999,200,0.29,0,0.0,3339.81,280544.04,333.981,699.43,0,0,0.01,0,0.0,0.01,70343,0.0,19.99
20,BUY_A,ST_FLIP_RED,2024-03-28T08:00:00,2024-03-29T06:00:00,long,70543,70143,100,0.1,7054.3,100.0,-40,-40.01,-3360.84,-4.001,0,0.0,400,0.57,3299.8,277183.2,329.98,705.43,0,0,0.01,0,0.0,0.01,70143,0.0,-40.01
21,SELL_A,ST_FLIP_GREEN,2024-03-29T14:00:00,2024-03-30T10:00:00,short,70143,70143,100,0.1,7014.3,100.0,0,-0.01,-0.84,-0.001,0,0.0,0,0.0,3299.79,277182.36,329.979,701.43,0,0,0.01,0,0.0,0.01,70543,0.0,-0.01
22,BUY_A,ST_FLIP_RED,2024-03-31T00:00:00,2024-04-01T04:00:00,long,70143,70143,100,0.1,7014.3,100.0,0,-0.01,-0.84,-0.001,0,0.0,0,0.0,3299.78,277181.52,329.978,701.43,0,0,0.01,0,0.0,0.01,69743,0.0,-0.01
23,SELL_A,ST_FLIP_GREEN,2024-04-01T04:00:00,2024-04-01T18:00:00,short,70143,69143,100,0.1,7014.3,100.0,100,99.99,8399.16,9.999,1000,1.43,0,0.0,3399.77,285580.68,339.977,701.43,0,0,0.01,0,0.0,0.01,70543,0.0,99.99
24,BUY_A,ST_FLIP_RED,2024-04-04T00:00:00,2024-04-04T20:00:00,long,66143,67743,100,0.1,6614.3,100.0,160,159.99,13439.16,15.999,1600,2.42,0,0.0,3559.76,299019.84,355.976,661.43,0,0,0.01,0,0.0,0.01,65743,0.0,159.99
25,SELL_A,ST_FLIP_GREEN,2024-04-05T02:00:00,2024-04-05T12:00:00,short,68143,67543,100,0.1,6814.3,100.0,60,59.99,5039.16,5.999,600,0.88,0,0.0,3619.75,304059.0,361.975,681.43,0,0,0.01,0,0.0,0.01,68543,0.0,59.99
26,BUY_A,ST_FLIP_RED,2024-04-05T14:00:00,2024-04-09T00:00:00,long,68143,71343,100,0.1,6814.3,100.0,320,319.99,26879.16,31.999,3200,4.7,0,0.0,3939.74,330938.16,393.974,681.43,0,0,0.01,0,0.0,0.01,67743,0.0,319.99
27,SELL_A,ST_FLIP_GREEN,2024-04-09T04:00:00,2024-04-10T16:00:00,short,71143,69543,100,0.1,7114.3,100.0,160,159.99,13439.16,15.999,1600,2.25,0,0.0,4099.73,344377.32,409.973,711.43,0,0,0.01,0,0.0,0.01,71543,0.0,159.99
28,BUY_A,ST_FLIP_RED,2024-04-12T02:00:00,2024-04-12T12:00:00,long,70543,69943,100,0.1,7054.3,100.0,-60,-60.01,-5040.84,-6.001,0,0.0,600,0.85,4039.72,339336.48,403.972,705.43,0,0,0.01,0,0.0,0.01,70143,0.0,-60.01
29,SELL_A,ST_FLIP_GREEN,2024-04-12T14:00:00,2024-04-13T02:00:00,short,69743,66943,100,0.1,6974.3,100.0,280,279.99,23519.16,27.999,2800,4.01,0,0.0,4319.71,362855.64,431.971,697.43,0,0,0.01,0,0.0,0.01,70143,0.0,279.99
30,BUY_A,ST_FLIP_RED,2024-04-14T04:00:00,2024-04-15T14:00:00,long,63743,65543,100,0.1,6374.3,100.0,180,179.99,15119.16,17.999,1800,2.82,0,0.0,4499.7,377974.8,449.97,637.43,0,0,0.01,0,0.0,0.01,63343,0.0,179.99
31,SELL_A,ST_FLIP_GREEN,2024-04-20T08:00:00,2024-04-20T14:00:00,short,63943,64743,100,0.1,6394.3,100.0,-80,-80.01,-6720.84,-8.001,0,0.0,800,1.25,4419.69,371253.96,441.969,639.43,0,0,0.01,0,0.0,0.01,64343,0.0,-80.01
32,BUY_A,ST_FLIP_RED,2024-04-22T02:00:00,2024-04-24T14:00:00,long,65343,65543,100,0.1,6534.3,100.0,20,19.99,1679.16,1.999,200,0.31,0,0.0,4439.68,372933.12,443.968,653.43,0,0,0.01,0,0.0,0.01,64943,0.0,19.99
33,SELL_A,ST_FLIP_GREEN,2024-04-27T00:00:00,2024-04-28T00:00:00,short,63343,63543,100,0.1,6334.3,100.0,-20,-20.01,-1680.84,-2.001,0,0.0,200,0.32,4419.67,371252.28,441.967,633.43,0,0,0.01,0,0.0,0.01,63743,0.0,-20.01
34,BUY_A,ST_FLIP_RED,2024-04-28T12:00:00,2024-04-28T22:00:00,long,63943,62943,100,0.1,6394.3,100.0,-100,-100.01,-8400.84,-10.001,0,0.0,1000,1.56,4319.66,362851.44,431.966,639.43,0,0,0.01,0,0.0,0.01,63543,0.0,-100.01
35,SELL_A,ST_FLIP_GREEN,2024-05-01T08:00:00,2024-05-01T22:00:00,short,57143,58143,100,0.1,5714.3,100.0,-100,-100.01,-8400.84,-10.001,0,0.0,1000,1.75,4219.65,354450.6,421.965,571.43,0,0,0.01,0,0.0,0.01,57543,0.0,-100.01
36,BUY_A,ST_FLIP_RED,2024-05-03T12:00:00,2024-05-06T12:00:00,long,59743,63943,100,0.1,5974.3,100.0,420,419.99,35279.16,41.999,4200,7.03,0,0.0,4639.64,389729.76,463.964,597.43,0,0,0.01,0,0.0,0.01,59343,0.0,419.99
37,SELL_A,ST_FLIP_GREEN,2024-05-06T16:00:00,2024-05-09T14:00:00,short,63543,62143,100,0.1,6354.3,100.0,140,139.99,11759.16,13.999,1400,2.2,0,0.0,4779.63,401488.92,477.963,635.43,0,0,0.01,0,0.0,0.01,63943,0.0,139.99
38,BUY_A,ST_FLIP_RED,2024-05-13T06:00:00,2024-05-14T06:00:00,long,62343,62143,100,0.1,6234.3,100.0,-20,-20.01,-1680.84,-2.001,0,0.0,200,0.32,4759.62,399808.08,475.962,623.43,0,0,0.01,0,0.0,0.01,61943,0.0,-20.01
39,BUY_A,ST_FLIP_RED,2024-05-20T16:00:00,2024-05-21T14:00:00,long,67943,70343,100,0.1,6794.3,100.0,240,239.99,20159.16,23.999,2400,3.53,0,0.0,4999.61,419967.24,499.961,679.43,0,0,0.01,0,0.0,0.01,67543,0.0,239.99
40,SELL_A,ST_FLIP_GREEN,2024-05-23T12:00:00,2024-05-24T14:00:00,short,69143,68343,100,0.1,6914.3,100.0,80,79.99,6719.16,7.999,800,1.16,0,0.0,5079.6,426686.4,507.96,691.43,0,0,0.01,0,0.0,0.01,69543,0.0,79.99
41,BUY_A,ST_FLIP_RED,2024-05-27T14:00:00,2024-05-27T18:00:00,long,69143,69543,100,0.1,6914.3,100.0,40,39.99,3359.16,3.999,400,0.58,0,0.0,5119.59,430045.56,511.959,691.43,0,0,0.01,0,0.0,0.01,68743,0.0,39.99
42,SELL_A,ST_FLIP_GREEN,2024-05-28T00:00:00,2024-05-29T02:00:00,short,69143,68743,100,0.1,6914.3,100.0,40,39.99,3359.16,3.999,400,0.58,0,0.0,5159.58,433404.72,515.958,691.43,0,0,0.01,0,0.0,0.01,69543,0.0,39.99
43,SELL_A,ST_FLIP_GREEN,2024-05-29T14:00:00,2024-05-30T12:00:00,short,67543,68343,100,0.1,6754.3,100.0,-80,-80.01,-6720.84,-8.001,0,0.0,800,1.18,5079.57,426683.88,507.957,675.43,0,0,0.01,0,0.0,0.01,67943,0.0,-80.01
44,SELL_A,ST_FLIP_GREEN,2024-05-31T14:00:00,2024-06-03T00:00:00,short,67943,68343,100,0.1,6794.3,100.0,-40,-40.01,-3360.84,-4.001,0,0.0,400,0.59,5039.56,423323.04,503.956,679.43,0,0,0.01,0,0.0,0.01,68343,0.0,-40.01
45,BUY_A,ST_FLIP_RED,2024-06-04T14:00:00,2024-06-06T18:00:00,long,70143,70543,100,0.1,7014.3,100.0,40,39.99,3359.16,3.999,400,0.57,0,0.0,5079.55,426682.2,507.955,701.43,0,0,0.01,0,0.0,0.01,69743,0.0,39.99
46,SELL_A,ST_FLIP_GREEN,2024-06-07T16:00:00,2024-06-11T18:00:00,short,70343,67343,100,0.1,7034.3,100.0,300,299.99,25199.16,29.999,3000,4.26,0,0.0,5379.54,451881.36,537.954,703.43,0,0,0.01,0,0.0,0.01,70743,0.0,299.99
47,BUY_A,ST_FLIP_RED,2024-06-12T08:00:00,2024-06-12T18:00:00,long,67743,68743,100,0.1,6774.3,100.0,100,99.99,8399.16,9.999,1000,1.48,0,0.0,5479.53,460280.52,547.953,677.43,0,0,0.01,0,0.0,0.01,67343,0.0,99.99
48,SELL_A,ST_FLIP_GREEN,2024-06-14T16:00:00,2024-06-16T12:00:00,short,65943,66543,100,0.1,6594.3,100.0,-60,-60.01,-5040.84,-6.001,0,0.0,600,0.91,5419.52,455239.68,541.952,659.43,0,0,0.01,0,0.0,0.01,66343,0.0,-60.01
49,BUY_A,ST_FLIP_RED,2024-06-17T16:00:00,2024-06-18T00:00:00,long,66543,65743,100,0.1,6654.3,100.0,-80,-80.01,-6720.84,-8.001,0,0.0,800,1.2,5339.51,448518.84,533.951,665.43,0,0,0.01,0,0.0,0.01,66143,0.0,-80.01
50,SELL_A,ST_FLIP_GREEN,2024-06-18T12:00:00,2024-06-20T06:00:00,short,64943,65743,100,0.1,6494.3,100.0,-80,-80.01,-6720.84,-8.001,0,0.0,800,1.23,5259.5,441798.0,525.95,649.43,0,0,0.01,0,0.0,0.01,65343,0.0,-80.01
51,SELL_A,ST_FLIP_GREEN,2024-06-20T14:00:00,2024-06-25T02:00:00,short,64943,60543,100,0.1,6494.3,100.0,440,439.99,36959.16,43.999,4400,6.78,0,0.0,5699.49,478757.16,569.949,649.43,0,0,0.01,0,0.0,0.01,65343,0.0,439.99
52,BUY_A,ST_FLIP_RED,2024-06-25T02:00:00,2024-06-26T22:00:00,long,60743,60943,100,0.1,6074.3,100.0,20,19.99,1679.16,1.999,200,0.33,0,0.0,5719.48,480436.32,571.948,607.43,0,0,0.01,0,0.0,0.01,60343,0.0,19.99
53,BUY_A,ST_FLIP_RED,2024-06-27T12:00:00,2024-06-28T16:00:00,long,62143,60943,100,0.1,6214.3,100.0,-120,-120.01,-10080.84,-12.001,0,0.0,1200,1.93,5599.47,470355.48,559.947,621.43,0,0,0.01,0,0.0,0.01,61743,0.0,-120.01
54,BUY_A,ST_FLIP_RED,2024-06-30T22:00:00,2024-07-02T14:00:00,long,62343,62543,100,0.1,6234.3,100.0,20,19.99,1679.16,1.999,200,0.32,0,0.0,5619.46,472034.64,561.946,623.43,0,0,0.01,0,0.0,0.01,61943,0.0,19.99
55,SELL_A,ST_FLIP_GREEN,2024-07-05T02:00:00,2024-07-05T10:00:00,short,55943,55543,100,0.1,5594.3,100.0,40,39.99,3359.16,3.999,400,0.72,0,0.0,5659.45,475393.8,565.945,559.43,0,0,0.01,0,0.0,0.01,56343,0.0,39.99
56,BUY_A,ST_FLIP_RED,2024-07-05T14:00:00,2024-07-07T12:00:00,long,56343,57143,100,0.1,5634.3,100.0,80,79.99,6719.16,7.999,800,1.42,0,0.0,5739.44,482112.96,573.944,563.43,0,0,0.01,0,0.0,0.01,55943,0.0,79.99
57,BUY_A,ST_FLIP_RED,2024-07-09T02:00:00,2024-07-10T12:00:00,long,57143,57943,100,0.1,5714.3,100.0,80,79.99,6719.16,7.999,800,1.4,0,0.0,5819.43,488832.12,581.943,571.43,0,0,0.01,0,0.0,0.01,56743,0.0,79.99
58,SELL_A,ST_FLIP_GREEN,2024-07-11T02:00:00,2024-07-11T10:00:00,short,57743,58543,100,0.1,5774.3,100.0,-80,-80.01,-6720.84,-8.001,0,0.0,800,1.39,5739.42,482111.28,573.942,577.43,0,0,0.01,0,0.0,0.01,58143,0.0,-80.01
59,SELL_A,ST_FLIP_GREEN,2024-07-11T14:00:00,2024-07-12T14:00:00,short,57343,58143,100,0.1,5734.3,100.0,-80,-80.01,-6720.84,-8.001,0,0.0,800,1.4,5659.41,475390.44,565.941,573.43,0,0,0.01,0,0.0,0.01,57743,0.0,-80.01
60,BUY_A,ST_FLIP_RED,2024-07-13T08:00:00,2024-07-16T04:00:00,long,58343,63743,100,0.1,5834.3,100.0,540,539.99,45359.16,53.999,5400,9.26,0,0.0,6199.4,520749.6,619.94,583.43,0,0,0.01,0,0.0,0.01,57943,0.0,539.99
61,SELL_A,ST_FLIP_GREEN,2024-07-16T04:00:00,2024-07-16T10:00:00,short,63543,63943,100,0.1,6354.3,100.0,-40,-40.01,-3360.84,-4.001,0,0.0,400,0.63,6159.39,517388.76,615.939,635.43,0,0,0.01,0,0.0,0.01,63943,0.0,-40.01
62,BUY_B,ST_FLIP_RED,2024-07-16T14:00:00,2024-07-17T16:00:00,long,63743,64343,100,0.1,6374.3,100.0,60,59.99,5039.16,5.999,600,0.94,0,0.0,6219.38,522427.92,621.938,637.43,0,0,0.01,0,0.0,0.01,63343,0.0,59.99
63,SELL_A,ST_FLIP_GREEN,2024-07-18T14:00:00,2024-07-19T12:00:00,short,63543,64543,100,0.1,6354.3,100.0,-100,-100.01,-8400.84,-10.001,0,0.0,1000,1.57,6119.37,514027.08,611.937,635.43,0,0,0.01,0,0.0,0.01,63943,0.0,-100.01
64,BUY_B,ST_FLIP_RED,2024-07-21T18:00:00,2024-07-22T12:00:00,long,66943,67143,100,0.1,6694.3,100.0,20,19.99,1679.16,1.999,200,0.3,0,0.0,6139.36,515706.24,613.936,669.43,0,0,0.01,0,0.0,0.01,66543,0.0,19.99
65,SELL_A,ST_FLIP_GREEN,2024-07-23T18:00:00,2024-07-25T20:00:00,short,65543,65143,100,0.1,6554.3,100.0,40,39.99,3359.16,3.999,400,0.61,0,0.0,6179.35,519065.4,617.935,655.43,0,0,0.01,0,0.0,0.01,65943,0.0,39.99
66,BUY_A,ST_FLIP_RED,2024-07-27T12:00:00,2024-07-27T22:00:00,long,68943,68143,100,0.1,6894.3,100.0,-80,-80.01,-6720.84,-8.001,0,0.0,800,1.16,6099.34,512344.56,609.934,689.43,0,0,0.01,0,0.0,0.01,68543,0.0,-80.01
67,SELL_A,ST_FLIP_GREEN,2024-07-29T16:00:00,2024-08-01T20:00:00,short,67343,63743,100,0.1,6734.3,100.0,360,359.99,30239.16,35.999,3600,5.35,0,0.0,6459.33,542583.72,645.933,673.43,0,0,0.01,0,0.0,0.01,67743,0.0,359.99
68,SELL_A,ST_FLIP_GREEN,2024-08-04T14:00:00,2024-08-04T18:00:00,short,60143,58943,100,0.1,6014.3,100.0,120,119.99,10079.16,11.999,1200,2.0,0,0.0,6579.32,552662.88,657.932,601.43,0,0,0.01,0,0.0,0.01,60543,0.0,119.99
69,BUY_A,ST_FLIP_RED,2024-08-06T00:00:00,2024-08-07T14:00:00,long,54743,56343,100,0.1,5474.3,100.0,160,159.99,13439.16,15.999,1600,2.92,0,0.0,6739.31,566102.04,673.931,547.43,0,0,0.01,0,0.0,0.01,54343,0.0,159.99
70,BUY_A,ST_FLIP_RED,2024-08-12T10:00:00,2024-08-12T12:00:00,long,59943,58943,100,0.1,5994.3,100.0,-100,-100.01,-8400.84,-10.001,0,0.0,1000,1.67,6639.3,557701.2,663.93,599.43,0,0,0.01,0,0.0,0.01,59543,0.0,-100.01
71,BUY_A,ST_FLIP_RED,2024-08-12T14:00:00,2024-08-12T16:00:00,long,59343,59343,100,0.1,5934.3,100.0,0,-0.01,-0.84,-0.001,0,0.0,0,0.0,6639.29,557700.36,663.929,593.43,0,0,0.01,0,0.0,0.01,58943,0.0,-0.01
72,SELL_A,ST_FLIP_GREEN,2024-08-13T02:00:00,2024-08-13T16:00:00,short,59143,60143,100,0.1,5914.3,100.0,-100,-100.01,-8400.84,-10.001,0,0.0,1000,1.69,6539.28,549299.52,653.928,591.43,0,0,0.01,0,0.0,0.01,59543,0.0,-100.01
73,BUY_A,ST_FLIP_RED,2024-08-16T06:00:00,2024-08-18T22:00:00,long,58343,58743,100,0.1,5834.3,100.0,40,39.99,3359.16,3.999,400,0.69,0,0.0,6579.27,552658.68,657.927,583.43,0,0,0.01,0,0.0,0.01,57943,0.0,39.99
74,SELL_A,ST_FLIP_GREEN,2024-08-22T14:00:00,2024-08-23T16:00:00,short,60743,61543,100,0.1,6074.3,100.0,-80,-80.01,-6720.84,-8.001,0,0.0,800,1.32,6499.26,545937.84,649.926,607.43,0,0,0.01,0,0.0,0.01,61143,0.0,-80.01
75,SELL_A,ST_FLIP_GREEN,2024-08-26T20:00:00,2024-08-28T08:00:00,short,63143,59743,100,0.1,6314.3,100.0,340,339.99,28559.16,33.999,3400,5.38,0,0.0,6839.25,574497.0,683.925,631.43,0,0,0.01,0,0.0,0.01,63543,0.0,339.99
76,SELL_A,ST_FLIP_GREEN,2024-08-30T14:00:00,2024-08-30T20:00:00,short,58943,58943,100,0.1,5894.3,100.0,0,-0.01,-0.84,-0.001,0,0.0,0,0.0,6839.24,574496.16,683.924,589.43,0,0,0.01,0,0.0,0.01,59343,0.0,-0.01
77,BUY_A,ST_FLIP_RED,2024-08-30T20:00:00,2024-09-01T04:00:00,long,58943,58143,100,0.1,5894.3,100.0,-80,-80.01,-6720.84,-8.001,0,0.0,800,1.36,6759.23,567775.32,675.923,589.43,0,0,0.01,0,0.0,0.01,58543,0.0,-80.01
78,BUY_A,ST_FLIP_RED,2024-09-02T20:00:00,2024-09-03T14:00:00,long,58743,58343,100,0.1,5874.3,100.0,-40,-40.01,-3360.84,-4.001,0,0.0,400,0.68,6719.22,564414.48,671.922,587.43,0,0,0.01,0,0.0,0.01,58343,0.0,-40.01
79,SELL_A,ST_FLIP_GREEN,2024-09-05T18:00:00,2024-09-07T14:00:00,short,55943,54743,100,0.1,5594.3,100.0,120,119.99,10079.16,11.999,1200,2.15,0,0.0,6839.21,574493.64,683.921,559.43,0,0,0.01,0,0.0,0.01,56343,0.0,119.99
80,BUY_A,ST_FLIP_RED,2024-09-07T18:00:00,2024-09-07T20:00:00,long,54343,53743,100,0.1,5434.3,100.0,-60,-60.01,-5040.84,-6.001,0,0.0,600,1.1,6779.2,569452.8,677.92,543.43,0,0,0.01,0,0.0,0.01,53943,0.0,-60.01
81,BUY_A,ST_FLIP_RED,2024-09-08T22:00:00,2024-09-11T00:00:00,long,54743,56743,100,0.1,5474.3,100.0,200,199.99,16799.16,19.999,2000,3.65,0,0.0,6979.19,586251.96,697.919,547.43,0,0,0.01,0,0.0,0.01,54343,0.0,199.99
82,SELL_A,ST_FLIP_GREEN,2024-09-11T04:00:00,2024-09-11T16:00:00,short,56343,56943,100,0.1,5634.3,100.0,-60,-60.01,-5040.84,-6.001,0,0.0,600,1.06,6919.18,581211.12,691.918,563.43,0,0,0.01,0,0.0,0.01,56743,0.0,-60.01
83,BUY_A,ST_FLIP_RED,2024-09-13T14:00:00,2024-09-15T22:00:00,long,59343,59343,100,0.1,5934.3,100.0,0,-0.01,-0.84,-0.001,0,0.0,0,0.0,6919.17,581210.28,691.917,593.43,0,0,0.01,0,0.0,0.01,58943,0.0,-0.01
84,BUY_A,ST_FLIP_RED,2024-09-17T14:00:00,2024-09-17T18:00:00,long,60543,59943,100,0.1,6054.3,100.0,-60,-60.01,-5040.84,-6.001,0,0.0,600,0.99,6859.16,576169.44,685.916,605.43,0,0,0.01,0,0.0,0.01,60143,0.0,-60.01
85,SELL_A,ST_FLIP_GREEN,2024-09-18T08:00:00,2024-09-18T22:00:00,short,60143,60743,100,0.1,6014.3,100.0,-60,-60.01,-5040.84,-6.001,0,0.0,600,1.0,6799.15,571128.6,679.915,601.43,0,0,0.01,0,0.0,0.01,60543,0.0,-60.01
86,BUY_A,ST_FLIP_RED,2024-09-21T12:00:00,2024-09-24T00:00:00,long,63343,63143,100,0.1,6334.3,100.0,-20,-20.01,-1680.84,-2.001,0,0.0,200,0.32,6779.14,569447.76,677.914,633.43,0,0,0.01,0,0.0,0.01,62943,0.0,-20.01
87,BUY_A,ST_FLIP_RED,2024-09-27T14:00:00,2024-09-30T00:00:00,long,65743,64943,100,0.1,6574.3,100.0,-80,-80.01,-6720.84,-8.001,0,0.0,800,1.22,6699.13,562726.92,669.913,657.43,0,0,0.01,0,0.0,0.01,65343,0.0,-80.01
88,SELL_A,ST_FLIP_GREEN,2024-10-01T20:00:00,2024-10-03T02:00:00,short,61543,61143,100,0.1,6154.3,100.0,40,39.99,3359.16,3.999,400,0.65,0,0.0,6739.12,566086.08,673.912,615.43,0,0,0.01,0,0.0,0.01,61943,0.0,39.99
89,BUY_A,ST_FLIP_RED,2024-10-04T06:00:00,2024-10-07T22:00:00,long,61343,62743,100,0.1,6134.3,100.0,140,139.99,11759.16,13.999,1400,2.28,0,0.0,6879.11,577845.24,687.911,613.43,0,0,0.01,0,0.0,0.01,60943,0.0,139.99
90,SELL_A,ST_FLIP_GREEN,2024-10-09T12:00:00,2024-10-11T08:00:00,short,61943,60743,100,0.1,6194.3,100.0,120,119.99,10079.16,11.999,1200,1.94,0,0.0,6999.1,587924.4,699.91,619.43,0,0,0.01,0,0.0,0.01,62343,0.0,119.99
91,BUY_A,ST_FLIP_RED,2024-10-14T02:00:00,2024-10-15T14:00:00,long,63543,66743,100,0.1,6354.3,100.0,320,319.99,26879.16,31.999,3200,5.04,0,0.0,7319.09,614803.56,731.909,635.43,0,0,0.01,0,0.0,0.01,63143,0.0,319.99
92,BUY_A,ST_FLIP_RED,2024-10-15T22:00:00,2024-10-17T10:00:00,long,66943,66943,100,0.1,6694.3,100.0,0,-0.01,-0.84,-0.001,0,0.0,0,0.0,7319.08,614802.72,731.908,669.43,0,0,0.01,0,0.0,0.01,66543,0.0,-0.01
93,SELL_A,ST_FLIP_GREEN,2024-10-17T10:00:00,2024-10-18T12:00:00,short,66943,68143,100,0.1,6694.3,100.0,-120,-120.01,-10080.84,-12.001,0,0.0,1200,1.79,7199.07,604721.88,719.907,669.43,0,0,0.01,0,0.0,0.01,67343,0.0,-120.01
94,BUY_A,ST_FLIP_RED,2024-10-21T00:00:00,2024-10-21T12:00:00,long,69143,67943,100,0.1,6914.3,100.0,-120,-120.01,-10080.84,-12.001,0,0.0,1200,1.74,7079.06,594641.04,707.906,691.43,0,0,0.01,0,0.0,0.01,68743,0.0,-120.01
95,BUY_A,ST_FLIP_RED,2024-10-24T10:00:00,2024-10-25T16:00:00,long,67143,67343,100,0.1,6714.3,100.0,20,19.99,1679.16,1.999,200,0.3,0,0.0,7099.05,596320.2,709.905,671.43,0,0,0.01,0,0.0,0.01,66743,0.0,19.99
96,BUY_A,ST_FLIP_RED,2024-10-27T22:00:00,2024-10-31T12:00:00,long,67943,71743,100,0.1,6794.3,100.0,380,379.99,31919.16,37.999,3800,5.59,0,0.0,7479.04,628239.36,747.904,679.43,0,0,0.01,0,0.0,0.01,67543,0.0,379.99
97,SELL_A,ST_FLIP_GREEN,2024-10-31T12:00:00,2024-11-01T12:00:00,short,71543,70343,100,0.1,7154.3,100.0,120,119.99,10079.16,11.999,1200,1.68,0,0.0,7599.03,638318.52,759.903,715.43,0,0,0.01,0,0.0,0.01,71943,0.0,119.99
98,SELL_A,ST_FLIP_GREEN,2024-11-03T00:00:00,2024-11-05T02:00:00,short,69143,68143,100,0.1,6914.3,100.0,100,99.99,8399.16,9.999,1000,1.45,0,0.0,7699.02,646717.68,769.902,691.43,0,0,0.01,0,0.0,0.01,69543,0.0,99.99
99,BUY_A,ST_FLIP_RED,2024-11-05T02:00:00,2024-11-06T06:00:00,long,68143,73743,100,0.1,6814.3,100.0,560,559.99,47039.16,55.999,5600,8.22,0,0.0,8259.01,693756.84,825.901,681.43,0,0,0.01,0,0.0,0.01,67743,0.0,559.99
100,BUY_A,ST_FLIP_RED,2024-11-08T18:00:00,2024-11-12T08:00:00,long,76743,87943,100,0.1,7674.3,100.0,1120,1119.99,94079.16,111.999,11200,14.59,0,0.0,9379.0,787836.0,937.9,767.43,0,0,0.01,0,0.0,0.01,76343,0.0,1119.99
101,BUY_A,ST_FLIP_RED,2024-11-13T12:00:00,2024-11-13T18:00:00,long,88743,91543,100,0.1,8874.3,100.0,280,279.99,23519.16,27.999,2800,3.16,0,0.0,9658.99,811355.16,965.899,887.43,0,0,0.01,0,0.0,0.01,88343,0.0,279.99
102,BUY_A,ST_FLIP_RED,2024-11-14T06:00:00,2024-11-14T14:00:00,long,90343,90343,100,0.1,9034.3,100.0,0,-0.01,-0.84,-0.001,0,0.0,0,0.0,9658.98,811354.32,965.898,903.43,0,0,0.01,0,0.0,0.01,89943,0.0,-0.01
103,SELL_A,ST_FLIP_GREEN,2024-11-15T14:00:00,2024-11-15T16:00:00,short,88343,89343,100,0.1,8834.3,100.0,-100,-100.01,-8400.84,-10.001,0,0.0,1000,1.13,9558.97,802953.48,955.897,883.43,0,0,0.01,0,0.0,0.01,88743,0.0,-100.01
104,SELL_A,ST_FLIP_GREEN,2024-11-17T00:00:00,2024-11-17T08:00:00,short,90343,91543,100,0.1,9034.3,100.0,-120,-120.01,-10080.84,-12.001,0,0.0,1200,1.33,9438.96,792872.64,943.896,903.43,0,0,0.01,0,0.0,0.01,90743,0.0,-120.01
105,BUY_A,ST_FLIP_RED,2024-11-18T14:00:00,2024-11-18T16:00:00,long,91943,91543,100,0.1,9194.3,100.0,-40,-40.01,-3360.84,-4.001,0,0.0,400,0.44,9398.95,789511.8,939.895,919.43,0,0,0.01,0,0.0,0.01,91543,0.0,-40.01
106,SELL_A,ST_FLIP_GREEN,2024-11-18T22:00:00,2024-11-19T04:00:00,short,90943,91543,100,0.1,9094.3,100.0,-60,-60.01,-5040.84,-6.001,0,0.0,600,0.66,9338.94,784470.96,933.894,909.43,0,0,0.01,0,0.0,0.01,91343,0.0,-60.01
107,BUY_A,ST_FLIP_RED,2024-11-19T14:00:00,2024-11-19T20:00:00,long,92343,92143,100,0.1,9234.3,100.0,-20,-20.01,-1680.84,-2.001,0,0.0,200,0.22,9318.93,782790.12,931.893,923.43,0,0,0.01,0,0.0,0.01,91943,0.0,-20.01
108,SELL_A,ST_FLIP_GREEN,2024-11-19T20:00:00,2024-11-20T10:00:00,short,92143,93343,100,0.1,9214.3,100.0,-120,-120.01,-10080.84,-12.001,0,0.0,1200,1.3,9198.92,772709.28,919.892,921.43,0,0,0.01,0,0.0,0.01,92543,0.0,-120.01
109,BUY_A,ST_FLIP_RED,2024-11-21T02:00:00,2024-11-21T14:00:00,long,95743,96943,100,0.1,9574.3,100.0,120,119.99,10079.16,11.999,1200,1.25,0,0.0,9318.91,782788.44,931.891,957.43,0,0,0.01,0,0.0,0.01,95343,0.0,119.99
110,SELL_A,ST_FLIP_GREEN,2024-11-21T14:00:00,2024-11-21T16:00:00,short,96543,97543,100,0.1,9654.3,100.0,-100,-100.01,-8400.84,-10.001,0,0.0,1000,1.04,9218.9,774387.6,921.89,965.43,0,0,0.01,0,0.0,0.01,96943,0.0,-100.01
111,SELL_A,ST_FLIP_GREEN,2024-11-22T12:00:00,2024-11-22T14:00:00,short,98143,98743,100,0.1,9814.3,100.0,-60,-60.01,-5040.84,-6.001,0,0.0,600,0.61,9158.89,769346.76,915.889,981.43,0,0,0.01,0,0.0,0.01,98543,0.0,-60.01
112,SELL_A,ST_FLIP_GREEN,2024-11-23T16:00:00,2024-11-24T20:00:00,short,98143,97143,100,0.1,9814.3,100.0,100,99.99,8399.16,9.999,1000,1.02,0,0.0,9258.88,777745.92,925.888,981.43,0,0,0.01,0,0.0,0.01,98543,0.0,99.99
113,BUY_A,ST_FLIP_RED,2024-11-24T20:00:00,2024-11-25T12:00:00,long,97143,97543,100,0.1,9714.3,100.0,40,39.99,3359.16,3.999,400,0.41,0,0.0,9298.87,781105.08,929.887,971.43,0,0,0.01,0,0.0,0.01,96743,0.0,39.99
114,BUY_A,ST_FLIP_RED,2024-11-26T16:00:00,2024-11-26T18:00:00,long,93343,92543,100,0.1,9334.3,100.0,-80,-80.01,-6720.84,-8.001,0,0.0,800,0.86,9218.86,774384.24,921.886,933.43,0,0,0.01,0,0.0,0.01,92943,0.0,-80.01
115,SELL_A,ST_FLIP_GREEN,2024-11-26T18:00:00,2024-11-27T00:00:00,short,91743,92743,100,0.1,9174.3,100.0,-100,-100.01,-8400.84,-10.001,0,0.0,1000,1.09,9118.85,765983.4,911.885,917.43,0,0,0.01,0,0.0,0.01,92143,0.0,-100.01
116,BUY_A,ST_FLIP_RED,2024-11-27T00:00:00,2024-11-28T02:00:00,long,92743,95543,100,0.1,9274.3,100.0,280,279.99,23519.16,27.999,2800,3.02,0,0.0,9398.84,789502.56,939.884,927.43,0,0,0.01,0,0.0,0.01,92343,0.0,279.99
117,BUY_A,ST_FLIP_RED,2024-11-29T14:00:00,2024-11-29T16:00:00,long,97343,96943,100,0.1,9734.3,100.0,-40,-40.01,-3360.84,-4.001,0,0.0,400,0.41,9358.83,786141.72,935.883,973.43,0,0,0.01,0,0.0,0.01,96943,0.0,-40.01
118,SELL_A,ST_FLIP_GREEN,2024-11-30T00:00:00,2024-12-01T20:00:00,short,97143,97543,100,0.1,9714.3,100.0,-40,-40.01,-3360.84,-4.001,0,0.0,400,0.41,9318.82,782780.88,931.882,971.43,0,0,0.01,0,0.0,0.01,97543,0.0,-40.01
119,BUY_A,ST_FLIP_RED,2024-12-02T22:00:00,2024-12-03T12:00:00,long,95943,94943,100,0.1,9594.3,100.0,-100,-100.01,-8400.84,-10.001,0,0.0,1000,1.04,9218.81,774380.04,921.881,959.43,0,0,0.01,0,0.0,0.01,95543,0.0,-100.01
120,BUY_A,ST_FLIP_RED,2024-12-03T20:00:00,2024-12-04T12:00:00,long,95943,95743,100,0.1,9594.3,100.0,-20,-20.01,-1680.84,-2.001,0,0.0,200,0.21,9198.8,772699.2,919.88,959.43,0,0,0.01,0,0.0,0.01,95543,0.0,-20.01
121,BUY_A,ST_FLIP_RED,2024-12-04T22:00:00,2024-12-05T14:00:00,long,98543,101943,100,0.1,9854.3,100.0,340,339.99,28559.16,33.999,3400,3.45,0,0.0,9538.79,801258.36,953.879,985.43,0,0,0.01,0,0.0,0.01,98143,0.0,339.99
122,BUY_A,ST_FLIP_RED,2024-12-06T06:00:00,2024-12-06T20:00:00,long,98143,100343,100,0.1,9814.3,100.0,220,219.99,18479.16,21.999,2200,2.24,0,0.0,9758.78,819737.52,975.878,981.43,0,0,0.01,0,0.0,0.01,97743,0.0,219.99
123,SELL_A,ST_FLIP_GREEN,2024-12-07T02:00:00,2024-12-08T10:00:00,short,99743,99943,100,0.1,9974.3,100.0,-20,-20.01,-1680.84,-2.001,0,0.0,200,0.2,9738.77,818056.68,973.877,997.43,0,0,0.01,0,0.0,0.01,100143,0.0,-20.01
124,SELL_A,ST_FLIP_GREEN,2024-12-09T14:00:00,2024-12-10T00:00:00,short,98143,98143,100,0.1,9814.3,100.0,0,-0.01,-0.84,-0.001,0,0.0,0,0.0,9738.76,818055.84,973.876,981.43,0,0,0.01,0,0.0,0.01,98543,0.0,-0.01
125,SELL_A,ST_FLIP_GREEN,2024-12-10T14:00:00,2024-12-10T18:00:00,short,96743,95543,100,0.1,9674.3,100.0,120,119.99,10079.16,11.999,1200,1.24,0,0.0,9858.75,828135.0,985.875,967.43,0,0,0.01,0,0.0,0.01,97143,0.0,119.99
126,BUY_A,ST_FLIP_RED,2024-12-10T20:00:00,2024-12-11T00:00:00,long,96743,95743,100,0.1,9674.3,100.0,-100,-100.01,-8400.84,-10.001,0,0.0,1000,1.03,9758.74,819734.16,975.874,967.43,0,0,0.01,0,0.0,0.01,96343,0.0,-100.01
127,SELL_A,ST_FLIP_GREEN,2024-12-12T04:00:00,2024-12-12T14:00:00,short,100543,101543,100,0.1,10054.3,100.0,-100,-100.01,-8400.84,-10.001,0,0.0,1000,0.99,9658.73,811333.32,965.873,1005.43,0,0,0.01,0,0.0,0.01,100943,0.0,-100.01
128,SELL_A,ST_FLIP_GREEN,2024-12-12T18:00:00,2024-12-13T16:00:00,short,100143,100343,100,0.1,10014.3,100.0,-20,-20.01,-1680.84,-2.001,0,0.0,200,0.2,9638.72,809652.48,963.872,1001.43,0,0,0.01,0,0.0,0.01,100543,0.0,-20.01
129,BUY_A,ST_FLIP_RED,2024-12-16T14:00:00,2024-12-16T20:00:00,long,104943,105943,100,0.1,10494.3,100.0,100,99.99,8399.16,9.999,1000,0.95,0,0.0,9738.71,818051.64,973.871,1049.43,0,0,0.01,0,0.0,0.01,104543,0.0,99.99
130,BUY_A,ST_FLIP_RED,2024-12-17T16:00:00,2024-12-17T18:00:00,long,107343,106343,100,0.1,10734.3,100.0,-100,-100.01,-8400.84,-10.001,0,0.0,1000,0.93,9638.7,809650.8,963.87,1073.43,0,0,0.01,0,0.0,0.01,106943,0.0,-100.01
131,SELL_A,ST_FLIP_GREEN,2024-12-19T00:00:00,2024-12-19T02:00:00,short,100143,100943,100,0.1,10014.3,100.0,-80,-80.01,-6720.84,-8.001,0,0.0,800,0.8,9558.69,802929.96,955.869,1001.43,0,0,0.01,0,0.0,0.01,100543,0.0,-80.01
132,BUY_A,ST_FLIP_RED,2024-12-19T08:00:00,2024-12-19T14:00:00,long,101743,101343,100,0.1,10174.3,100.0,-40,-40.01,-3360.84,-4.001,0,0.0,400,0.39,9518.68,799569.12,951.868,1017.43,0,0,0.01,0,0.0,0.01,101343,0.0,-40.01
133,SELL_A,ST_FLIP_GREEN,2024-12-20T08:00:00,2024-12-20T12:00:00,short,96743,93743,100,0.1,9674.3,100.0,300,299.99,25199.16,29.999,3000,3.1,0,0.0,9818.67,824768.28,981.867,967.43,0,0,0.01,0,0.0,0.01,97143,0.0,299.99
134,BUY_A,ST_FLIP_RED,2024-12-20T22:00:00,2024-12-21T12:00:00,long,97143,98143,100,0.1,9714.3,100.0,100,99.99,8399.16,9.999,1000,1.03,0,0.0,9918.66,833167.44,991.866,971.43,0,0,0.01,0,0.0,0.01,96743,0.0,99.99
135,SELL_A,ST_FLIP_GREEN,2024-12-21T12:00:00,2024-12-23T02:00:00,short,97943,95543,100,0.1,9794.3,100.0,240,239.99,20159.16,23.999,2400,2.45,0,0.0,10158.65,853326.6,1015.865,979.43,0,0,0.01,0,0.0,0.01,98343,0.0,239.99
136,BUY_A,ST_FLIP_RED,2024-12-24T04:00:00,2024-12-24T18:00:00,long,94543,97743,100,0.1,9454.3,100.0,320,319.99,26879.16,31.999,3200,3.38,0,0.0,10478.64,880205.76,1047.864,945.43,0,0,0.01,0,0.0,0.01,94143,0.0,319.99
137,BUY_B,ST_FLIP_RED,2024-12-25T12:00:00,2024-12-26T04:00:00,long,98343,98343,100,0.1,9834.3,100.0,0,-0.01,-0.84,-0.001,0,0.0,0,0.0,10478.63,880204.92,1047.863,983.43,0,0,0.01,0,0.0,0.01,97943,0.0,-0.01
138,SELL_A,ST_FLIP_GREEN,2024-12-29T16:00:00,2024-12-30T16:00:00,short,93943,93143,100,0.1,9394.3,100.0,80,79.99,6719.16,7.999,800,0.85,0,0.0,10558.62,886924.08,1055.862,939.43,0,0,0.01,0,0.0,0.01,94343,0.0,79.99
139,BUY_A,ST_FLIP_RED,2024-12-30T18:00:00,2024-12-30T20:00:00,long,94143,93343,100,0.1,9414.3,100.0,-80,-80.01,-6720.84,-8.001,0,0.0,800,0.85,10478.61,880203.24,1047.861,941.43,0,0,0.01,0,0.0,0.01,93743,0.0,-80.01
140,BUY_A,ST_FLIP_RED,2024-12-31T06:00:00,2024-12-31T16:00:00,long,92743,94543,100,0.1,9274.3,100.0,180,179.99,15119.16,17.999,1800,1.94,0,0.0,10658.6,895322.4,1065.86,927.43,0,0,0.01,0,0.0,0.01,92343,0.0,179.99
141,SELL_A,ST_FLIP_GREEN,2024-12-31T22:00:00,2025-01-01T18:00:00,short,93743,94543,100,0.1,9374.3,100.0,-80,-80.01,-6720.84,-8.001,0,0.0,800,0.85,10578.59,888601.56,1057.859,937.43,0,0,0.01,0,0.0,0.01,94143,0.0,-80.01
142,BUY_A,ST_FLIP_RED,2025-01-03T16:00:00,2025-01-05T08:00:00,long,97743,97543,100,0.1,9774.3,100.0,-20,-20.01,-1680.84,-2.001,0,0.0,200,0.2,10558.58,886920.72,1055.858,977.43,0,0,0.01,0,0.0,0.01,97343,0.0,-20.01
143,BUY_A,ST_FLIP_RED,2025-01-06T14:00:00,2025-01-07T10:00:00,long,101143,101143,100,0.1,10114.3,100.0,0,-0.01,-0.84,-0.001,0,0.0,0,0.0,10558.57,886919.88,1055.857,1011.43,0,0,0.01,0,0.0,0.01,100743,0.0,-0.01
144,SELL_A,ST_FLIP_GREEN,2025-01-07T10:00:00,2025-01-08T22:00:00,short,101143,95143,100,0.1,10114.3,100.0,600,599.99,50399.16,59.999,6000,5.93,0,0.0,11158.56,937319.04,1115.856,1011.43,0,0,0.01,0,0.0,0.01,101543,0.0,599.99
145,SELL_A,ST_FLIP_GREEN,2025-01-09T06:00:00,2025-01-09T14:00:00,short,93743,92943,100,0.1,9374.3,100.0,80,79.99,6719.16,7.999,800,0.85,0,0.0,11238.55,944038.2,1123.855,937.43,0,0,0.01,0,0.0,0.01,94143,0.0,79.99
146,BUY_A,ST_FLIP_RED,2025-01-09T14:00:00,2025-01-09T16:00:00,long,93143,93343,100,0.1,9314.3,100.0,20,19.99,1679.16,1.999,200,0.21,0,0.0,11258.54,945717.36,1125.854,931.43,0,0,0.01,0,0.0,0.01,92743,0.0,19.99
147,BUY_A,ST_FLIP_RED,2025-01-10T06:00:00,2025-01-10T12:00:00,long,94343,93943,100,0.1,9434.3,100.0,-40,-40.01,-3360.84,-4.001,0,0.0,400,0.42,11218.53,942356.52,1121.853,943.43,0,0,0.01,0,0.0,0.01,93943,0.0,-40.01
148,BUY_A,ST_FLIP_RED,2025-01-10T16:00:00,2025-01-10T20:00:00,long,95343,94943,100,0.1,9534.3,100.0,-40,-40.01,-3360.84,-4.001,0,0.0,400,0.42,11178.52,938995.68,1117.852,953.43,0,0,0.01,0,0.0,0.01,94943,0.0,-40.01
149,SELL_A,ST_FLIP_GREEN,2025-01-11T02:00:00,2025-01-13T14:00:00,short,94343,91943,100,0.1,9434.3,100.0,240,239.99,20159.16,23.999,2400,2.54,0,0.0,11418.51,959154.84,1141.851,943.43,0,0,0.01,0,0.0,0.01,94743,0.0,239.99
150,BUY_A,ST_FLIP_RED,2025-01-14T08:00:00,2025-01-16T02:00:00,long,95143,99343,100,0.1,9514.3,100.0,420,419.99,35279.16,41.999,4200,4.41,0,0.0,11838.5,994434.0,1183.85,951.43,0,0,0.01,0,0.0,0.01,94743,0.0,419.99
151,SELL_A,ST_FLIP_GREEN,2025-01-16T08:00:00,2025-01-16T18:00:00,short,99543,100143,100,0.1,9954.3,100.0,-60,-60.01,-5040.84,-6.001,0,0.0,600,0.6,11778.49,989393.16,1177.849,995.43,0,0,0.01,0,0.0,0.01,99943,0.0,-60.01
152,BUY_A,ST_FLIP_RED,2025-01-17T14:00:00,2025-01-17T20:00:00,long,102543,104743,100,0.1,10254.3,100.0,220,219.99,18479.16,21.999,2200,2.15,0,0.0,11998.48,1007872.32,1199.848,1025.43,0,0,0.01,0,0.0,0.01,102143,0.0,219.99
153,SELL_A,ST_FLIP_GREEN,2025-01-17T20:00:00,2025-01-18T12:00:00,short,104743,103943,100,0.1,10474.3,100.0,80,79.99,6719.16,7.999,800,0.76,0,0.0,12078.47,1014591.48,1207.847,1047.43,0,0,0.01,0,0.0,0.01,105143,0.0,79.99
154,BUY_A,ST_FLIP_RED,2025-01-18T18:00:00,2025-01-19T20:00:00,long,104143,105143,100,0.1,10414.3,100.0,100,99.99,8399.16,9.999,1000,0.96,0,0.0,12178.46,1022990.64,1217.846,1041.43,0,0,0.01,0,0.0,0.01,103743,0.0,99.99
155,SELL_A,ST_FLIP_GREEN,2025-01-19T20:00:00,2025-01-20T02:00:00,short,104943,101743,100,0.1,10494.3,100.0,320,319.99,26879.16,31.999,3200,3.05,0,0.0,12498.45,1049869.8,1249.845,1049.43,0,0,0.01,0,0.0,0.01,105343,0.0,319.99
156,SELL_A,ST_FLIP_GREEN,2025-01-20T20:00:00,2025-01-21T02:00:00,short,102943,102543,100,0.1,10294.3,100.0,40,39.99,3359.16,3.999,400,0.39,0,0.0,12538.44,1053228.96,1253.844,1029.43,0,0,0.01,0,0.0,0.01,103343,0.0,39.99
157,BUY_A,ST_FLIP_RED,2025-01-21T08:00:00,2025-01-21T22:00:00,long,102543,105943,100,0.1,10254.3,100.0,340,339.99,28559.16,33.999,3400,3.32,0,0.0,12878.43,1081788.12,1287.843,1025.43,0,0,0.01,0,0.0,0.01,102143,0.0,339.99
158,SELL_A,ST_FLIP_GREEN,2025-01-22T20:00:00,2025-01-23T14:00:00,short,104143,102743,100,0.1,10414.3,100.0,140,139.99,11759.16,13.999,1400,1.34,0,0.0,13018.42,1093547.28,1301.842,1041.43,0,0,0.01,0,0.0,0.01,104543,0.0,139.99
159,SELL_A,ST_FLIP_GREEN,2025-01-24T00:00:00,2025-01-24T04:00:00,short,103343,104143,100,0.1,10334.3,100.0,-80,-80.01,-6720.84,-8.001,0,0.0,800,0.77,12938.41,1086826.44,1293.841,1033.43,0,0,0.01,0,0.0,0.01,103743,0.0,-80.01
160,SELL_A,ST_FLIP_GREEN,2025-01-25T04:00:00,2025-01-27T12:00:00,short,104943,99743,100,0.1,10494.3,100.0,520,519.99,43679.16,51.999,5200,4.96,0,0.0,13458.4,1130505.6,1345.84,1049.43,0,0,0.01,0,0.0,0.01,105343,0.0,519.99
161,BUY_A,ST_FLIP_RED,2025-01-27T20:00:00,2025-01-28T20:00:00,long,99943,101943,100,0.1,9994.3,100.0,200,199.99,16799.16,19.999,2000,2.0,0,0.0,13658.39,1147304.76,1365.839,999.43,0,0,0.01,0,0.0,0.01,99543,0.0,199.99
162,BUY_A,ST_FLIP_RED,2025-01-29T16:00:00,2025-01-31T02:00:00,long,102543,104343,100,0.1,10254.3,100.0,180,179.99,15119.16,17.999,1800,1.76,0,0.0,13838.38,1162423.92,1383.838,1025.43,0,0,0.01,0,0.0,0.01,102143,0.0,179.99
163,SELL_A,ST_FLIP_GREEN,2025-01-31T18:00:00,2025-02-02T04:00:00,short,103543,100143,100,0.1,10354.3,100.0,340,339.99,28559.16,33.999,3400,3.28,0,0.0,14178.37,1190983.08,1417.837,1035.43,0,0,0.01,0,0.0,0.01,103943,0.0,339.99
164,SELL_A,ST_FLIP_GREEN,2025-02-03T00:00:00,2025-02-03T02:00:00,short,96543,94143,100,0.1,9654.3,100.0,240,239.99,20159.16,23.999,2400,2.49,0,0.0,14418.36,1211142.24,1441.836,965.43,0,0,0.01,0,0.0,0.01,96943,0.0,239.99
165,BUY_A,ST_FLIP_RED,2025-02-03T14:00:00,2025-02-04T02:00:00,long,94943,100743,100,0.1,9494.3,100.0,580,579.99,48719.16,57.999,5800,6.11,0,0.0,14998.35,1259861.4,1499.835,949.43,0,0,0.01,0,0.0,0.01,94543,0.0,579.99
166,SELL_A,ST_FLIP_GREEN,2025-02-04T04:00:00,2025-02-04T22:00:00,short,99943,97343,100,0.1,9994.3,100.0,260,259.99,21839.16,25.999,2600,2.6,0,0.0,15258.34,1281700.56,1525.834,999.43,0,0,0.01,0,0.0,0.01,100343,0.0,259.99
167,BUY_A,ST_FLIP_RED,2025-02-05T10:00:00,2025-02-05T20:00:00,long,97943,97143,100,0.1,9794.3,100.0,-80,-80.01,-6720.84,-8.001,0,0.0,800,0.82,15178.33,1274979.72,1517.833,979.43,0,0,0.01,0,0.0,0.01,97543,0.0,-80.01
168,SELL_A,ST_FLIP_GREEN,2025-02-07T20:00:00,2025-02-09T02:00:00,short,96743,96943,100,0.1,9674.3,100.0,-20,-20.01,-1680.84,-2.001,0,0.0,200,0.21,15158.32,1273298.88,1515.832,967.43,0,0,0.01,0,0.0,0.01,97143,0.0,-20.01
169,SELL_A,ST_FLIP_GREEN,2025-02-09T20:00:00,2025-02-09T22:00:00,short,95743,96343,100,0.1,9574.3,100.0,-60,-60.01,-5040.84,-6.001,0,0.0,600,0.63,15098.31,1268258.04,1509.831,957.43,0,0,0.01,0,0.0,0.01,96143,0.0,-60.01
170,BUY_A,ST_FLIP_RED,2025-02-10T02:00:00,2025-02-10T14:00:00,long,96743,97143,100,0.1,9674.3,100.0,40,39.99,3359.16,3.999,400,0.41,0,0.0,15138.3,1271617.2,1513.83,967.43,0,0,0.01,0,0.0,0.01,96343,0.0,39.99
171,BUY_B,ST_FLIP_RED,2025-02-11T04:00:00,2025-02-11T12:00:00,long,97943,97343,100,0.1,9794.3,100.0,-60,-60.01,-5040.84,-6.001,0,0.0,600,0.61,15078.29,1266576.36,1507.829,979.43,0,0,0.01,0,0.0,0.01,97543,0.0,-60.01
172,SELL_A,ST_FLIP_GREEN,2025-02-12T02:00:00,2025-02-12T14:00:00,short,95543,95943,100,0.1,9554.3,100.0,-40,-40.01,-3360.84,-4.001,0,0.0,400,0.42,15038.28,1263215.52,1503.828,955.43,0,0,0.01,0,0.0,0.01,95943,0.0,-40.01
173,SELL_A,ST_FLIP_GREEN,2025-02-16T22:00:00,2025-02-17T20:00:00,short,96543,96543,100,0.1,9654.3,100.0,0,-0.01,-0.84,-0.001,0,0.0,0,0.0,15038.27,1263214.68,1503.827,965.43,0,0,0.01,0,0.0,0.01,96943,0.0,-0.01
174,SELL_A,ST_FLIP_GREEN,2025-02-18T14:00:00,2025-02-18T20:00:00,short,95343,95143,100,0.1,9534.3,100.0,20,19.99,1679.16,1.999,200,0.21,0,0.0,15058.26,1264893.84,1505.826,953.43,0,0,0.01,0,0.0,0.01,95743,0.0,19.99
175,BUY_A,ST_FLIP_RED,2025-02-19T16:00:00,2025-02-21T14:00:00,long,96543,98143,100,0.1,9654.3,100.0,160,159.99,13439.16,15.999,1600,1.66,0,0.0,15218.25,1278333.0,1521.825,965.43,0,0,0.01,0,0.0,0.01,96143,0.0,159.99
176,SELL_A,ST_FLIP_GREEN,2025-02-21T14:00:00,2025-02-22T04:00:00,short,98143,96343,100,0.1,9814.3,100.0,180,179.99,15119.16,17.999,1800,1.83,0,0.0,15398.24,1293452.16,1539.824,981.43,0,0,0.01,0,0.0,0.01,98543,0.0,179.99
177,SELL_A,ST_FLIP_GREEN,2025-02-24T02:00:00,2025-02-25T10:00:00,short,95543,89343,100,0.1,9554.3,100.0,620,619.99,52079.16,61.999,6200,6.49,0,0.0,16018.23,1345531.32,1601.823,955.43,0,0,0.01,0,0.0,0.01,95943,0.0,619.99
178,SELL_A,ST_FLIP_GREEN,2025-02-26T18:00:00,2025-02-27T02:00:00,short,85543,84943,100,0.1,8554.3,100.0,60,59.99,5039.16,5.999,600,0.7,0,0.0,16078.22,1350570.48,1607.822,855.43,0,0,0.01,0,0.0,0.01,85943,0.0,59.99
179,SELL_A,ST_FLIP_GREEN,2025-02-27T16:00:00,2025-02-28T08:00:00,short,84743,80343,100,0.1,8474.3,100.0,440,439.99,36959.16,43.999,4400,5.19,0,0.0,16518.21,1387529.64,1651.821,847.43,0,0,0.01,0,0.0,0.01,85143,0.0,439.99
180,BUY_A,ST_FLIP_RED,2025-02-28T12:00:00,2025-03-01T06:00:00,long,80543,84543,100,0.1,8054.3,100.0,400,399.99,33599.16,39.999,4000,4.97,0,0.0,16918.2,1421128.8,1691.82,805.43,0,0,0.01,0,0.0,0.01,80143,0.0,399.99
181,SELL_A,ST_FLIP_GREEN,2025-03-01T10:00:00,2025-03-01T20:00:00,short,84943,85543,100,0.1,8494.3,100.0,-60,-60.01,-5040.84,-6.001,0,0.0,600,0.71,16858.19,1416087.96,1685.819,849.43,0,0,0.01,0,0.0,0.01,85343,0.0,-60.01
182,BUY_A,ST_FLIP_RED,2025-03-02T14:00:00,2025-03-03T00:00:00,long,86743,93143,100,0.1,8674.3,100.0,640,639.99,53759.16,63.999,6400,7.38,0,0.0,17498.18,1469847.12,1749.818,867.43,0,0,0.01,0,0.0,0.01,86343,0.0,639.99
183,SELL_A,ST_FLIP_GREEN,2025-03-03T06:00:00,2025-03-03T12:00:00,short,92343,92943,100,0.1,9234.3,100.0,-60,-60.01,-5040.84,-6.001,0,0.0,600,0.65,17438.17,1464806.28,1743.817,923.43,0,0,0.01,0,0.0,0.01,92743,0.0,-60.01
184,SELL_A,ST_FLIP_GREEN,2025-03-03T18:00:00,2025-03-04T04:00:00,short,89343,84143,100,0.1,8934.3,100.0,520,519.99,43679.16,51.999,5200,5.82,0,0.0,17958.16,1508485.44,1795.816,893.43,0,0,0.01,0,0.0,0.01,89743,0.0,519.99
185,SELL_B,ST_FLIP_GREEN,2025-03-04T12:00:00,2025-03-04T16:00:00,short,83343,83943,100,0.1,8334.3,100.0,-60,-60.01,-5040.84,-6.001,0,0.0,600,0.72,17898.15,1503444.6,1789.815,833.43,0,0,0.01,0,0.0,0.01,83743,0.0,-60.01
186,BUY_A,ST_FLIP_RED,2025-03-06T04:00:00,2025-03-06T06:00:00,long,92143,91543,100,0.1,9214.3,100.0,-60,-60.01,-5040.84,-6.001,0,0.0,600,0.65,17838.14,1498403.76,1783.814,921.43,0,0,0.01,0,0.0,0.01,91743,0.0,-60.01
187,SELL_A,ST_FLIP_GREEN,2025-03-06T12:00:00,2025-03-06T14:00:00,short,90943,90543,100,0.1,9094.3,100.0,40,39.99,3359.16,3.999,400,0.44,0,0.0,17878.13,1501762.92,1787.813,909.43,0,0,0.01,0,0.0,0.01,91343,0.0,39.99
188,SELL_A,ST_FLIP_GREEN,2025-03-07T02:00:00,2025-03-07T04:00:00,short,87343,88143,100,0.1,8734.3,100.0,-80,-80.01,-6720.84,-8.001,0,0.0,800,0.92,17798.12,1495042.08,1779.812,873.43,0,0,0.01,0,0.0,0.01,87743,0.0,-80.01
189,BUY_A,ST_FLIP_RED,2025-03-07T12:00:00,2025-03-07T16:00:00,long,88943,87943,100,0.1,8894.3,100.0,-100,-100.01,-8400.84,-10.001,0,0.0,1000,1.12,17698.11,1486641.24,1769.811,889.43,0,0,0.01,0,0.0,0.01,88543,0.0,-100.01
190,SELL_A,ST_FLIP_GREEN,2025-03-08T00:00:00,2025-03-10T00:00:00,short,85943,81743,100,0.1,8594.3,100.0,420,419.99,35279.16,41.999,4200,4.89,0,0.0,18118.1,1521920.4,1811.81,859.43,0,0,0.01,0,0.0,0.01,86343,0.0,419.99
191,BUY_A,ST_FLIP_RED,2025-03-12T18:00:00,2025-03-13T10:00:00,long,82743,82743,100,0.1,8274.3,100.0,0,-0.01,-0.84,-0.001,0,0.0,0,0.0,18118.09,1521919.56,1811.809,827.43,0,0,0.01,0,0.0,0.01,82343,0.0,-0.01
192,BUY_A,ST_FLIP_RED,2025-03-14T08:00:00,2025-03-16T10:00:00,long,82543,83543,100,0.1,8254.3,100.0,100,99.99,8399.16,9.999,1000,1.21,0,0.0,18218.08,1530318.72,1821.808,825.43,0,0,0.01,0,0.0,0.01,82143,0.0,99.99
193,SELL_A,ST_FLIP_GREEN,2025-03-16T10:00:00,2025-03-16T16:00:00,short,83543,83543,100,0.1,8354.3,100.0,0,-0.01,-0.84,-0.001,0,0.0,0,0.0,18218.07,1530317.88,1821.807,835.43,0,0,0.01,0,0.0,0.01,83943,0.0,-0.01
194,BUY_A,ST_FLIP_RED,2025-03-17T06:00:00,2025-03-18T00:00:00,long,83543,83143,100,0.1,8354.3,100.0,-40,-40.01,-3360.84,-4.001,0,0.0,400,0.48,18178.06,1526957.04,1817.806,835.43,0,0,0.01,0,0.0,0.01,83143,0.0,-40.01
195,SELL_A,ST_FLIP_GREEN,2025-03-18T10:00:00,2025-03-18T18:00:00,short,82743,82343,100,0.1,8274.3,100.0,40,39.99,3359.16,3.999,400,0.48,0,0.0,18218.05,1530316.2,1821.805,827.43,0,0,0.01,0,0.0,0.01,83143,0.0,39.99
196,SELL_A,ST_FLIP_GREEN,2025-03-21T06:00:00,2025-03-23T12:00:00,short,84343,84743,100,0.1,8434.3,100.0,-40,-40.01,-3360.84,-4.001,0,0.0,400,0.47,18178.04,1526955.36,1817.804,843.43,0,0,0.01,0,0.0,0.01,84743,0.0,-40.01
197,BUY_A,ST_FLIP_RED,2025-03-24T14:00:00,2025-03-24T22:00:00,long,87743,87343,100,0.1,8774.3,100.0,-40,-40.01,-3360.84,-4.001,0,0.0,400,0.46,18138.03,1523594.52,1813.803,877.43,0,0,0.01,0,0.0,0.01,87343,0.0,-40.01
198,BUY_A,ST_FLIP_RED,2025-03-26T00:00:00,2025-03-26T02:00:00,long,87943,86943,100,0.1,8794.3,100.0,-100,-100.01,-8400.84,-10.001,0,0.0,1000,1.14,18038.02,1515193.68,1803.802,879.43,0,0,0.01,0,0.0,0.01,87543,0.0,-100.01
199,SELL_A,ST_FLIP_GREEN,2025-03-28T06:00:00,2025-03-30T08:00:00,short,85943,83343,100,0.1,8594.3,100.0,260,259.99,21839.16,25.999,2600,3.03,0,0.0,18298.01,1537032.84,1829.801,859.43,0,0,0.01,0,0.0,0.01,86343,0.0,259.99
200,SELL_A,ST_FLIP_GREEN,2025-03-31T00:00:00,2025-03-31T14:00:00,short,82143,82543,100,0.1,8214.3,100.0,-40,-40.01,-3360.84,-4.001,0,0.0,400,0.49,18258.0,1533672.0,1825.8,821.43,0,0,0.01,0,0.0,0.01,82543,0.0,-40.01
201,BUY_A,ST_FLIP_RED,2025-04-01T14:00:00,2025-04-02T02:00:00,long,84743,84343,100,0.1,8474.3,100.0,-40,-40.01,-3360.84,-4.001,0,0.0,400,0.47,18217.99,1530311.16,1821.799,847.43,0,0,0.01,0,0.0,0.01,84343,0.0,-40.01
202,SELL_A,ST_FLIP_GREEN,2025-04-02T20:00:00,2025-04-03T00:00:00,short,84743,83543,100,0.1,8474.3,100.0,120,119.99,10079.16,11.999,1200,1.42,0,0.0,18337.98,1540390.32,1833.798,847.43,0,0,0.01,0,0.0,0.01,85143,0.0,119.99
203,BUY_A,ST_FLIP_RED,2025-04-04T04:00:00,2025-04-04T10:00:00,long,83143,83343,100,0.1,8314.3,100.0,20,19.99,1679.16,1.999,200,0.24,0,0.0,18357.97,1542069.48,1835.797,831.43,0,0,0.01,0,0.0,0.01,82743,0.0,19.99
204,SELL_A,ST_FLIP_GREEN,2025-04-04T10:00:00,2025-04-04T16:00:00,short,83343,83543,100,0.1,8334.3,100.0,-20,-20.01,-1680.84,-2.001,0,0.0,200,0.24,18337.96,1540388.64,1833.796,833.43,0,0,0.01,0,0.0,0.01,83743,0.0,-20.01
205,SELL_A,ST_FLIP_GREEN,2025-04-05T12:00:00,2025-04-07T08:00:00,short,83143,76143,100,0.1,8314.3,100.0,700,699.99,58799.16,69.999,7000,8.42,0,0.0,19037.95,1599187.8,1903.795,831.43,0,0,0.01,0,0.0,0.01,83543,0.0,699.99
206,BUY_A,ST_FLIP_RED,2025-04-07T20:00:00,2025-04-08T06:00:00,long,78943,79543,100,0.1,7894.3,100.0,60,59.99,5039.16,5.999,600,0.76,0,0.0,19097.94,1604226.96,1909.794,789.43,0,0,0.01,0,0.0,0.01,78543,0.0,59.99
207,BUY_A,ST_FLIP_RED,2025-04-09T16:00:00,2025-04-10T02:00:00,long,77943,82143,100,0.1,7794.3,100.0,420,419.99,35279.16,41.999,4200,5.39,0,0.0,19517.93,1639506.12,1951.793,779.43,0,0,0.01,0,0.0,0.01,77543,0.0,419.99
208,SELL_A,ST_FLIP_GREEN,2025-04-10T12:00:00,2025-04-11T00:00:00,short,81143,79743,100,0.1,8114.3,100.0,140,139.99,11759.16,13.999,1400,1.73,0,0.0,19657.92,1651265.28,1965.792,811.43,0,0,0.01,0,0.0,0.01,81543,0.0,139.99
209,BUY_A,ST_FLIP_RED,2025-04-12T12:00:00,2025-04-13T04:00:00,long,83943,84343,100,0.1,8394.3,100.0,40,39.99,3359.16,3.999,400,0.48,0,0.0,19697.91,1654624.44,1969.791,839.43,0,0,0.01,0,0.0,0.01,83543,0.0,39.99
210,SELL_A,ST_FLIP_GREEN,2025-04-13T10:00:00,2025-04-14T16:00:00,short,84543,84943,100,0.1,8454.3,100.0,-40,-40.01,-3360.84,-4.001,0,0.0,400,0.47,19657.9,1651263.6,1965.79,845.43,0,0,0.01,0,0.0,0.01,84943,0.0,-40.01
211,BUY_A,ST_FLIP_RED,2025-04-14T16:00:00,2025-04-15T14:00:00,long,84943,84943,100,0.1,8494.3,100.0,0,-0.01,-0.84,-0.001,0,0.0,0,0.0,19657.89,1651262.76,1965.789,849.43,0,0,0.01,0,0.0,0.01,84543,0.0,-0.01
212,SELL_A,ST_FLIP_GREEN,2025-04-15T16:00:00,2025-04-16T14:00:00,short,84743,84343,100,0.1,8474.3,100.0,40,39.99,3359.16,3.999,400,0.47,0,0.0,19697.88,1654621.92,1969.788,847.43,0,0,0.01,0,0.0,0.01,85143,0.0,39.99
213,SELL_A,ST_FLIP_GREEN,2025-04-16T16:00:00,2025-04-16T18:00:00,short,83743,84143,100,0.1,8374.3,100.0,-40,-40.01,-3360.84,-4.001,0,0.0,400,0.48,19657.87,1651261.08,1965.787,837.43,0,0,0.01,0,0.0,0.01,84143,0.0,-40.01
214,BUY_A,ST_FLIP_RED,2025-04-19T08:00:00,2025-04-20T10:00:00,long,85143,84143,100,0.1,8514.3,100.0,-100,-100.01,-8400.84,-10.001,0,0.0,1000,1.17,19557.86,1642860.24,1955.786,851.43,0,0,0.01,0,0.0,0.01,84743,0.0,-100.01
215,BUY_A,ST_FLIP_RED,2025-04-21T00:00:00,2025-04-21T16:00:00,long,86543,87143,100,0.1,8654.3,100.0,60,59.99,5039.16,5.999,600,0.69,0,0.0,19617.85,1647899.4,1961.785,865.43,0,0,0.01,0,0.0,0.01,86143,0.0,59.99
216,BUY_A,ST_FLIP_RED,2025-04-22T14:00:00,2025-04-24T02:00:00,long,90743,92943,100,0.1,9074.3,100.0,220,219.99,18479.16,21.999,2200,2.42,0,0.0,19837.84,1666378.56,1983.784,907.43,0,0,0.01,0,0.0,0.01,90343,0.0,219.99
217,BUY_A,ST_FLIP_RED,2025-04-25T06:00:00,2025-04-26T10:00:00,long,93743,94143,100,0.1,9374.3,100.0,40,39.99,3359.16,3.999,400,0.43,0,0.0,19877.83,1669737.72,1987.783,937.43,0,0,0.01,0,0.0,0.01,93343,0.0,39.99
218,SELL_A,ST_FLIP_GREEN,2025-04-27T22:00:00,2025-04-28T02:00:00,short,93543,93943,100,0.1,9354.3,100.0,-40,-40.01,-3360.84,-4.001,0,0.0,400,0.43,19837.82,1666376.88,1983.782,935.43,0,0,0.01,0,0.0,0.01,93943,0.0,-40.01
219,BUY_A,ST_FLIP_RED,2025-04-28T04:00:00,2025-04-28T12:00:00,long,94143,94143,100,0.1,9414.3,100.0,0,-0.01,-0.84,-0.001,0,0.0,0,0.0,19837.81,1666376.04,1983.781,941.43,0,0,0.01,0,0.0,0.01,93743,0.0,-0.01
220,BUY_A,ST_FLIP_RED,2025-04-28T22:00:00,2025-04-30T12:00:00,long,94943,93943,100,0.1,9494.3,100.0,-100,-100.01,-8400.84,-10.001,0,0.0,1000,1.05,19737.8,1657975.2,1973.78,949.43,0,0,0.01,0,0.0,0.01,94543,0.0,-100.01
221,BUY_A,ST_FLIP_RED,2025-05-01T08:00:00,2025-05-03T10:00:00,long,95343,95943,100,0.1,9534.3,100.0,60,59.99,5039.16,5.999,600,0.63,0,0.0,19797.79,1663014.36,1979.779,953.43,0,0,0.01,0,0.0,0.01,94943,0.0,59.99
222,SELL_A,ST_FLIP_GREEN,2025-05-03T22:00:00,2025-05-06T22:00:00,short,95743,94943,100,0.1,9574.3,100.0,80,79.99,6719.16,7.999,800,0.84,0,0.0,19877.78,1669733.52,1987.778,957.43,0,0,0.01,0,0.0,0.01,96143,0.0,79.99
223,BUY_A,ST_FLIP_RED,2025-05-08T00:00:00,2025-05-11T06:00:00,long,97343,103743,100,0.1,9734.3,100.0,640,639.99,53759.16,63.999,6400,6.57,0,0.0,20517.77,1723492.68,2051.777,973.43,0,0,0.01,0,0.0,0.01,96943,0.0,639.99
224,BUY_A,ST_FLIP_RED,2025-05-11T18:00:00,2025-05-12T14:00:00,long,104543,103343,100,0.1,10454.3,100.0,-120,-120.01,-10080.84,-12.001,0,0.0,1200,1.15,20397.76,1713411.84,2039.776,1045.43,0,0,0.01,0,0.0,0.01,104143,0.0,-120.01
225,SELL_A,ST_FLIP_GREEN,2025-05-12T14:00:00,2025-05-13T08:00:00,short,102743,102743,100,0.1,10274.3,100.0,0,-0.01,-0.84,-0.001,0,0.0,0,0.0,20397.75,1713411.0,2039.775,1027.43,0,0,0.01,0,0.0,0.01,103143,0.0,-0.01
226,SELL_A,ST_FLIP_GREEN,2025-05-15T12:00:00,2025-05-15T14:00:00,short,101943,102943,100,0.1,10194.3,100.0,-100,-100.01,-8400.84,-10.001,0,0.0,1000,0.98,20297.74,1705010.16,2029.774,1019.43,0,0,0.01,0,0.0,0.01,102343,0.0,-100.01
227,SELL_A,ST_FLIP_GREEN,2025-05-17T08:00:00,2025-05-18T12:00:00,short,102743,103943,100,0.1,10274.3,100.0,-120,-120.01,-10080.84,-12.001,0,0.0,1200,1.17,20177.73,1694929.32,2017.773,1027.43,0,0,0.01,0,0.0,0.01,103143,0.0,-120.01
228,SELL_A,ST_FLIP_GREEN,2025-05-19T00:00:00,2025-05-19T14:00:00,short,104943,103943,100,0.1,10494.3,100.0,100,99.99,8399.16,9.999,1000,0.95,0,0.0,20277.72,1703328.48,2027.772,1049.43,0,0,0.01,0,0.0,0.01,105343,0.0,99.99
229,BUY_A,ST_FLIP_RED,2025-05-20T16:00:00,2025-05-21T16:00:00,long,105743,107943,100,0.1,10574.3,100.0,220,219.99,18479.16,21.999,2200,2.08,0,0.0,20497.71,1721807.64,2049.771,1057.43,0,0,0.01,0,0.0,0.01,105343,0.0,219.99
230,SELL_A,ST_FLIP_GREEN,2025-05-22T20:00:00,2025-05-22T22:00:00,short,110943,111743,100,0.1,11094.3,100.0,-80,-80.01,-6720.84,-8.001,0,0.0,800,0.72,20417.7,1715086.8,2041.77,1109.43,0,0,0.01,0,0.0,0.01,111343,0.0,-80.01
231,SELL_A,ST_FLIP_GREEN,2025-05-23T10:00:00,2025-05-24T02:00:00,short,110543,108343,100,0.1,11054.3,100.0,220,219.99,18479.16,21.999,2200,1.99,0,0.0,20637.69,1733565.96,2063.769,1105.43,0,0,0.01,0,0.0,0.01,110943,0.0,219.99
232,BUY_A,ST_FLIP_RED,2025-05-24T08:00:00,2025-05-24T22:00:00,long,108143,108143,100,0.1,10814.3,100.0,0,-0.01,-0.84,-0.001,0,0.0,0,0.0,20637.68,1733565.12,2063.768,1081.43,0,0,0.01,0,0.0,0.01,107743,0.0,-0.01
233,SELL_A,ST_FLIP_GREEN,2025-05-24T22:00:00,2025-05-25T22:00:00,short,107743,107943,100,0.1,10774.3,100.0,-20,-20.01,-1680.84,-2.001,0,0.0,200,0.19,20617.67,1731884.28,2061.767,1077.43,0,0,0.01,0,0.0,0.01,108143,0.0,-20.01
234,SELL_A,ST_FLIP_GREEN,2025-05-27T20:00:00,2025-05-29T00:00:00,short,109143,107943,100,0.1,10914.3,100.0,120,119.99,10079.16,11.999,1200,1.1,0,0.0,20737.66,1741963.44,2073.766,1091.43,0,0,0.01,0,0.0,0.01,109543,0.0,119.99
235,SELL_A,ST_FLIP_GREEN,2025-05-30T06:00:00,2025-05-31T20:00:00,short,105343,104743,100,0.1,10534.3,100.0,60,59.99,5039.16,5.999,600,0.57,0,0.0,20797.65,1747002.6,2079.765,1053.43,0,0,0.01,0,0.0,0.01,105743,0.0,59.99
236,BUY_B,ST_FLIP_RED,2025-06-01T12:00:00,2025-06-02T08:00:00,long,104143,104543,100,0.1,10414.3,100.0,40,39.99,3359.16,3.999,400,0.38,0,0.0,20837.64,1750361.76,2083.764,1041.43,0,0,0.01,0,0.0,0.01,103743,0.0,39.99
237,BUY_A,ST_FLIP_RED,2025-06-02T22:00:00,2025-06-03T02:00:00,long,105743,105343,100,0.1,10574.3,100.0,-40,-40.01,-3360.84,-4.001,0,0.0,400,0.38,20797.63,1747000.92,2079.763,1057.43,0,0,0.01,0,0.0,0.01,105343,0.0,-40.01
238,SELL_A,ST_FLIP_GREEN,2025-06-03T20:00:00,2025-06-06T02:00:00,short,105743,102543,100,0.1,10574.3,100.0,320,319.99,26879.16,31.999,3200,3.03,0,0.0,21117.62,1773880.08,2111.762,1057.43,0,0,0.01,0,0.0,0.01,106143,0.0,319.99
239,BUY_A,ST_FLIP_RED,2025-06-06T08:00:00,2025-06-10T14:00:00,long,103343,109143,100,0.1,10334.3,100.0,580,579.99,48719.16,57.999,5800,5.61,0,0.0,21697.61,1822599.24,2169.761,1033.43,0,0,0.01,0,0.0,0.01,102943,0.0,579.99
240,SELL_A,ST_FLIP_GREEN,2025-06-10T14:00:00,2025-06-10T20:00:00,short,109143,109743,100,0.1,10914.3,100.0,-60,-60.01,-5040.84,-6.001,0,0.0,600,0.55,21637.6,1817558.4,2163.76,1091.43,0,0,0.01,0,0.0,0.01,109543,0.0,-60.01
241,SELL_A,ST_FLIP_GREEN,2025-06-13T00:00:00,2025-06-13T06:00:00,short,104943,104743,100,0.1,10494.3,100.0,20,19.99,1679.16,1.999,200,0.19,0,0.0,21657.59,1819237.56,2165.759,1049.43,0,0,0.01,0,0.0,0.01,105343,0.0,19.99
242,BUY_A,ST_FLIP_RED,2025-06-13T22:00:00,2025-06-14T08:00:00,long,105743,104943,100,0.1,10574.3,100.0,-80,-80.01,-6720.84,-8.001,0,0.0,800,0.76,21577.58,1812516.72,2157.758,1057.43,0,0,0.01,0,0.0,0.01,105343,0.0,-80.01
243,SELL_A,ST_FLIP_GREEN,2025-06-15T20:00:00,2025-06-16T04:00:00,short,104943,105943,100,0.1,10494.3,100.0,-100,-100.01,-8400.84,-10.001,0,0.0,1000,0.95,21477.57,1804115.88,2147.757,1049.43,0,0,0.01,0,0.0,0.01,105343,0.0,-100.01
244,SELL_A,ST_FLIP_GREEN,2025-06-17T04:00:00,2025-06-18T02:00:00,short,106943,104943,100,0.1,10694.3,100.0,200,199.99,16799.16,19.999,2000,1.87,0,0.0,21677.56,1820915.04,2167.756,1069.43,0,0,0.01,0,0.0,0.01,107343,0.0,199.99
245,BUY_A,ST_FLIP_RED,2025-06-19T02:00:00,2025-06-19T14:00:00,long,105143,104143,100,0.1,10514.3,100.0,-100,-100.01,-8400.84,-10.001,0,0.0,1000,0.95,21577.55,1812514.2,2157.755,1051.43,0,0,0.01,0,0.0,0.01,104743,0.0,-100.01
246,BUY_A,ST_FLIP_RED,2025-06-20T06:00:00,2025-06-20T14:00:00,long,105343,104743,100,0.1,10534.3,100.0,-60,-60.01,-5040.84,-6.001,0,0.0,600,0.57,21517.54,1807473.36,2151.754,1053.43,0,0,0.01,0,0.0,0.01,104943,0.0,-60.01
247,SELL_A,ST_FLIP_GREEN,2025-06-21T18:00:00,2025-06-22T04:00:00,short,102943,102543,100,0.1,10294.3,100.0,40,39.99,3359.16,3.999,400,0.39,0,0.0,21557.53,1810832.52,2155.753,1029.43,0,0,0.01,0,0.0,0.01,103343,0.0,39.99
248,BUY_A,ST_FLIP_RED,2025-06-22T10:00:00,2025-06-22T12:00:00,long,102543,101743,100,0.1,10254.3,100.0,-80,-80.01,-6720.84,-8.001,0,0.0,800,0.78,21477.52,1804111.68,2147.752,1025.43,0,0,0.01,0,0.0,0.01,102143,0.0,-80.01
249,BUY_A,ST_FLIP_RED,2025-06-23T22:00:00,2025-06-27T06:00:00,long,103743,106743,100,0.1,10374.3,100.0,300,299.99,25199.16,29.999,3000,2.89,0,0.0,21777.51,1829310.84,2177.751,1037.43,0,0,0.01,0,0.0,0.01,103343,0.0,299.99
250,SELL_A,ST_FLIP_GREEN,2025-06-27T06:00:00,2025-06-29T10:00:00,short,106743,107943,100,0.1,10674.3,100.0,-120,-120.01,-10080.84,-12.001,0,0.0,1200,1.12,21657.5,1819230.0,2165.75,1067.43,0,0,0.01,0,0.0,0.01,107143,0.0,-120.01
251,BUY_A,ST_FLIP_RED,2025-07-02T14:00:00,2025-07-03T14:00:00,long,108543,109143,100,0.1,10854.3,100.0,60,59.99,5039.16,5.999,600,0.55,0,0.0,21717.49,1824269.16,2171.749,1085.43,0,0,0.01,0,0.0,0.01,108143,0.0,59.99
252,SELL_A,ST_FLIP_GREEN,2025-07-04T06:00:00,2025-07-06T12:00:00,short,108943,108543,100,0.1,10894.3,100.0,40,39.99,3359.16,3.999,400,0.37,0,0.0,21757.48,1827628.32,2175.748,1089.43,0,0,0.01,0,0.0,0.01,109343,0.0,39.99
253,BUY_A,ST_FLIP_RED,2025-07-06T20:00:00,2025-07-07T14:00:00,long,109143,108343,100,0.1,10914.3,100.0,-80,-80.01,-6720.84,-8.001,0,0.0,800,0.73,21677.47,1820907.48,2167.747,1091.43,0,0,0.01,0,0.0,0.01,108743,0.0,-80.01
254,BUY_A,ST_FLIP_RED,2025-07-08T16:00:00,2025-07-11T14:00:00,long,108943,117343,100,0.1,10894.3,100.0,840,839.99,70559.16,83.999,8400,7.71,0,0.0,22517.46,1891466.64,2251.746,1089.43,0,0,0.01,0,0.0,0.01,108543,0.0,839.99
255,BUY_A,ST_FLIP_RED,2025-07-12T08:00:00,2025-07-14T10:00:00,long,117943,121743,100,0.1,11794.3,100.0,380,379.99,31919.16,37.999,3800,3.22,0,0.0,22897.45,1923385.8,2289.745,1179.43,0,0,0.01,0,0.0,0.01,117543,0.0,379.99
256,SELL_A,ST_FLIP_GREEN,2025-07-15T14:00:00,2025-07-15T16:00:00,short,116743,117343,100,0.1,11674.3,100.0,-60,-60.01,-5040.84,-6.001,0,0.0,600,0.51,22837.44,1918344.96,2283.744,1167.43,0,0,0.01,0,0.0,0.01,117143,0.0,-60.01
257,BUY_A,ST_FLIP_RED,2025-07-15T20:00:00,2025-07-17T00:00:00,long,117343,118143,100,0.1,11734.3,100.0,80,79.99,6719.16,7.999,800,0.68,0,0.0,22917.43,1925064.12,2291.743,1173.43,0,0,0.01,0,0.0,0.01,116943,0.0,79.99
258,SELL_A,ST_FLIP_GREEN,2025-07-17T10:00:00,2025-07-17T16:00:00,short,117943,119143,100,0.1,11794.3,100.0,-120,-120.01,-10080.84,-12.001,0,0.0,1200,1.02,22797.42,1914983.28,2279.742,1179.43,0,0,0.01,0,0.0,0.01,118343,0.0,-120.01
259,BUY_A,ST_FLIP_RED,2025-07-17T20:00:00,2025-07-17T22:00:00,long,119543,119143,100,0.1,11954.3,100.0,-40,-40.01,-3360.84,-4.001,0,0.0,400,0.33,22757.41,1911622.44,2275.741,1195.43,0,0,0.01,0,0.0,0.01,119143,0.0,-40.01
260,SELL_A,ST_FLIP_GREEN,2025-07-20T22:00:00,2025-07-21T02:00:00,short,117343,118543,100,0.1,11734.3,100.0,-120,-120.01,-10080.84,-12.001,0,0.0,1200,1.02,22637.4,1901541.6,2263.74,1173.43,0,0,0.01,0,0.0,0.01,117743,0.0,-120.01
261,SELL_A,ST_FLIP_GREEN,2025-07-21T14:00:00,2025-07-22T06:00:00,short,118343,117743,100,0.1,11834.3,100.0,60,59.99,5039.16,5.999,600,0.51,0,0.0,22697.39,1906580.76,2269.739,1183.43,0,0,0.01,0,0.0,0.01,118743,0.0,59.99
262,BUY_A,ST_FLIP_RED,2025-07-22T08:00:00,2025-07-22T12:00:00,long,118343,118143,100,0.1,11834.3,100.0,-20,-20.01,-1680.84,-2.001,0,0.0,200,0.17,22677.38,1904899.92,2267.738,1183.43,0,0,0.01,0,0.0,0.01,117943,0.0,-20.01
263,BUY_A,ST_FLIP_RED,2025-07-22T20:00:00,2025-07-23T02:00:00,long,119343,118943,100,0.1,11934.3,100.0,-40,-40.01,-3360.84,-4.001,0,0.0,400,0.34,22637.37,1901539.08,2263.737,1193.43,0,0,0.01,0,0.0,0.01,118943,0.0,-40.01
264,BUY_A,ST_FLIP_RED,2025-07-23T18:00:00,2025-07-24T04:00:00,long,118343,117743,100,0.1,11834.3,100.0,-60,-60.01,-5040.84,-6.001,0,0.0,600,0.51,22577.36,1896498.24,2257.736,1183.43,0,0,0.01,0,0.0,0.01,117943,0.0,-60.01
265,SELL_A,ST_FLIP_GREEN,2025-07-25T02:00:00,2025-07-25T10:00:00,short,117343,116343,100,0.1,11734.3,100.0,100,99.99,8399.16,9.999,1000,0.85,0,0.0,22677.35,1904897.4,2267.735,1173.43,0,0,0.01,0,0.0,0.01,117743,0.0,99.99
266,BUY_A,ST_FLIP_RED,2025-07-25T16:00:00,2025-07-28T14:00:00,long,115943,118343,100,0.1,11594.3,100.0,240,239.99,20159.16,23.999,2400,2.07,0,0.0,22917.34,1925056.56,2291.734,1159.43,0,0,0.01,0,0.0,0.01,115543,0.0,239.99
267,SELL_A,ST_FLIP_GREEN,2025-07-30T18:00:00,2025-07-31T00:00:00,short,117143,117943,100,0.1,11714.3,100.0,-80,-80.01,-6720.84,-8.001,0,0.0,800,0.68,22837.33,1918335.72,2283.733,1171.43,0,0,0.01,0,0.0,0.01,117543,0.0,-80.01
268,SELL_A,ST_FLIP_GREEN,2025-08-01T08:00:00,2025-08-01T14:00:00,short,114943,115343,100,0.1,11494.3,100.0,-40,-40.01,-3360.84,-4.001,0,0.0,400,0.35,22797.32,1914974.88,2279.732,1149.43,0,0,0.01,0,0.0,0.01,115343,0.0,-40.01
269,SELL_A,ST_FLIP_GREEN,2025-08-02T14:00:00,2025-08-03T02:00:00,short,112743,113543,100,0.1,11274.3,100.0,-80,-80.01,-6720.84,-8.001,0,0.0,800,0.71,22717.31,1908254.04,2271.731,1127.43,0,0,0.01,0,0.0,0.01,113143,0.0,-80.01
270,SELL_A,ST_FLIP_GREEN,2025-08-05T14:00:00,2025-08-05T22:00:00,short,112943,113943,100,0.1,11294.3,100.0,-100,-100.01,-8400.84,-10.001,0,0.0,1000,0.89,22617.3,1899853.2,2261.73,1129.43,0,0,0.01,0,0.0,0.01,113343,0.0,-100.01
271,BUY_A,ST_FLIP_RED,2025-08-06T04:00:00,2025-08-08T14:00:00,long,113943,116343,100,0.1,11394.3,100.0,240,239.99,20159.16,23.999,2400,2.11,0,0.0,22857.29,1920012.36,2285.729,1139.43,0,0,0.01,0,0.0,0.01,113543,0.0,239.99
272,SELL_A,ST_FLIP_GREEN,2025-08-09T00:00:00,2025-08-09T08:00:00,short,116543,117343,100,0.1,11654.3,100.0,-80,-80.01,-6720.84,-8.001,0,0.0,800,0.69,22777.28,1913291.52,2277.728,1165.43,0,0,0.01,0,0.0,0.01,116943,0.0,-80.01
273,BUY_A,ST_FLIP_RED,2025-08-10T22:00:00,2025-08-11T10:00:00,long,119143,120943,100,0.1,11914.3,100.0,180,179.99,15119.16,17.999,1800,1.51,0,0.0,22957.27,1928410.68,2295.727,1191.43,0,0,0.01,0,0.0,0.01,118743,0.0,179.99
274,SELL_A,ST_FLIP_GREEN,2025-08-11T10:00:00,2025-08-12T14:00:00,short,120743,119543,100,0.1,12074.3,100.0,120,119.99,10079.16,11.999,1200,0.99,0,0.0,23077.26,1938489.84,2307.726,1207.43,0,0,0.01,0,0.0,0.01,121143,0.0,119.99
275,BUY_A,ST_FLIP_RED,2025-08-12T18:00:00,2025-08-13T14:00:00,long,119743,120743,100,0.1,11974.3,100.0,100,99.99,8399.16,9.999,1000,0.84,0,0.0,23177.25,1946889.0,2317.725,1197.43,0,0,0.01,0,0.0,0.01,119343,0.0,99.99
276,SELL_A,ST_FLIP_GREEN,2025-08-14T04:00:00,2025-08-15T04:00:00,short,122143,118943,100,0.1,12214.3,100.0,320,319.99,26879.16,31.999,3200,2.62,0,0.0,23497.24,1973768.16,2349.724,1221.43,0,0,0.01,0,0.0,0.01,122543,0.0,319.99
277,SELL_A,ST_FLIP_GREEN,2025-08-15T18:00:00,2025-08-16T00:00:00,short,116943,117943,100,0.1,11694.3,100.0,-100,-100.01,-8400.84,-10.001,0,0.0,1000,0.86,23397.23,1965367.32,2339.723,1169.43,0,0,0.01,0,0.0,0.01,117343,0.0,-100.01
278,BUY_A,ST_FLIP_RED,2025-08-17T04:00:00,2025-08-18T00:00:00,long,117743,117143,100,0.1,11774.3,100.0,-60,-60.01,-5040.84,-6.001,0,0.0,600,0.51,23337.22,1960326.48,2333.722,1177.43,0,0,0.01,0,0.0,0.01,117343,0.0,-60.01
279,SELL_A,ST_FLIP_GREEN,2025-08-19T14:00:00,2025-08-20T16:00:00,short,114743,113743,100,0.1,11474.3,100.0,100,99.99,8399.16,9.999,1000,0.87,0,0.0,23437.21,1968725.64,2343.721,1147.43,0,0,0.01,0,0.0,0.01,115143,0.0,99.99
280,SELL_A,ST_FLIP_GREEN,2025-08-22T10:00:00,2025-08-22T14:00:00,short,112143,113343,100,0.1,11214.3,100.0,-120,-120.01,-10080.84,-12.001,0,0.0,1200,1.07,23317.2,1958644.8,2331.72,1121.43,0,0,0.01,0,0.0,0.01,112543,0.0,-120.01
281,SELL_A,ST_FLIP_GREEN,2025-08-24T02:00:00,2025-08-25T14:00:00,short,115143,112343,100,0.1,11514.3,100.0,280,279.99,23519.16,27.999,2800,2.43,0,0.0,23597.19,1982163.96,2359.719,1151.43,0,0,0.01,0,0.0,0.01,115543,0.0,279.99
282,BUY_A,ST_FLIP_RED,2025-08-26T18:00:00,2025-08-27T06:00:00,long,110943,110543,100,0.1,11094.3,100.0,-40,-40.01,-3360.84,-4.001,0,0.0,400,0.36,23557.18,1978803.12,2355.718,1109.43,0,0,0.01,0,0.0,0.01,110543,0.0,-40.01
283,BUY_A,ST_FLIP_RED,2025-08-28T04:00:00,2025-08-28T18:00:00,long,112743,111943,100,0.1,11274.3,100.0,-80,-80.01,-6720.84,-8.001,0,0.0,800,0.71,23477.17,1972082.28,2347.717,1127.43,0,0,0.01,0,0.0,0.01,112343,0.0,-80.01
284,SELL_A,ST_FLIP_GREEN,2025-08-28T18:00:00,2025-08-30T02:00:00,short,111943,108543,100,0.1,11194.3,100.0,340,339.99,28559.16,33.999,3400,3.04,0,0.0,23817.16,2000641.44,2381.716,1119.43,0,0,0.01,0,0.0,0.01,112343,0.0,339.99
285,BUY_A,ST_FLIP_RED,2025-08-31T16:00:00,2025-08-31T22:00:00,long,109143,108343,100,0.1,10914.3,100.0,-80,-80.01,-6720.84,-8.001,0,0.0,800,0.73,23737.15,1993920.6,2373.715,1091.43,0,0,0.01,0,0.0,0.01,108743,0.0,-80.01
286,BUY_A,ST_FLIP_RED,2025-09-01T06:00:00,2025-09-01T10:00:00,long,108943,108543,100,0.1,10894.3,100.0,-40,-40.01,-3360.84,-4.001,0,0.0,400,0.37,23697.14,1990559.76,2369.714,1089.43,0,0,0.01,0,0.0,0.01,108543,0.0,-40.01
287,SELL_A,ST_FLIP_GREEN,2025-09-01T20:00:00,2025-09-01T22:00:00,short,108543,108943,100,0.1,10854.3,100.0,-40,-40.01,-3360.84,-4.001,0,0.0,400,0.37,23657.13,1987198.92,2365.713,1085.43,0,0,0.01,0,0.0,0.01,108943,0.0,-40.01
288,BUY_A,ST_FLIP_RED,2025-09-02T12:00:00,2025-09-04T02:00:00,long,111143,111143,100,0.1,11114.3,100.0,0,-0.01,-0.84,-0.001,0,0.0,0,0.0,23657.12,1987198.08,2365.712,1111.43,0,0,0.01,0,0.0,0.01,110743,0.0,-0.01
289,BUY_A,ST_FLIP_RED,2025-09-05T12:00:00,2025-09-05T14:00:00,long,112943,111943,100,0.1,11294.3,100.0,-100,-100.01,-8400.84,-10.001,0,0.0,1000,0.89,23557.11,1978797.24,2355.711,1129.43,0,0,0.01,0,0.0,0.01,112543,0.0,-100.01
290,SELL_A,ST_FLIP_GREEN,2025-09-06T14:00:00,2025-09-08T08:00:00,short,110343,111343,100,0.1,11034.3,100.0,-100,-100.01,-8400.84,-10.001,0,0.0,1000,0.91,23457.1,1970396.4,2345.71,1103.43,0,0,0.01,0,0.0,0.01,110743,0.0,-100.01
291,SELL_A,ST_FLIP_GREEN,2025-09-09T14:00:00,2025-09-10T06:00:00,short,111943,111943,100,0.1,11194.3,100.0,0,-0.01,-0.84,-0.001,0,0.0,0,0.0,23457.09,1970395.56,2345.709,1119.43,0,0,0.01,0,0.0,0.01,112343,0.0,-0.01
292,BUY_A,ST_FLIP_RED,2025-09-12T04:00:00,2025-09-13T16:00:00,long,115543,115543,100,0.1,11554.3,100.0,0,-0.01,-0.84,-0.001,0,0.0,0,0.0,23457.08,1970394.72,2345.708,1155.43,0,0,0.01,0,0.0,0.01,115143,0.0,-0.01
293,SELL_A,ST_FLIP_GREEN,2025-09-14T12:00:00,2025-09-15T04:00:00,short,115543,116343,100,0.1,11554.3,100.0,-80,-80.01,-6720.84,-8.001,0,0.0,800,0.69,23377.07,1963673.88,2337.707,1155.43,0,0,0.01,0,0.0,0.01,115943,0.0,-80.01
294,SELL_A,ST_FLIP_GREEN,2025-09-15T08:00:00,2025-09-16T04:00:00,short,114943,115743,100,0.1,11494.3,100.0,-80,-80.01,-6720.84,-8.001,0,0.0,800,0.7,23297.06,1956953.04,2329.706,1149.43,0,0,0.01,0,0.0,0.01,115343,0.0,-80.01
295,BUY_A,ST_FLIP_RED,2025-09-16T14:00:00,2025-09-17T14:00:00,long,115743,115943,100,0.1,11574.3,100.0,20,19.99,1679.16,1.999,200,0.17,0,0.0,23317.05,1958632.2,2331.705,1157.43,0,0,0.01,0,0.0,0.01,115343,0.0,19.99
296,SELL_A,ST_FLIP_GREEN,2025-09-22T06:00:00,2025-09-24T04:00:00,short,113143,112743,100,0.1,11314.3,100.0,40,39.99,3359.16,3.999,400,0.35,0,0.0,23357.04,1961991.36,2335.704,1131.43,0,0,0.01,0,0.0,0.01,113543,0.0,39.99
297,SELL_A,ST_FLIP_GREEN,2025-09-25T16:00:00,2025-09-26T12:00:00,short,110943,109743,100,0.1,11094.3,100.0,120,119.99,10079.16,11.999,1200,1.08,0,0.0,23477.03,1972070.52,2347.703,1109.43,0,0,0.01,0,0.0,0.01,111343,0.0,119.99
298,BUY_A,ST_FLIP_RED,2025-09-28T20:00:00,2025-09-30T08:00:00,long,110343,113343,100,0.1,11034.3,100.0,300,299.99,25199.16,29.999,3000,2.72,0,0.0,23777.02,1997269.68,2377.702,1103.43,0,0,0.01,0,0.0,0.01,109943,0.0,299.99
299,SELL_A,ST_FLIP_GREEN,2025-09-30T14:00:00,2025-09-30T18:00:00,short,113143,113943,100,0.1,11314.3,100.0,-80,-80.01,-6720.84,-8.001,0,0.0,800,0.71,23697.01,1990548.84,2369.701,1131.43,0,0,0.01,0,0.0,0.01,113543,0.0,-80.01
300,BUY_A,ST_FLIP_RED,2025-10-04T12:00:00,2025-10-05T08:00:00,long,122343,123943,100,0.1,12234.3,100.0,160,159.99,13439.16,15.999,1600,1.31,0,0.0,23857.0,2003988.0,2385.7,1223.43,0,0,0.01,0,0.0,0.01,121943,0.0,159.99
301,SELL_A,ST_FLIP_GREEN,2025-10-05T12:00:00,2025-10-06T00:00:00,short,122943,123943,100,0.1,12294.3,100.0,-100,-100.01,-8400.84,-10.001,0,0.0,1000,0.81,23756.99,1995587.16,2375.699,1229.43,0,0,0.01,0,0.0,0.01,123343,0.0,-100.01
302,BUY_A,ST_FLIP_RED,2025-10-06T12:00:00,2025-10-07T02:00:00,long,124343,124343,100,0.1,12434.3,100.0,0,-0.01,-0.84,-0.001,0,0.0,0,0.0,23756.98,1995586.32,2375.698,1243.43,0,0,0.01,0,0.0,0.01,123943,0.0,-0.01
303,SELL_A,ST_FLIP_GREEN,2025-10-07T02:00:00,2025-10-08T08:00:00,short,124343,122143,100,0.1,12434.3,100.0,220,219.99,18479.16,21.999,2200,1.77,0,0.0,23976.97,2014065.48,2397.697,1243.43,0,0,0.01,0,0.0,0.01,124743,0.0,219.99
304,BUY_A,ST_FLIP_RED,2025-10-08T08:00:00,2025-10-09T00:00:00,long,122143,123143,100,0.1,12214.3,100.0,100,99.99,8399.16,9.999,1000,0.82,0,0.0,24076.96,2022464.64,2407.696,1221.43,0,0,0.01,0,0.0,0.01,121743,0.0,99.99
305,SELL_A,ST_FLIP_GREEN,2025-10-09T00:00:00,2025-10-11T02:00:00,short,123143,112143,100,0.1,12314.3,100.0,1100,1099.99,92399.16,109.999,11000,8.93,0,0.0,25176.95,2114863.8,2517.695,1231.43,0,0,0.01,0,0.0,0.01,123543,0.0,1099.99
306,BUY_A,ST_FLIP_RED,2025-10-12T14:00:00,2025-10-13T10:00:00,long,111743,114543,100,0.1,11174.3,100.0,280,279.99,23519.16,27.999,2800,2.51,0,0.0,25456.94,2138382.96,2545.694,1117.43,0,0,0.01,0,0.0,0.01,111343,0.0,279.99
307,BUY_A,ST_FLIP_RED,2025-10-13T18:00:00,2025-10-14T00:00:00,long,115343,114543,100,0.1,11534.3,100.0,-80,-80.01,-6720.84,-8.001,0,0.0,800,0.69,25376.93,2131662.12,2537.693,1153.43,0,0,0.01,0,0.0,0.01,114943,0.0,-80.01
308,SELL_A,ST_FLIP_GREEN,2025-10-14T02:00:00,2025-10-14T14:00:00,short,113943,112143,100,0.1,11394.3,100.0,180,179.99,15119.16,17.999,1800,1.58,0,0.0,25556.92,2146781.28,2555.692,1139.43,0,0,0.01,0,0.0,0.01,114343,0.0,179.99
309,SELL_A,ST_FLIP_GREEN,2025-10-15T10:00:00,2025-10-17T10:00:00,short,111943,105543,100,0.1,11194.3,100.0,640,639.99,53759.16,63.999,6400,5.72,0,0.0,26196.91,2200540.44,2619.691,1119.43,0,0,0.01,0,0.0,0.01,112343,0.0,639.99
310,BUY_A,ST_FLIP_RED,2025-10-17T10:00:00,2025-10-20T00:00:00,long,105543,107943,100,0.1,10554.3,100.0,240,239.99,20159.16,23.999,2400,2.27,0,0.0,26436.9,2220699.6,2643.69,1055.43,0,0,0.01,0,0.0,0.01,105143,0.0,239.99
311,SELL_A,ST_FLIP_GREEN,2025-10-22T20:00:00,2025-10-23T04:00:00,short,107343,108343,100,0.1,10734.3,100.0,-100,-100.01,-8400.84,-10.001,0,0.0,1000,0.93,26336.89,2212298.76,2633.689,1073.43,0,0,0.01,0,0.0,0.01,107743,0.0,-100.01
312,BUY_A,ST_FLIP_RED,2025-10-25T04:00:00,2025-10-27T20:00:00,long,111343,114543,100,0.1,11134.3,100.0,320,319.99,26879.16,31.999,3200,2.87,0,0.0,26656.88,2239177.92,2665.688,1113.43,0,0,0.01,0,0.0,0.01,110943,0.0,319.99
313,BUY_A,ST_FLIP_RED,2025-10-28T16:00:00,2025-10-28T18:00:00,long,115343,114343,100,0.1,11534.3,100.0,-100,-100.01,-8400.84,-10.001,0,0.0,1000,0.87,26556.87,2230777.08,2655.687,1153.43,0,0,0.01,0,0.0,0.01,114943,0.0,-100.01
314,SELL_A,ST_FLIP_GREEN,2025-10-30T12:00:00,2025-10-30T20:00:00,short,108743,107543,100,0.1,10874.3,100.0,120,119.99,10079.16,11.999,1200,1.1,0,0.0,26676.86,2240856.24,2667.686,1087.43,0,0,0.01,0,0.0,0.01,109143,0.0,119.99
315,BUY_A,ST_FLIP_RED,2025-10-31T00:00:00,2025-10-31T16:00:00,long,109543,109343,100,0.1,10954.3,100.0,-20,-20.01,-1680.84,-2.001,0,0.0,200,0.18,26656.85,2239175.4,2665.685,1095.43,0,0,0.01,0,0.0,0.01,109143,0.0,-20.01
316,SELL_A,ST_FLIP_GREEN,2025-10-31T20:00:00,2025-11-01T02:00:00,short,109543,110143,100,0.1,10954.3,100.0,-60,-60.01,-5040.84,-6.001,0,0.0,600,0.55,26596.84,2234134.56,2659.684,1095.43,0,0,0.01,0,0.0,0.01,109943,0.0,-60.01
317,BUY_B,ST_FLIP_RED,2025-11-02T04:00:00,2025-11-03T00:00:00,long,110143,109943,100,0.1,11014.3,100.0,-20,-20.01,-1680.84,-2.001,0,0.0,200,0.18,26576.83,2232453.72,2657.683,1101.43,0,0,0.01,0,0.0,0.01,109743,0.0,-20.01
318,SELL_A,ST_FLIP_GREEN,2025-11-03T02:00:00,2025-11-03T16:00:00,short,109543,106543,100,0.1,10954.3,100.0,300,299.99,25199.16,29.999,3000,2.74,0,0.0,26876.82,2257652.88,2687.682,1095.43,0,0,0.01,0,0.0,0.01,109943,0.0,299.99
319,SELL_A,ST_FLIP_GREEN,2025-11-04T14:00:00,2025-11-04T22:00:00,short,103543,101343,100,0.1,10354.3,100.0,220,219.99,18479.16,21.999,2200,2.12,0,0.0,27096.81,2276132.04,2709.681,1035.43,0,0,0.01,0,0.0,0.01,103943,0.0,219.99
320,BUY_A,ST_FLIP_RED,2025-11-07T16:00:00,2025-11-08T02:00:00,long,101343,102743,100,0.1,10134.3,100.0,140,139.99,11759.16,13.999,1400,1.38,0,0.0,27236.8,2287891.2,2723.68,1013.43,0,0,0.01,0,0.0,0.01,100943,0.0,139.99
321,SELL_A,ST_FLIP_GREEN,2025-11-09T02:00:00,2025-11-09T12:00:00,short,101743,102743,100,0.1,10174.3,100.0,-100,-100.01,-8400.84,-10.001,0,0.0,1000,0.98,27136.79,2279490.36,2713.679,1017.43,0,0,0.01,0,0.0,0.01,102143,0.0,-100.01
322,SELL_A,ST_FLIP_GREEN,2025-11-13T16:00:00,2025-11-13T22:00:00,short,99943,99743,100,0.1,9994.3,100.0,20,19.99,1679.16,1.999,200,0.2,0,0.0,27156.78,2281169.52,2715.678,999.43,0,0,0.01,0,0.0,0.01,100343,0.0,19.99
323,SELL_A,ST_FLIP_GREEN,2025-11-14T04:00:00,2025-11-14T14:00:00,short,97543,96343,100,0.1,9754.3,100.0,120,119.99,10079.16,11.999,1200,1.23,0,0.0,27276.77,2291248.68,2727.677,975.43,0,0,0.01,0,0.0,0.01,97943,0.0,119.99
324,BUY_A,ST_FLIP_RED,2025-11-14T14:00:00,2025-11-14T16:00:00,long,96343,95943,100,0.1,9634.3,100.0,-40,-40.01,-3360.84,-4.001,0,0.0,400,0.42,27236.76,2287887.84,2723.676,963.43,0,0,0.01,0,0.0,0.01,95943,0.0,-40.01
325,BUY_A,ST_FLIP_RED,2025-11-15T00:00:00,2025-11-15T20:00:00,long,95743,95343,100,0.1,9574.3,100.0,-40,-40.01,-3360.84,-4.001,0,0.0,400,0.42,27196.75,2284527.0,2719.675,957.43,0,0,0.01,0,0.0,0.01,95343,0.0,-40.01
326,SELL_A,ST_FLIP_GREEN,2025-11-16T14:00:00,2025-11-17T00:00:00,short,94943,94543,100,0.1,9494.3,100.0,40,39.99,3359.16,3.999,400,0.42,0,0.0,27236.74,2287886.16,2723.674,949.43,0,0,0.01,0,0.0,0.01,95343,0.0,39.99
327,SELL_A,ST_FLIP_GREEN,2025-11-18T02:00:00,2025-11-18T08:00:00,short,91143,91343,100,0.1,9114.3,100.0,-20,-20.01,-1680.84,-2.001,0,0.0,200,0.22,27216.73,2286205.32,2721.673,911.43,0,0,0.01,0,0.0,0.01,91543,0.0,-20.01
328,BUY_A,ST_FLIP_RED,2025-11-19T20:00:00,2025-11-20T12:00:00,long,90743,91543,100,0.1,9074.3,100.0,80,79.99,6719.16,7.999,800,0.88,0,0.0,27296.72,2292924.48,2729.672,907.43,0,0,0.01,0,0.0,0.01,90343,0.0,79.99
329,BUY_A,ST_FLIP_RED,2025-11-23T08:00:00,2025-11-23T22:00:00,long,86543,86943,100,0.1,8654.3,100.0,40,39.99,3359.16,3.999,400,0.46,0,0.0,27336.71,2296283.64,2733.671,865.43,0,0,0.01,0,0.0,0.01,86143,0.0,39.99
330,SELL_A,ST_FLIP_GREEN,2025-11-24T06:00:00,2025-11-24T16:00:00,short,86943,86943,100,0.1,8694.3,100.0,0,-0.01,-0.84,-0.001,0,0.0,0,0.0,27336.7,2296282.8,2733.67,869.43,0,0,0.01,0,0.0,0.01,87343,0.0,-0.01
331,BUY_A,ST_FLIP_RED,2025-11-24T16:00:00,2025-11-25T00:00:00,long,87143,87543,100,0.1,8714.3,100.0,40,39.99,3359.16,3.999,400,0.46,0,0.0,27376.69,2299641.96,2737.669,871.43,0,0,0.01,0,0.0,0.01,86743,0.0,39.99
332,SELL_A,ST_FLIP_GREEN,2025-11-25T06:00:00,2025-11-26T16:00:00,short,87743,87943,100,0.1,8774.3,100.0,-20,-20.01,-1680.84,-2.001,0,0.0,200,0.23,27356.68,2297961.12,2735.668,877.43,0,0,0.01,0,0.0,0.01,88143,0.0,-20.01
333,BUY_A,ST_FLIP_RED,2025-11-26T16:00:00,2025-11-28T16:00:00,long,87943,90943,100,0.1,8794.3,100.0,300,299.99,25199.16,29.999,3000,3.41,0,0.0,27656.67,2323160.28,2765.667,879.43,0,0,0.01,0,0.0,0.01,87543,0.0,299.99
334,SELL_A,ST_FLIP_GREEN,2025-11-28T16:00:00,2025-11-30T12:00:00,short,90543,91543,100,0.1,9054.3,100.0,-100,-100.01,-8400.84,-10.001,0,0.0,1000,1.1,27556.66,2314759.44,2755.666,905.43,0,0,0.01,0,0.0,0.01,90943,0.0,-100.01
335,SELL_A,ST_FLIP_GREEN,2025-12-01T00:00:00,2025-12-01T20:00:00,short,89743,85743,100,0.1,8974.3,100.0,400,399.99,33599.16,39.999,4000,4.46,0,0.0,27956.65,2348358.6,2795.665,897.43,0,0,0.01,0,0.0,0.01,90143,0.0,399.99
336,BUY_A,ST_FLIP_RED,2025-12-03T04:00:00,2025-12-03T14:00:00,long,92943,92543,100,0.1,9294.3,100.0,-40,-40.01,-3360.84,-4.001,0,0.0,400,0.43,27916.64,2344997.76,2791.664,929.43,0,0,0.01,0,0.0,0.01,92543,0.0,-40.01
337,SELL_A,ST_FLIP_GREEN,2025-12-04T16:00:00,2025-12-07T16:00:00,short,92343,90143,100,0.1,9234.3,100.0,220,219.99,18479.16,21.999,2200,2.38,0,0.0,28136.63,2363476.92,2813.663,923.43,0,0,0.01,0,0.0,0.01,92743,0.0,219.99
338,SELL_A,ST_FLIP_GREEN,2025-12-08T14:00:00,2025-12-08T20:00:00,short,90743,90743,100,0.1,9074.3,100.0,0,-0.01,-0.84,-0.001,0,0.0,0,0.0,28136.62,2363476.08,2813.662,907.43,0,0,0.01,0,0.0,0.01,91143,0.0,-0.01
339,SELL_A,ST_FLIP_GREEN,2025-12-09T08:00:00,2025-12-09T14:00:00,short,89943,90943,100,0.1,8994.3,100.0,-100,-100.01,-8400.84,-10.001,0,0.0,1000,1.11,28036.61,2355075.24,2803.661,899.43,0,0,0.01,0,0.0,0.01,90343,0.0,-100.01
340,SELL_A,ST_FLIP_GREEN,2025-12-10T10:00:00,2025-12-11T18:00:00,short,92543,90943,100,0.1,9254.3,100.0,160,159.99,13439.16,15.999,1600,1.73,0,0.0,28196.6,2368514.4,2819.66,925.43,0,0,0.01,0,0.0,0.01,92943,0.0,159.99
341,BUY_A,ST_FLIP_RED,2025-12-11T20:00:00,2025-12-12T14:00:00,long,92143,91743,100,0.1,9214.3,100.0,-40,-40.01,-3360.84,-4.001,0,0.0,400,0.43,28156.59,2365153.56,2815.659,921.43,0,0,0.01,0,0.0,0.01,91743,0.0,-40.01
342,BUY_A,ST_FLIP_RED,2025-12-16T14:00:00,2025-12-16T16:00:00,long,87943,87143,100,0.1,8794.3,100.0,-80,-80.01,-6720.84,-8.001,0,0.0,800,0.91,28076.58,2358432.72,2807.658,879.43,0,0,0.01,0,0.0,0.01,87543,0.0,-80.01
343,SELL_A,ST_FLIP_GREEN,2025-12-16T16:00:00,2025-12-18T08:00:00,short,86943,86943,100,0.1,8694.3,100.0,0,-0.01,-0.84,-0.001,0,0.0,0,0.0,28076.57,2358431.88,2807.657,869.43,0,0,0.01,0,0.0,0.01,87343,0.0,-0.01
344,BUY_A,ST_FLIP_RED,2025-12-18T12:00:00,2025-12-18T16:00:00,long,87343,87743,100,0.1,8734.3,100.0,40,39.99,3359.16,3.999,400,0.46,0,0.0,28116.56,2361791.04,2811.656,873.43,0,0,0.01,0,0.0,0.01,86943,0.0,39.99
345,BUY_A,ST_FLIP_RED,2025-12-19T02:00:00,2025-12-19T16:00:00,long,85543,87143,100,0.1,8554.3,100.0,160,159.99,13439.16,15.999,1600,1.87,0,0.0,28276.55,2375230.2,2827.655,855.43,0,0,0.01,0,0.0,0.01,85143,0.0,159.99
346,SELL_A,ST_FLIP_GREEN,2025-12-19T16:00:00,2025-12-19T18:00:00,short,86743,87743,100,0.1,8674.3,100.0,-100,-100.01,-8400.84,-10.001,0,0.0,1000,1.15,28176.54,2366829.36,2817.654,867.43,0,0,0.01,0,0.0,0.01,87143,0.0,-100.01
347,SELL_A,ST_FLIP_GREEN,2025-12-21T12:00:00,2025-12-21T22:00:00,short,87743,88543,100,0.1,8774.3,100.0,-80,-80.01,-6720.84,-8.001,0,0.0,800,0.91,28096.53,2360108.52,2809.653,877.43,0,0,0.01,0,0.0,0.01,88143,0.0,-80.01
348,BUY_A,ST_FLIP_RED,2025-12-22T08:00:00,2025-12-22T18:00:00,long,89343,88743,100,0.1,8934.3,100.0,-60,-60.01,-5040.84,-6.001,0,0.0,600,0.67,28036.52,2355067.68,2803.652,893.43,0,0,0.01,0,0.0,0.01,88943,0.0,-60.01
349,SELL_A,ST_FLIP_GREEN,2025-12-22T18:00:00,2025-12-25T14:00:00,short,88343,87943,100,0.1,8834.3,100.0,40,39.99,3359.16,3.999,400,0.45,0,0.0,28076.51,2358426.84,2807.651,883.43,0,0,0.01,0,0.0,0.01,88743,0.0,39.99
350,BUY_A,ST_FLIP_RED,2025-12-26T02:00:00,2025-12-26T14:00:00,long,88143,87943,100,0.1,8814.3,100.0,-20,-20.01,-1680.84,-2.001,0,0.0,200,0.23,28056.5,2356746.0,2805.65,881.43,0,0,0.01,0,0.0,0.01,87743,0.0,-20.01
351,BUY_A,ST_FLIP_RED,2025-12-31T00:00:00,2025-12-31T14:00:00,long,88743,87943,100,0.1,8874.3,100.0,-80,-80.01,-6720.84,-8.001,0,0.0,800,0.9,27976.49,2350025.16,2797.649,887.43,0,0,0.01,0,0.0,0.01,88343,0.0,-80.01
352,BUY_A,ST_FLIP_RED,2026-01-02T08:00:00,2026-01-06T16:00:00,long,89143,93143,100,0.1,8914.3,100.0,400,399.99,33599.16,39.999,4000,4.49,0,0.0,28376.48,2383624.32,2837.648,891.43,0,0,0.01,0,0.0,0.01,88743,0.0,399.99
353,BUY_A,ST_FLIP_RED,2026-01-06T22:00:00,2026-01-07T00:00:00,long,93343,92543,100,0.1,9334.3,100.0,-80,-80.01,-6720.84,-8.001,0,0.0,800,0.86,28296.47,2376903.48,2829.647,933.43,0,0,0.01,0,0.0,0.01,92943,0.0,-80.01
354,SELL_A,ST_FLIP_GREEN,2026-01-07T04:00:00,2026-01-08T16:00:00,short,92343,90943,100,0.1,9234.3,100.0,140,139.99,11759.16,13.999,1400,1.52,0,0.0,28436.46,2388662.64,2843.646,923.43,0,0,0.01,0,0.0,0.01,92743,0.0,139.99
355,BUY_A,ST_FLIP_RED,2026-01-08T16:00:00,2026-01-09T18:00:00,long,90943,90143,100,0.1,9094.3,100.0,-80,-80.01,-6720.84,-8.001,0,0.0,800,0.88,28356.45,2381941.8,2835.645,909.43,0,0,0.01,0,0.0,0.01,90543,0.0,-80.01
356,BUY_A,ST_FLIP_RED,2026-01-12T02:00:00,2026-01-12T08:00:00,long,91743,90943,100,0.1,9174.3,100.0,-80,-80.01,-6720.84,-8.001,0,0.0,800,0.87,28276.44,2375220.96,2827.644,917.43,0,0,0.01,0,0.0,0.01,91343,0.0,-80.01
357,BUY_A,ST_FLIP_RED,2026-01-13T04:00:00,2026-01-15T02:00:00,long,91743,96343,100,0.1,9174.3,100.0,460,459.99,38639.16,45.999,4600,5.01,0,0.0,28736.43,2413860.12,2873.643,917.43,0,0,0.01,0,0.0,0.01,91343,0.0,459.99
358,SELL_A,ST_FLIP_GREEN,2026-01-15T18:00:00,2026-01-21T04:00:00,short,96343,89543,100,0.1,9634.3,100.0,680,679.99,57119.16,67.999,6800,7.06,0,0.0,29416.42,2470979.28,2941.642,963.43,0,0,0.01,0,0.0,0.01,96743,0.0,679.99
359,BUY_A,ST_FLIP_RED,2026-01-21T04:00:00,2026-01-21T12:00:00,long,89543,88743,100,0.1,8954.3,100.0,-80,-80.01,-6720.84,-8.001,0,0.0,800,0.89,29336.41,2464258.44,2933.641,895.43,0,0,0.01,0,0.0,0.01,89143,0.0,-80.01
360,SELL_A,ST_FLIP_GREEN,2026-01-21T16:00:00,2026-01-21T18:00:00,short,88943,88743,100,0.1,8894.3,100.0,20,19.99,1679.16,1.999,200,0.22,0,0.0,29356.4,2465937.6,2935.64,889.43,0,0,0.01,0,0.0,0.01,89343,0.0,19.99
361,SELL_A,ST_FLIP_GREEN,2026-01-22T12:00:00,2026-01-23T16:00:00,short,89543,90343,100,0.1,8954.3,100.0,-80,-80.01,-6720.84,-8.001,0,0.0,800,0.89,29276.39,2459216.76,2927.639,895.43,0,0,0.01,0,0.0,0.01,89943,0.0,-80.01
362,SELL_A,ST_FLIP_GREEN,2026-01-24T12:00:00,2026-01-26T00:00:00,short,89343,87543,100,0.1,8934.3,100.0,180,179.99,15119.16,17.999,1800,2.01,0,0.0,29456.38,2474335.92,2945.638,893.43,0,0,0.01,0,0.0,0.01,89743,0.0,179.99
363,BUY_A,ST_FLIP_RED,2026-01-26T04:00:00,2026-01-27T16:00:00,long,87543,87743,100,0.1,8754.3,100.0,20,19.99,1679.16,1.999,200,0.23,0,0.0,29476.37,2476015.08,2947.637,875.43,0,0,0.01,0,0.0,0.01,87143,0.0,19.99
364,BUY_A,ST_FLIP_RED,2026-01-30T18:00:00,2026-01-31T06:00:00,long,83343,83343,100,0.1,8334.3,100.0,0,-0.01,-0.84,-0.001,0,0.0,0,0.0,29476.36,2476014.24,2947.636,833.43,0,0,0.01,0,0.0,0.01,82943,0.0,-0.01
365,SELL_A,ST_FLIP_GREEN,2026-01-31T08:00:00,2026-02-01T02:00:00,short,83143,78743,100,0.1,8314.3,100.0,440,439.99,36959.16,43.999,4400,5.29,0,0.0,29916.35,2512973.4,2991.635,831.43,0,0,0.01,0,0.0,0.01,83543,0.0,439.99
366,BUY_A,ST_FLIP_RED,2026-02-01T08:00:00,2026-02-01T14:00:00,long,78543,77943,100,0.1,7854.3,100.0,-60,-60.01,-5040.84,-6.001,0,0.0,600,0.76,29856.34,2507932.56,2985.634,785.43,0,0,0.01,0,0.0,0.01,78143,0.0,-60.01
367,BUY_A,ST_FLIP_RED,2026-02-02T06:00:00,2026-02-03T16:00:00,long,76543,77943,100,0.1,7654.3,100.0,140,139.99,11759.16,13.999,1400,1.83,0,0.0,29996.33,2519691.72,2999.633,765.43,0,0,0.01,0,0.0,0.01,76143,0.0,139.99
368,SELL_A,ST_FLIP_GREEN,2026-02-03T16:00:00,2026-02-03T20:00:00,short,77943,75943,100,0.1,7794.3,100.0,200,199.99,16799.16,19.999,2000,2.57,0,0.0,30196.32,2536490.88,3019.632,779.43,0,0,0.01,0,0.0,0.01,78343,0.0,199.99
369,BUY_A,ST_FLIP_RED,2026-02-04T00:00:00,2026-02-04T12:00:00,long,75943,75343,100,0.1,7594.3,100.0,-60,-60.01,-5040.84,-6.001,0,0.0,600,0.79,30136.31,2531450.04,3013.631,759.43,0,0,0.01,0,0.0,0.01,75543,0.0,-60.01
370,SELL_B,ST_FLIP_GREEN,2026-02-05T00:00:00,2026-02-06T00:00:00,short,72943,63943,100,0.1,7294.3,100.0,900,899.99,75599.16,89.999,9000,12.34,0,0.0,31036.3,2607049.2,3103.63,729.43,0,0,0.01,0,0.0,0.01,73343,0.0,899.99
371,SELL_A,ST_FLIP_GREEN,2026-02-06T06:00:00,2026-02-06T08:00:00,short,65143,65743,100,0.1,6514.3,100.0,-60,-60.01,-5040.84,-6.001,0,0.0,600,0.92,30976.29,2602008.36,3097.629,651.43,0,0,0.01,0,0.0,0.01,65543,0.0,-60.01
372,BUY_A,ST_FLIP_RED,2026-02-06T14:00:00,2026-02-07T06:00:00,long,67543,69743,100,0.1,6754.3,100.0,220,219.99,18479.16,21.999,2200,3.26,0,0.0,31196.28,2620487.52,3119.628,675.43,0,0,0.01,0,0.0,0.01,67143,0.0,219.99
373,BUY_A,ST_FLIP_RED,2026-02-08T18:00:00,2026-02-08T22:00:00,long,71543,70343,100,0.1,7154.3,100.0,-120,-120.01,-10080.84,-12.001,0,0.0,1200,1.68,31076.27,2610406.68,3107.627,715.43,0,0,0.01,0,0.0,0.01,71143,0.0,-120.01
374,SELL_A,ST_FLIP_GREEN,2026-02-09T08:00:00,2026-02-09T14:00:00,short,69743,69743,100,0.1,6974.3,100.0,0,-0.01,-0.84,-0.001,0,0.0,0,0.0,31076.26,2610405.84,3107.626,697.43,0,0,0.01,0,0.0,0.01,70143,0.0,-0.01
375,BUY_B,ST_FLIP_RED,2026-02-12T08:00:00,2026-02-12T14:00:00,long,67343,67143,100,0.1,6734.3,100.0,-20,-20.01,-1680.84,-2.001,0,0.0,200,0.3,31056.25,2608725.0,3105.625,673.43,0,0,0.01,0,0.0,0.01,66943,0.0,-20.01
376,SELL_A,ST_FLIP_GREEN,2026-02-12T16:00:00,2026-02-13T08:00:00,short,66743,66543,100,0.1,6674.3,100.0,20,19.99,1679.16,1.999,200,0.3,0,0.0,31076.24,2610404.16,3107.624,667.43,0,0,0.01,0,0.0,0.01,67143,0.0,19.99
377,SELL_A,ST_FLIP_GREEN,2026-02-16T14:00:00,2026-02-16T20:00:00,short,68143,68543,100,0.1,6814.3,100.0,-40,-40.01,-3360.84,-4.001,0,0.0,400,0.59,31036.23,2607043.32,3103.623,681.43,0,0,0.01,0,0.0,0.01,68543,0.0,-40.01
378,SELL_A,ST_FLIP_GREEN,2026-02-18T18:00:00,2026-02-19T06:00:00,short,67143,67143,100,0.1,6714.3,100.0,0,-0.01,-0.84,-0.001,0,0.0,0,0.0,31036.22,2607042.48,3103.622,671.43,0,0,0.01,0,0.0,0.01,67543,0.0,-0.01
379,BUY_A,ST_FLIP_RED,2026-02-25T00:00:00,2026-02-25T04:00:00,long,64743,64743,100,0.1,6474.3,100.0,0,-0.01,-0.84,-0.001,0,0.0,0,0.0,31036.21,2607041.64,3103.621,647.43,0,0,0.01,0,0.0,0.01,64343,0.0,-0.01
380,BUY_A,ST_FLIP_RED,2026-02-25T12:00:00,2026-02-25T22:00:00,long,65743,67943,100,0.1,6574.3,100.0,220,219.99,18479.16,21.999,2200,3.35,0,0.0,31256.2,2625520.8,3125.62,657.43,0,0,0.01,0,0.0,0.01,65343,0.0,219.99
381,SELL_A,ST_FLIP_GREEN,2026-02-26T06:00:00,2026-02-28T12:00:00,short,68143,64743,100,0.1,6814.3,100.0,340,339.99,28559.16,33.999,3400,4.99,0,0.0,31596.19,2654079.96,3159.619,681.43,0,0,0.01,0,0.0,0.01,68543,0.0,339.99
382,SELL_A,ST_FLIP_GREEN,2026-03-01T16:00:00,2026-03-02T14:00:00,short,66543,66743,100,0.1,6654.3,100.0,-20,-20.01,-1680.84,-2.001,0,0.0,200,0.3,31576.18,2652399.12,3157.618,665.43,0,0,0.01,0,0.0,0.01,66943,0.0,-20.01
383,BUY_A,ST_FLIP_RED,2026-03-02T14:00:00,2026-03-03T04:00:00,long,66743,68343,100,0.1,6674.3,100.0,160,159.99,13439.16,15.999,1600,2.4,0,0.0,31736.17,2665838.28,3173.617,667.43,0,0,0.01,0,0.0,0.01,66343,0.0,159.99
384,BUY_A,ST_FLIP_RED,2026-03-04T04:00:00,2026-03-04T22:00:00,long,68143,72543,100,0.1,6814.3,100.0,440,439.99,36959.16,43.999,4400,6.46,0,0.0,32176.16,2702797.44,3217.616,681.43,0,0,0.01,0,0.0,0.01,67743,0.0,439.99
385,SELL_A,ST_FLIP_GREEN,2026-03-05T14:00:00,2026-03-09T02:00:00,short,72343,66943,100,0.1,7234.3,100.0,540,539.99,45359.16,53.999,5400,7.46,0,0.0,32716.15,2748156.6,3271.615,723.43,0,0,0.01,0,0.0,0.01,72743,0.0,539.99
386,BUY_A,ST_FLIP_RED,2026-03-10T00:00:00,2026-03-10T12:00:00,long,69343,69943,100,0.1,6934.3,100.0,60,59.99,5039.16,5.999,600,0.87,0,0.0,32776.14,2753195.76,3277.614,693.43,0,0,0.01,0,0.0,0.01,68943,0.0,59.99
387,BUY_A,ST_FLIP_RED,2026-03-12T10:00:00,2026-03-13T14:00:00,long,70543,72343,100,0.1,7054.3,100.0,180,179.99,15119.16,17.999,1800,2.55,0,0.0,32956.13,2768314.92,3295.613,705.43,0,0,0.01,0,0.0,0.01,70143,0.0,179.99
388,SELL_A,ST_FLIP_GREEN,2026-03-14T08:00:00,2026-03-15T08:00:00,short,70543,71543,100,0.1,7054.3,100.0,-100,-100.01,-8400.84,-10.001,0,0.0,1000,1.42,32856.12,2759914.08,3285.612,705.43,0,0,0.01,0,0.0,0.01,70943,0.0,-100.01
389,BUY_A,ST_FLIP_RED,2026-03-16T20:00:00,2026-03-17T02:00:00,long,74343,74543,100,0.1,7434.3,100.0,20,19.99,1679.16,1.999,200,0.27,0,0.0,32876.11,2761593.24,3287.611,743.43,0,0,0.01,0,0.0,0.01,73943,0.0,19.99
390,SELL_A,ST_FLIP_GREEN,2026-03-17T22:00:00,2026-03-20T00:00:00,short,73743,70543,100,0.1,7374.3,100.0,320,319.99,26879.16,31.999,3200,4.34,0,0.0,33196.1,2788472.4,3319.61,737.43,0,0,0.01,0,0.0,0.01,74143,0.0,319.99
391,BUY_B,ST_FLIP_RED,2026-03-20T18:00:00,2026-03-21T22:00:00,long,70143,69543,100,0.1,7014.3,100.0,-60,-60.01,-5040.84,-6.001,0,0.0,600,0.86,33136.09,2783431.56,3313.609,701.43,0,0,0.01,0,0.0,0.01,69743,0.0,-60.01
392,SELL_A,ST_FLIP_GREEN,2026-03-21T22:00:00,2026-03-23T10:00:00,short,69543,69143,100,0.1,6954.3,100.0,40,39.99,3359.16,3.999,400,0.58,0,0.0,33176.08,2786790.72,3317.608,695.43,0,0,0.01,0,0.0,0.01,69943,0.0,39.99
393,BUY_A,ST_FLIP_RED,2026-03-23T10:00:00,2026-03-23T14:00:00,long,69143,70343,100,0.1,6914.3,100.0,120,119.99,10079.16,11.999,1200,1.74,0,0.0,33296.07,2796869.88,3329.607,691.43,0,0,0.01,0,0.0,0.01,68743,0.0,119.99
394,BUY_B,ST_FLIP_RED,2026-03-24T06:00:00,2026-03-24T12:00:00,long,70743,70143,100,0.1,7074.3,100.0,-60,-60.01,-5040.84,-6.001,0,0.0,600,0.85,33236.06,2791829.04,3323.606,707.43,0,0,0.01,0,0.0,0.01,70343,0.0,-60.01
395,SELL_A,ST_FLIP_GREEN,2026-03-27T14:00:00,2026-03-28T12:00:00,short,66143,66743,100,0.1,6614.3,100.0,-60,-60.01,-5040.84,-6.001,0,0.0,600,0.91,33176.05,2786788.2,3317.605,661.43,0,0,0.01,0,0.0,0.01,66543,0.0,-60.01
396,BUY_A,ST_FLIP_RED,2026-03-29T02:00:00,2026-03-31T08:00:00,long,66743,66943,100,0.1,6674.3,100.0,20,19.99,1679.16,1.999,200,0.3,0,0.0,33196.04,2788467.36,3319.604,667.43,0,0,0.01,0,0.0,0.01,66343,0.0,19.99
397,SELL_A,ST_FLIP_GREEN,2026-03-31T08:00:00,2026-03-31T12:00:00,short,66743,67143,100,0.1,6674.3,100.0,-40,-40.01,-3360.84,-4.001,0,0.0,400,0.6,33156.03,2785106.52,3315.603,667.43,0,0,0.01,0,0.0,0.01,67143,0.0,-40.01
398,BUY_A,ST_FLIP_RED,2026-03-31T16:00:00,2026-04-02T00:00:00,long,67143,67743,100,0.1,6714.3,100.0,60,59.99,5039.16,5.999,600,0.89,0,0.0,33216.02,2790145.68,3321.602,671.43,0,0,0.01,0,0.0,0.01,66743,0.0,59.99
399,BUY_A,ST_FLIP_RED,2026-04-05T14:00:00,2026-04-06T22:00:00,long,67143,68743,100,0.1,6714.3,100.0,160,159.99,13439.16,15.999,1600,2.38,0,0.0,33376.01,2803584.84,3337.601,671.43,0,0,0.01,0,0.0,0.01,66743,0.0,159.99
400,SELL_A,ST_FLIP_GREEN,2026-04-07T10:00:00,2026-04-07T20:00:00,short,68743,69343,100,0.1,6874.3,100.0,-60,-60.01,-5040.84,-6.001,0,0.0,600,0.87,33316.0,2798544.0,3331.6,687.43,0,0,0.01,0,0.0,0.01,69143,0.0,-60.01
401,BUY_A,ST_FLIP_RED,2026-04-08T16:00:00,2026-04-12T00:00:00,long,71943,72343,100,0.1,7194.3,100.0,40,39.99,3359.16,3.999,400,0.56,0,0.0,33355.99,2801903.16,3335.599,719.43,0,0,0.01,0,0.0,0.01,71543,0.0,39.99
402,SELL_A,ST_FLIP_GREEN,2026-04-15T02:00:00,2026-04-15T18:00:00,short,74343,74943,100,0.1,7434.3,100.0,-60,-60.01,-5040.84,-6.001,0,0.0,600,0.81,33295.98,2796862.32,3329.598,743.43,0,0,0.01,0,0.0,0.01,74743,0.0,-60.01
403,BUY_A,ST_FLIP_RED,2026-04-17T12:00:00,2026-04-18T10:00:00,long,76743,76543,100,0.1,7674.3,100.0,-20,-20.01,-1680.84,-2.001,0,0.0,200,0.26,33275.97,2795181.48,3327.597,767.43,0,0,0.01,0,0.0,0.01,76343,0.0,-20.01
404,SELL_A,ST_FLIP_GREEN,2026-04-18T10:00:00,2026-04-20T06:00:00,short,76343,74943,100,0.1,7634.3,100.0,140,139.99,11759.16,13.999,1400,1.83,0,0.0,33415.96,2806940.64,3341.596,763.43,0,0,0.01,0,0.0,0.01,76743,0.0,139.99
405,BUY_A,ST_FLIP_RED,2026-04-22T02:00:00,2026-04-22T22:00:00,long,76943,78143,100,0.1,7694.3,100.0,120,119.99,10079.16,11.999,1200,1.56,0,0.0,33535.95,2817019.8,3353.595,769.43,0,0,0.01,0,0.0,0.01,76543,0.0,119.99
406,SELL_A,ST_FLIP_GREEN,2026-04-23T16:00:00,2026-04-26T22:00:00,short,77743,78543,100,0.1,7774.3,100.0,-80,-80.01,-6720.84,-8.001,0,0.0,800,1.03,33455.94,2810298.96,3345.594,777.43,0,0,0.01,0,0.0,0.01,78143,0.0,-80.01
407,BUY_A,ST_FLIP_RED,2026-04-26T22:00:00,2026-04-27T04:00:00,long,78543,78143,100,0.1,7854.3,100.0,-40,-40.01,-3360.84,-4.001,0,0.0,400,0.51,33415.93,2806938.12,3341.593,785.43,0,0,0.01,0,0.0,0.01,78143,0.0,-40.01
408,SELL_A,ST_FLIP_GREEN,2026-04-27T16:00:00,2026-04-29T08:00:00,short,76743,77343,100,0.1,7674.3,100.0,-60,-60.01,-5040.84,-6.001,0,0.0,600,0.78,33355.92,2801897.28,3335.592,767.43,0,0,0.01,0,0.0,0.01,77143,0.0,-60.01
409,SELL_A,ST_FLIP_GREEN,2026-05-07T08:00:00,2026-05-09T16:00:00,short,80943,80543,100,0.1,8094.3,100.0,40,39.99,3359.16,3.999,400,0.49,0,0.0,33395.91,2805256.44,3339.591,809.43,0,0,0.01,0,0.0,0.01,81343,0.0,39.99
410,SELL_A,ST_FLIP_GREEN,2026-05-11T00:00:00,2026-05-11T16:00:00,short,81343,81743,100,0.1,8134.3,100.0,-40,-40.01,-3360.84,-4.001,0,0.0,400,0.49,33355.9,2801895.6,3335.59,813.43,0,0,0.01,0,0.0,0.01,81743,0.0,-40.01
411,SELL_A,ST_FLIP_GREEN,2026-05-13T12:00:00,2026-05-14T04:00:00,short,80143,79943,100,0.1,8014.3,100.0,20,19.99,1679.16,1.999,200,0.25,0,0.0,33375.89,2803574.76,3337.589,801.43,0,0,0.01,0,0.0,0.01,80543,0.0,19.99
412,BUY_A,ST_FLIP_RED,2026-05-14T14:00:00,2026-05-15T04:00:00,long,80743,80543,100,0.1,8074.3,100.0,-20,-20.01,-1680.84,-2.001,0,0.0,200,0.25,33355.88,2801893.92,3335.588,807.43,0,0,0.01,0,0.0,0.01,80343,0.0,-20.01
413,SELL_A,ST_FLIP_GREEN,2026-05-15T08:00:00,2026-05-20T18:00:00,short,80543,77543,100,0.1,8054.3,100.0,300,299.99,25199.16,29.999,3000,3.72,0,0.0,33655.87,2827093.08,3365.587,805.43,0,0,0.01,0,0.0,0.01,80943,0.0,299.99
414,BUY_A,ST_FLIP_RED,2026-05-21T00:00:00,2026-05-22T16:00:00,long,77743,76743,100,0.1,7774.3,100.0,-100,-100.01,-8400.84,-10.001,0,0.0,1000,1.29,33555.86,2818692.24,3355.586,777.43,0,0,0.01,0,0.0,0.01,77343,0.0,-100.01
415,SELL_A,ST_FLIP_GREEN,2026-05-26T14:00:00,2026-05-29T14:00:00,short,76543,73943,100,0.1,7654.3,100.0,260,259.99,21839.16,25.999,2600,3.4,0,0.0,33815.85,2840531.4,3381.585,765.43,0,0,0.01,0,0.0,0.01,76943,0.0,259.99
416,BUY_A,ST_FLIP_RED,2026-05-29T14:00:00,2026-06-01T10:00:00,long,73943,72743,100,0.1,7394.3,100.0,-120,-120.01,-10080.84,-12.001,0,0.0,1200,1.62,33695.84,2830450.56,3369.584,739.43,0,0,0.01,0,0.0,0.01,73543,0.0,-120.01
417,SELL_A,ST_FLIP_GREEN,2026-06-01T10:00:00,2026-06-03T04:00:00,short,72743,66943,100,0.1,7274.3,100.0,580,579.99,48719.16,57.999,5800,7.97,0,0.0,34275.83,2879169.72,3427.583,727.43,0,0,0.01,0,0.0,0.01,73143,0.0,579.99
418,BUY_A,ST_FLIP_RED,2026-06-04T02:00:00,2026-06-04T08:00:00,long,63743,63343,100,0.1,6374.3,100.0,-40,-40.01,-3360.84,-4.001,0,0.0,400,0.63,34235.82,2875808.88,3423.582,637.43,0,0,0.01,0,0.0,0.01,63343,0.0,-40.01
419,BUY_A,ST_FLIP_RED,2026-06-04T12:00:00,2026-06-04T20:00:00,long,63543,63343,100,0.1,6354.3,100.0,-20,-20.01,-1680.84,-2.001,0,0.0,200,0.31,34215.81,2874128.04,3421.581,635.43,0,0,0.01,0,0.0,0.01,63143,0.0,-20.01
420,SELL_A,ST_FLIP_GREEN,2026-06-05T00:00:00,2026-06-05T20:00:00,short,63343,61343,100,0.1,6334.3,100.0,200,199.99,16799.16,19.999,2000,3.16,0,0.0,34415.8,2890927.2,3441.58,633.43,0,0,0.01,0,0.0,0.01,63743,0.0,199.99
421,BUY_A,ST_FLIP_RED,2026-06-05T20:00:00,2026-06-06T02:00:00,long,61743,60743,100,0.1,6174.3,100.0,-100,-100.01,-8400.84,-10.001,0,0.0,1000,1.62,34315.79,2882526.36,3431.579,617.43,0,0,0.01,0,0.0,0.01,61343,0.0,-100.01
422,SELL_A,ST_FLIP_GREEN,2026-06-07T18:00:00,2026-06-07T22:00:00,short,61543,62343,100,0.1,6154.3,100.0,-80,-80.01,-6720.84,-8.001,0,0.0,800,1.3,34235.78,2875805.52,3423.578,615.43,0,0,0.01,0,0.0,0.01,61943,0.0,-80.01
423,SELL_A,ST_FLIP_GREEN,2026-06-09T08:00:00,2026-06-10T12:00:00,short,62943,62143,100,0.1,6294.3,100.0,80,79.99,6719.16,7.999,800,1.27,0,0.0,34315.77,2882524.68,3431.577,629.43,0,0,0.01,0,0.0,0.01,63343,0.0,79.99
424,BUY_A,ST_FLIP_RED,2026-06-13T14:00:00,2026-06-16T02:00:00,long,64143,66143,100,0.1,6414.3,100.0,200,199.99,16799.16,19.999,2000,3.12,0,0.0,34515.76,2899323.84,3451.576,641.43,0,0,0.01,0,0.0,0.01,63743,0.0,199.99
425,SELL_A,ST_FLIP_GREEN,2026-06-17T08:00:00,2026-06-17T16:00:00,short,65143,65943,100,0.1,6514.3,100.0,-80,-80.01,-6720.84,-8.001,0,0.0,800,1.23,34435.75,2892603.0,3443.575,651.43,0,0,0.01,0,0.0,0.01,65543,0.0,-80.01
