trade_number,entry_type,exit_type,entry_datetime,exit_datetime,direction,entry_price,exit_price,size_qty,actual_quantity,size_value,lot_notional_usd,gross_pnl,net_pnl,net_pnl_inr,net_pnl_pct,favorable_excursion,favorable_excursion_pct,adverse_excursion,adverse_excursion_pct,cumulative_pnl,cumulative_pnl_inr,cumulative_pnl_pct,margin_required,taker_fees_usd,slippage_usd,slippage_applied,funding_usd,insurance_usd,tax_usd,total_charges_usd,stop_loss
1,BUY_A,ST_flip_red_brick,2025-07-02 08:00:00,2025-07-04 20:00:00,long,106184.0,107498.0,100,0.1,10618.4,100.0,131.4,121.23,10182.9,0.12,1314.0,1.24,0.0,0.0,121.23,10182.9,0.12,1061.84,0.1,10,5.0,0.07,0,0.0,10.17,0
2,SELL_A,ST_flip_green_brick,2025-07-06 12:00:00,2025-07-07 00:00:00,short,107934.0,108660.0,100,0.1,10793.4,100.0,-72.6,-82.72,-6948.06,-0.08,0.0,0.0,726.0,0.67,38.51,3234.84,0.04,1079.34,0.1,10,5.0,0.01,0,0.0,10.12,0
3,BUY_B,ST_flip_red_brick,2025-07-07 02:00:00,2025-07-07 22:00:00,long,109407.5,107517.0,100,0.1,10940.75,100.0,-189.05,-199.18,-16730.7,-0.2,0.0,0.0,1890.5,1.73,-160.67,-13495.86,-0.16,1094.08,0.1,10,5.0,0.03,0,0.0,10.12,0
4,SELL_B,ST_flip_green_brick,2025-07-08 02:00:00,2025-07-09 10:00:00,short,107945.5,108680.0,100,0.1,10794.55,100.0,-73.45,-83.59,-7021.56,-0.08,0.0,0.0,734.5,0.68,-244.26,-20517.42,-0.24,1079.46,0.1,10,5.0,0.04,0,0.0,10.14,0
5,BUY_A,ST_flip_red_brick,2025-07-09 16:00:00,2025-07-15 00:00:00,long,109464.5,119979.5,100,0.1,10946.45,100.0,1051.5,1041.24,87464.16,1.04,10515.0,9.61,0.0,0.0,796.99,66946.74,0.8,1094.64,0.1,10,5.0,0.16,0,0.0,10.26,0
6,SELL_B,ST_flip_green_brick,2025-07-15 04:00:00,2025-07-16 20:00:00,short,119869.5,119133.0,100,0.1,11986.95,100.0,73.65,63.5,5334.0,0.06,736.5,0.61,0.0,0.0,860.49,72280.74,0.86,1198.7,0.1,10,5.0,0.05,0,0.0,10.15,0
7,BUY_A,ST_flip_red_brick,2025-07-17 00:00:00,2025-07-17 20:00:00,long,119577.5,118563.0,100,0.1,11957.75,100.0,-101.45,-111.58,-9372.3,-0.11,0.0,0.0,1014.5,0.85,748.91,62908.44,0.75,1195.78,0.1,10,5.0,0.03,0,0.0,10.12,0
8,BUY_B,ST_flip_red_brick,2025-07-18 06:00:00,2025-07-18 20:00:00,long,120233.0,117601.5,100,0.1,12023.3,100.0,-263.15,-273.27,-22954.47,-0.27,0.0,0.0,2631.5,2.19,475.64,39953.97,0.48,1202.33,0.1,10,5.0,0.02,0,0.0,10.12,0
9,SELL_B,ST_flip_green_brick,2025-07-19 00:00:00,2025-07-21 12:00:00,short,116991.5,119251.0,100,0.1,11699.15,100.0,-225.95,-236.13,-19834.5,-0.24,0.0,0.0,2259.5,1.93,239.52,20119.47,0.24,1169.92,0.1,10,5.0,0.07,0,0.0,10.17,0
10,SELL_B,ST_flip_green_brick,2025-07-22 08:00:00,2025-07-22 20:00:00,short,116929.0,119044.0,100,0.1,11692.9,100.0,-211.5,-221.62,-18615.66,-0.22,0.0,0.0,2115.0,1.81,17.9,1503.81,0.02,1169.29,0.1,10,5.0,0.01,0,0.0,10.12,0
11,BUY_B,ST_flip_red_brick,2025-07-22 22:00:00,2025-07-23 20:00:00,long,119411.0,117836.5,100,0.1,11941.1,100.0,-157.45,-167.58,-14076.51,-0.17,0.0,0.0,1574.5,1.32,-149.68,-12572.7,-0.15,1194.11,0.1,10,5.0,0.03,0,0.0,10.13,0
12,SELL_A,ST_flip_green_brick,2025-07-25 04:00:00,2025-07-26 06:00:00,short,117914.5,117579.5,100,0.1,11791.45,100.0,33.5,23.37,1962.87,0.02,335.0,0.28,0.0,0.0,-126.31,-10609.83,-0.13,1179.14,0.1,10,5.0,0.03,0,0.0,10.13,0
13,BUY_B,ST_flip_red_brick,2025-07-26 12:00:00,2025-07-28 22:00:00,long,117483.5,117550.5,100,0.1,11748.35,100.0,6.7,-3.47,-291.69,-0.0,67.0,0.06,0.0,0.0,-129.78,-10901.52,-0.13,1174.84,0.1,10,5.0,0.07,0,0.0,10.17,0
14,SELL_B,ST_flip_green_brick,2025-07-29 00:00:00,2025-08-04 04:00:00,short,117495.5,114317.0,100,0.1,11749.55,100.0,317.85,307.56,25835.46,0.31,3178.5,2.71,0.0,0.0,177.78,14933.94,0.18,1174.96,0.1,10,5.0,0.18,0,0.0,10.29,0
15,BUY_A,ST_flip_red_brick,2025-08-04 06:00:00,2025-08-05 20:00:00,long,114682.5,113158.0,100,0.1,11468.25,100.0,-152.45,-162.6,-13658.19,-0.16,0.0,0.0,1524.5,1.33,15.19,1275.75,0.02,1146.83,0.1,10,5.0,0.05,0,0.0,10.15,0
16,SELL_A,ST_flip_green_brick,2025-08-05 20:00:00,2025-08-06 22:00:00,short,113158.0,115392.5,100,0.1,11315.8,100.0,-223.45,-233.58,-19620.93,-0.23,0.0,0.0,2234.5,1.97,-218.4,-18345.18,-0.22,1131.58,0.1,10,5.0,0.03,0,0.0,10.13,0
17,BUY_A,ST_flip_red_brick,2025-08-07 14:00:00,2025-08-11 22:00:00,long,115835.5,119579.0,100,0.1,11583.55,100.0,374.35,364.12,30586.08,0.36,3743.5,3.23,0.0,0.0,145.72,12240.9,0.15,1158.36,0.1,10,5.0,0.13,0,0.0,10.23,0
18,SELL_B,ST_flip_green_brick,2025-08-12 00:00:00,2025-08-13 08:00:00,short,118829.5,119555.0,100,0.1,11882.95,100.0,-72.55,-82.69,-6945.96,-0.08,0.0,0.0,725.5,0.61,63.03,5294.94,0.06,1188.3,0.1,10,5.0,0.04,0,0.0,10.14,0
19,BUY_A,ST_flip_red_brick,2025-08-13 16:00:00,2025-08-14 14:00:00,long,120529.5,121533.0,100,0.1,12052.95,100.0,100.35,90.22,7578.69,0.09,1003.5,0.83,0.0,0.0,153.26,12873.63,0.15,1205.3,0.1,10,5.0,0.03,0,0.0,10.13,0
20,SELL_B,ST_flip_green_brick,2025-08-14 16:00:00,2025-08-17 16:00:00,short,121153.5,118201.0,100,0.1,12115.35,100.0,295.25,285.06,23945.04,0.29,2952.5,2.44,0.0,0.0,438.32,36818.67,0.44,1211.54,0.1,10,5.0,0.09,0,0.0,10.19,0
21,BUY_B,ST_flip_red_brick,2025-08-17 18:00:00,2025-08-18 06:00:00,long,118207.5,115751.5,100,0.1,11820.75,100.0,-245.6,-255.72,-21480.06,-0.26,0.0,0.0,2456.0,2.08,182.6,15338.61,0.18,1182.08,0.1,10,5.0,0.01,0,0.0,10.12,0
22,SELL_B,ST_flip_green_brick,2025-08-18 08:00:00,2025-08-19 02:00:00,short,115390.0,116881.5,100,0.1,11539.0,100.0,-149.15,-159.27,-13378.89,-0.16,0.0,0.0,1491.5,1.29,23.33,1959.72,0.02,1153.9,0.1,10,5.0,0.02,0,0.0,10.12,0
23,BUY_A,ST_flip_red_brick,2025-08-19 16:00:00,2025-08-19 20:00:00,long,115463.0,113610.5,100,0.1,11546.3,100.0,-185.25,-195.35,-16409.82,-0.2,0.0,0.0,1852.5,1.6,-172.03,-14450.1,-0.17,1154.63,0.1,10,5.0,0.01,0,0.0,10.11,0
24,SELL_A,ST_flip_green_brick,2025-08-19 20:00:00,2025-08-22 20:00:00,short,113610.5,116386.5,100,0.1,11361.05,100.0,-277.6,-287.79,-24174.36,-0.29,0.0,0.0,2776.0,2.44,-459.82,-38624.46,-0.46,1136.11,0.1,10,5.0,0.09,0,0.0,10.19,0
25,BUY_A,ST_flip_red_brick,2025-08-22 20:00:00,2025-08-24 18:00:00,long,116386.5,114442.0,100,0.1,11638.65,100.0,-194.45,-204.61,-17187.03,-0.2,0.0,0.0,1944.5,1.67,-664.42,-55811.49,-0.66,1163.87,0.1,10,5.0,0.06,0,0.0,10.16,0
26,SELL_B,ST_flip_green_brick,2025-08-24 20:00:00,2025-08-27 22:00:00,short,114422.5,112426.0,100,0.1,11442.25,100.0,199.65,189.46,15914.43,0.19,1996.5,1.74,0.0,0.0,-474.97,-39897.06,-0.47,1144.22,0.1,10,5.0,0.09,0,0.0,10.19,0
27,BUY_A,ST_flip_red_brick,2025-08-27 22:00:00,2025-08-29 10:00:00,long,112426.0,110959.5,100,0.1,11242.6,100.0,-146.65,-156.8,-13170.78,-0.16,0.0,0.0,1466.5,1.3,-631.76,-53067.84,-0.63,1124.26,0.1,10,5.0,0.04,0,0.0,10.14,0
28,SELL_B,ST_flip_green_brick,2025-08-29 12:00:00,2025-09-01 16:00:00,short,109985.0,108892.5,100,0.1,10998.5,100.0,109.25,99.06,8320.62,0.1,1092.5,0.99,0.0,0.0,-532.71,-44747.22,-0.53,1099.85,0.1,10,5.0,0.1,0,0.0,10.2,0
29,BUY_A,ST_flip_red_brick,2025-09-01 16:00:00,2025-09-04 18:00:00,long,108892.5,109914.0,100,0.1,10889.25,100.0,102.15,91.96,7724.43,0.09,1021.5,0.94,0.0,0.0,-440.75,-37022.79,-0.44,1088.92,0.1,10,5.0,0.09,0,0.0,10.19,0
30,SELL_B,ST_flip_green_brick,2025-09-04 20:00:00,2025-09-05 12:00:00,short,109375.0,112710.0,100,0.1,10937.5,100.0,-333.5,-343.62,-28864.08,-0.34,0.0,0.0,3335.0,3.05,-784.37,-65886.87,-0.78,1093.75,0.1,10,5.0,0.02,0,0.0,10.12,0
31,BUY_B,ST_flip_red_brick,2025-09-05 16:00:00,2025-09-06 02:00:00,long,112561.5,110636.5,100,0.1,11256.15,100.0,-192.5,-202.61,-17019.45,-0.2,0.0,0.0,1925.0,1.71,-986.98,-82906.32,-0.99,1125.62,0.1,10,5.0,0.01,0,0.0,10.11,0
32,SELL_B,ST_flip_green_brick,2025-09-06 10:00:00,2025-09-07 16:00:00,short,110748.5,111089.0,100,0.1,11074.85,100.0,-34.05,-44.19,-3711.75,-0.04,0.0,0.0,340.5,0.31,-1031.17,-86618.07,-1.03,1107.49,0.1,10,5.0,0.04,0,0.0,10.14,0
33,BUY_B,ST_flip_red_brick,2025-09-07 18:00:00,2025-09-09 14:00:00,long,111096.5,112669.5,100,0.1,11109.65,100.0,157.3,147.15,12360.18,0.15,1573.0,1.42,0.0,0.0,-884.02,-74257.89,-0.88,1110.97,0.1,10,5.0,0.06,0,0.0,10.15,0
34,BUY_B,ST_flip_red_brick,2025-09-09 16:00:00,2025-09-10 00:00:00,long,112756.0,111104.0,100,0.1,11275.6,100.0,-165.2,-175.31,-14726.04,-0.18,0.0,0.0,1652.0,1.47,-1059.33,-88983.93,-1.06,1127.56,0.1,10,5.0,0.01,0,0.0,10.11,0
35,SELL_B,ST_flip_green_brick,2025-09-10 04:00:00,2025-09-10 16:00:00,short,111151.5,112553.0,100,0.1,11115.15,100.0,-140.15,-150.27,-12622.26,-0.15,0.0,0.0,1401.5,1.26,-1209.6,-101606.19,-1.21,1111.52,0.1,10,5.0,0.01,0,0.0,10.12,0
36,BUY_B,ST_flip_red_brick,2025-09-10 18:00:00,2025-09-15 12:00:00,long,114045.0,115628.0,100,0.1,11404.5,100.0,158.3,148.06,12436.83,0.15,1583.0,1.39,0.0,0.0,-1061.54,-89169.36,-1.06,1140.45,0.1,10,5.0,0.14,0,0.0,10.24,0
37,SELL_A,ST_flip_green_brick,2025-09-15 20:00:00,2025-09-17 00:00:00,short,114639.5,116686.0,100,0.1,11463.95,100.0,-204.65,-214.78,-18041.94,-0.21,0.0,0.0,2046.5,1.79,-1276.33,-107211.3,-1.28,1146.39,0.1,10,5.0,0.04,0,0.0,10.13,0
38,BUY_B,ST_flip_red_brick,2025-09-17 02:00:00,2025-09-18 00:00:00,long,116814.0,115766.5,100,0.1,11681.4,100.0,-104.75,-114.88,-9649.71,-0.11,0.0,0.0,1047.5,0.9,-1391.2,-116861.01,-1.39,1168.14,0.1,10,5.0,0.03,0,0.0,10.13,0
39,BUY_B,ST_flip_red_brick,2025-09-18 12:00:00,2025-09-19 20:00:00,long,117277.5,115928.0,100,0.1,11727.75,100.0,-134.95,-145.09,-12187.56,-0.15,0.0,0.0,1349.5,1.15,-1536.29,-129048.57,-1.54,1172.78,0.1,10,5.0,0.04,0,0.0,10.14,0
40,SELL_B,ST_flip_green_brick,2025-09-19 22:00:00,2025-09-24 20:00:00,short,115392.0,113533.0,100,0.1,11539.2,100.0,185.9,175.65,14754.81,0.18,1859.0,1.61,0.0,0.0,-1360.64,-114293.76,-1.36,1153.92,0.1,10,5.0,0.15,0,0.0,10.25,0
41,BUY_B,ST_flip_red_brick,2025-09-24 22:00:00,2025-09-25 10:00:00,long,113646.0,111661.0,100,0.1,11364.6,100.0,-198.5,-208.62,-17523.66,-0.21,0.0,0.0,1985.0,1.75,-1569.26,-131817.42,-1.57,1136.46,0.1,10,5.0,0.01,0,0.0,10.12,0
42,SELL_B,ST_flip_green_brick,2025-09-25 14:00:00,2025-09-29 00:00:00,short,111729.0,110601.0,100,0.1,11172.9,100.0,112.8,102.6,8618.19,0.1,1128.0,1.01,0.0,0.0,-1466.66,-123199.23,-1.47,1117.29,0.1,10,5.0,0.1,0,0.0,10.2,0
43,BUY_B,ST_flip_red_brick,2025-09-29 02:00:00,2025-09-30 20:00:00,long,111693.5,113027.0,100,0.1,11169.35,100.0,133.35,123.2,10348.59,0.12,1333.5,1.19,0.0,0.0,-1343.46,-112850.64,-1.34,1116.93,0.1,10,5.0,0.05,0,0.0,10.15,0
44,BUY_B,ST_flip_red_brick,2025-10-01 04:00:00,2025-10-05 20:00:00,long,113969.0,122925.0,100,0.1,11396.9,100.0,895.6,885.36,74370.24,0.89,8956.0,7.86,0.0,0.0,-458.1,-38480.4,-0.46,1139.69,0.1,10,5.0,0.14,0,0.0,10.24,0
45,SELL_A,ST_flip_green_brick,2025-10-05 20:00:00,2025-10-06 20:00:00,short,122925.0,124840.0,100,0.1,12292.5,100.0,-191.5,-201.63,-16936.92,-0.2,0.0,0.0,1915.0,1.56,-659.73,-55417.32,-0.66,1229.25,0.1,10,5.0,0.03,0,0.0,10.13,0
46,BUY_B,ST_flip_red_brick,2025-10-06 22:00:00,2025-10-07 20:00:00,long,125183.0,121102.0,100,0.1,12518.3,100.0,-408.1,-418.23,-35131.11,-0.42,0.0,0.0,4081.0,3.26,-1077.96,-90548.43,-1.08,1251.83,0.1,10,5.0,0.03,0,0.0,10.13,0
47,SELL_A,ST_flip_green_brick,2025-10-07 20:00:00,2025-10-09 08:00:00,short,121102.0,122205.0,100,0.1,12110.2,100.0,-110.3,-120.45,-10117.38,-0.12,0.0,0.0,1103.0,0.91,-1198.4,-100665.81,-1.2,1211.02,0.1,10,5.0,0.04,0,0.0,10.14,0
48,SELL_A,ST_flip_green_brick,2025-10-09 22:00:00,2025-10-12 22:00:00,short,120648.5,113834.5,100,0.1,12064.85,100.0,681.4,671.21,56381.64,0.67,6814.0,5.65,0.0,0.0,-527.19,-44284.17,-0.53,1206.49,0.1,10,5.0,0.09,0,0.0,10.19,0
49,BUY_B,ST_flip_red_brick,2025-10-13 00:00:00,2025-10-14 10:00:00,long,115186.5,112249.5,100,0.1,11518.65,100.0,-293.7,-303.84,-25522.77,-0.3,0.0,0.0,2937.0,2.55,-831.04,-69806.94,-0.83,1151.87,0.1,10,5.0,0.04,0,0.0,10.14,0
50,SELL_B,ST_flip_green_brick,2025-10-14 12:00:00,2025-10-15 12:00:00,short,111939.5,113080.0,100,0.1,11193.95,100.0,-114.05,-124.18,-10431.12,-0.12,0.0,0.0,1140.5,1.02,-955.22,-80238.06,-0.96,1119.39,0.1,10,5.0,0.03,0,0.0,10.13,0
51,BUY_A,ST_flip_red_brick,2025-10-16 08:00:00,2025-10-16 20:00:00,long,111504.0,108094.0,100,0.1,11150.4,100.0,-341.0,-351.12,-29493.66,-0.35,0.0,0.0,3410.0,3.06,-1306.33,-109731.72,-1.31,1115.04,0.1,10,5.0,0.01,0,0.0,10.12,0
52,SELL_A,ST_flip_green_brick,2025-10-16 20:00:00,2025-10-19 22:00:00,short,108094.0,109160.5,100,0.1,10809.4,100.0,-106.65,-116.84,-9814.77,-0.12,0.0,0.0,1066.5,0.99,-1423.17,-119546.49,-1.42,1080.94,0.1,10,5.0,0.09,0,0.0,10.19,0
53,BUY_B,ST_flip_red_brick,2025-10-20 02:00:00,2025-10-21 10:00:00,long,109156.0,107941.5,100,0.1,10915.6,100.0,-121.45,-131.59,-11053.56,-0.13,0.0,0.0,1214.5,1.11,-1554.76,-130600.05,-1.55,1091.56,0.1,10,5.0,0.04,0,0.0,10.14,0
54,SELL_B,ST_flip_green_brick,2025-10-21 12:00:00,2025-10-21 20:00:00,short,107800.5,113600.5,100,0.1,10780.05,100.0,-580.0,-590.11,-49569.24,-0.59,0.0,0.0,5800.0,5.38,-2144.87,-180169.29,-2.14,1078.01,0.1,10,5.0,0.01,0,0.0,10.11,0
55,SELL_B,ST_flip_green_brick,2025-10-22 08:00:00,2025-10-23 18:00:00,short,108333.0,109265.0,100,0.1,10833.3,100.0,-93.2,-103.34,-8680.77,-0.1,0.0,0.0,932.0,0.86,-2248.22,-188850.06,-2.25,1083.33,0.1,10,5.0,0.04,0,0.0,10.14,0
56,BUY_A,ST_flip_red_brick,2025-10-23 22:00:00,2025-10-28 10:00:00,long,110487.0,113802.5,100,0.1,11048.7,100.0,331.55,321.31,26990.46,0.32,3315.5,3.0,0.0,0.0,-1926.9,-161859.6,-1.93,1104.87,0.1,10,5.0,0.14,0,0.0,10.23,0
57,SELL_A,ST_flip_green_brick,2025-10-29 04:00:00,2025-10-31 12:00:00,short,112653.0,109796.0,100,0.1,11265.3,100.0,285.7,275.53,23144.52,0.28,2857.0,2.54,0.0,0.0,-1651.37,-138715.08,-1.65,1126.53,0.1,10,5.0,0.07,0,0.0,10.17,0
58,BUY_B,ST_flip_red_brick,2025-10-31 14:00:00,2025-11-03 08:00:00,long,109818.5,107787.0,100,0.1,10981.85,100.0,-203.15,-213.33,-17919.93,-0.21,0.0,0.0,2031.5,1.85,-1864.7,-156635.01,-1.86,1098.18,0.1,10,5.0,0.08,0,0.0,10.18,0
59,SELL_A,ST_flip_green_brick,2025-11-03 08:00:00,2025-11-06 04:00:00,short,107787.0,103396.0,100,0.1,10778.7,100.0,439.1,428.92,36028.86,0.43,4391.0,4.07,0.0,0.0,-1435.79,-120606.15,-1.44,1077.87,0.1,10,5.0,0.09,0,0.0,10.19,0
60,SELL_B,ST_flip_green_brick,2025-11-06 22:00:00,2025-11-08 00:00:00,short,101325.0,103155.5,100,0.1,10132.5,100.0,-183.05,-193.18,-16227.33,-0.19,0.0,0.0,1830.5,1.81,-1628.97,-136833.48,-1.63,1013.25,0.1,10,5.0,0.03,0,0.0,10.13,0
61,BUY_B,ST_flip_red_brick,2025-11-08 02:00:00,2025-11-11 20:00:00,long,103900.5,103386.0,100,0.1,10390.05,100.0,-51.45,-61.66,-5179.65,-0.06,0.0,0.0,514.5,0.5,-1690.63,-142013.13,-1.69,1039.01,0.1,10,5.0,0.11,0,0.0,10.21,0
62,SELL_B,ST_flip_green_brick,2025-11-11 22:00:00,2025-11-12 16:00:00,short,103269.5,104932.0,100,0.1,10326.95,100.0,-166.25,-176.37,-14815.29,-0.18,0.0,0.0,1662.5,1.61,-1867.01,-156828.42,-1.87,1032.7,0.1,10,5.0,0.02,0,0.0,10.12,0
63,SELL_A,ST_flip_green_brick,2025-11-12 22:00:00,2025-11-14 02:00:00,short,101573.5,99480.0,100,0.1,10157.35,100.0,209.35,199.22,16734.06,0.2,2093.5,2.06,0.0,0.0,-1667.79,-140094.36,-1.67,1015.74,0.1,10,5.0,0.04,0,0.0,10.13,0
64,SELL_B,ST_flip_green_brick,2025-11-14 04:00:00,2025-11-19 02:00:00,short,99439.0,93214.5,100,0.1,9943.9,100.0,622.45,612.2,51425.01,0.61,6224.5,6.26,0.0,0.0,-1055.59,-88669.35,-1.06,994.39,0.1,10,5.0,0.15,0,0.0,10.25,0
65,SELL_B,ST_flip_green_brick,2025-11-19 22:00:00,2025-11-20 06:00:00,short,89036.5,92466.5,100,0.1,8903.65,100.0,-343.0,-353.11,-29661.24,-0.35,0.0,0.0,3430.0,3.85,-1408.7,-118330.59,-1.41,890.37,0.1,10,5.0,0.01,0,0.0,10.11,0
66,BUY_B,ST_flip_red_brick,2025-11-20 10:00:00,2025-11-20 22:00:00,long,92432.0,86932.0,100,0.1,9243.2,100.0,-550.0,-560.12,-47049.66,-0.56,0.0,0.0,5500.0,5.95,-1968.81,-165380.25,-1.97,924.32,0.1,10,5.0,0.01,0,0.0,10.12,0
67,SELL_B,ST_flip_green_brick,2025-11-21 04:00:00,2025-11-23 08:00:00,short,87244.5,86466.0,100,0.1,8724.45,100.0,77.85,67.69,5685.54,0.07,778.5,0.89,0.0,0.0,-1901.13,-159694.71,-1.9,872.45,0.1,10,5.0,0.07,0,0.0,10.16,0
68,BUY_A,ST_flip_red_brick,2025-11-23 18:00:00,2025-11-24 18:00:00,long,86757.5,85904.0,100,0.1,8675.75,100.0,-85.35,-95.48,-8020.32,-0.1,0.0,0.0,853.5,0.98,-1996.61,-167715.03,-2.0,867.58,0.1,10,5.0,0.03,0,0.0,10.13,0
69,BUY_B,ST_flip_red_brick,2025-11-25 00:00:00,2025-11-27 00:00:00,long,88816.0,89963.5,100,0.1,8881.6,100.0,114.75,104.59,8785.56,0.1,1147.5,1.29,0.0,0.0,-1892.02,-158929.47,-1.89,888.16,0.1,10,5.0,0.06,0,0.0,10.16,0
70,BUY_B,ST_flip_red_brick,2025-11-27 02:00:00,2025-11-30 08:00:00,long,90286.5,90843.0,100,0.1,9028.65,100.0,55.65,45.45,3818.01,0.05,556.5,0.62,0.0,0.0,-1846.57,-155111.46,-1.85,902.87,0.1,10,5.0,0.1,0,0.0,10.2,0
71,SELL_B,ST_flip_green_brick,2025-12-01 06:00:00,2025-12-02 20:00:00,short,87062.0,90253.5,100,0.1,8706.2,100.0,-319.15,-329.3,-27660.99,-0.33,0.0,0.0,3191.5,3.67,-2175.86,-182772.45,-2.18,870.62,0.1,10,5.0,0.05,0,0.0,10.15,0
72,BUY_B,ST_flip_red_brick,2025-12-02 22:00:00,2025-12-05 16:00:00,long,91875.0,91186.0,100,0.1,9187.5,100.0,-68.9,-79.08,-6642.93,-0.08,0.0,0.0,689.0,0.75,-2254.95,-189415.38,-2.25,918.75,0.1,10,5.0,0.08,0,0.0,10.18,0
73,SELL_B,ST_flip_green_brick,2025-12-05 18:00:00,2025-12-08 04:00:00,short,90410.0,90225.0,100,0.1,9041.0,100.0,18.5,8.33,699.51,0.01,185.0,0.2,0.0,0.0,-2246.62,-188715.87,-2.25,904.1,0.1,10,5.0,0.07,0,0.0,10.17,0
74,BUY_B,ST_flip_red_brick,2025-12-08 06:00:00,2025-12-08 22:00:00,long,90988.0,90110.0,100,0.1,9098.8,100.0,-87.8,-97.92,-8225.28,-0.1,0.0,0.0,878.0,0.96,-2344.54,-196941.15,-2.34,909.88,0.1,10,5.0,0.02,0,0.0,10.12,0
75,SELL_B,ST_flip_green_brick,2025-12-09 04:00:00,2025-12-09 22:00:00,short,90659.0,94073.5,100,0.1,9065.9,100.0,-341.45,-351.57,-29532.09,-0.35,0.0,0.0,3414.5,3.77,-2696.11,-226473.24,-2.7,906.59,0.1,10,5.0,0.02,0,0.0,10.12,0
76,SELL_B,ST_flip_green_brick,2025-12-11 08:00:00,2025-12-12 04:00:00,short,89989.0,92354.0,100,0.1,8998.9,100.0,-236.5,-246.62,-20716.5,-0.25,0.0,0.0,2365.0,2.63,-2942.74,-247189.74,-2.94,899.89,0.1,10,5.0,0.03,0,0.0,10.12,0
77,BUY_B,ST_flip_red_brick,2025-12-12 10:00:00,2025-12-13 00:00:00,long,92567.5,89973.0,100,0.1,9256.75,100.0,-259.45,-269.57,-22643.67,-0.27,0.0,0.0,2594.5,2.8,-3212.3,-269833.41,-3.21,925.67,0.1,10,5.0,0.02,0,0.0,10.12,0
78,SELL_B,ST_flip_green_brick,2025-12-13 04:00:00,2025-12-15 10:00:00,short,90270.5,89534.0,100,0.1,9027.05,100.0,73.65,63.48,5332.53,0.06,736.5,0.82,0.0,0.0,-3148.82,-264500.88,-3.15,902.71,0.1,10,5.0,0.07,0,0.0,10.17,0
79,BUY_A,ST_flip_red_brick,2025-12-15 10:00:00,2025-12-15 22:00:00,long,89534.0,85567.5,100,0.1,8953.4,100.0,-396.65,-406.77,-34168.26,-0.41,0.0,0.0,3966.5,4.43,-3555.59,-298669.14,-3.56,895.34,0.1,10,5.0,0.01,0,0.0,10.12,0
80,SELL_B,ST_flip_green_brick,2025-12-16 06:00:00,2025-12-17 00:00:00,short,86174.0,87522.0,100,0.1,8617.4,100.0,-134.8,-144.92,-12173.49,-0.14,0.0,0.0,1348.0,1.56,-3700.51,-310842.63,-3.7,861.74,0.1,10,5.0,0.02,0,0.0,10.12,0
81,BUY_B,ST_flip_red_brick,2025-12-17 02:00:00,2025-12-19 04:00:00,long,87853.0,85392.0,100,0.1,8785.3,100.0,-246.1,-256.26,-21526.05,-0.26,0.0,0.0,2461.0,2.8,-3956.77,-332368.68,-3.96,878.53,0.1,10,5.0,0.06,0,0.0,10.16,0
82,BUY_B,ST_flip_red_brick,2025-12-19 14:00:00,2025-12-21 22:00:00,long,87929.0,88095.5,100,0.1,8792.9,100.0,16.65,6.48,544.32,0.01,166.5,0.19,0.0,0.0,-3950.29,-331824.36,-3.95,879.29,0.1,10,5.0,0.07,0,0.0,10.17,0
83,SELL_A,ST_flip_green_brick,2025-12-21 22:00:00,2025-12-22 16:00:00,short,88095.5,90278.0,100,0.1,8809.55,100.0,-218.25,-228.37,-19183.29,-0.23,0.0,0.0,2182.5,2.48,-4178.66,-351007.65,-4.18,880.96,0.1,10,5.0,0.02,0,0.0,10.12,0
84,BUY_B,ST_flip_red_brick,2025-12-22 20:00:00,2025-12-23 08:00:00,long,90043.5,88226.5,100,0.1,9004.35,100.0,-181.7,-191.82,-16112.46,-0.19,0.0,0.0,1817.0,2.02,-4370.48,-367120.11,-4.37,900.44,0.1,10,5.0,0.01,0,0.0,10.12,0
85,SELL_B,ST_flip_green_brick,2025-12-23 10:00:00,2025-12-26 02:00:00,short,87179.0,87815.5,100,0.1,8717.9,100.0,-63.65,-73.83,-6201.72,-0.07,0.0,0.0,636.5,0.73,-4444.31,-373321.83,-4.44,871.79,0.1,10,5.0,0.08,0,0.0,10.18,0
86,BUY_A,ST_flip_red_brick,2025-12-26 10:00:00,2025-12-26 22:00:00,long,89042.5,87184.5,100,0.1,8904.25,100.0,-185.8,-195.92,-16456.86,-0.2,0.0,0.0,1858.0,2.09,-4640.22,-389778.69,-4.64,890.42,0.1,10,5.0,0.01,0,0.0,10.12,0
87,SELL_A,ST_flip_green_brick,2025-12-26 22:00:00,2025-12-29 06:00:00,short,87184.5,89131.0,100,0.1,8718.45,100.0,-194.65,-204.82,-17204.88,-0.2,0.0,0.0,1946.5,2.23,-4845.04,-406983.57,-4.85,871.85,0.1,10,5.0,0.07,0,0.0,10.17,0
88,BUY_A,ST_flip_red_brick,2025-12-29 06:00:00,2025-12-29 16:00:00,long,89131.0,87237.5,100,0.1,8913.1,100.0,-189.35,-199.46,-16754.85,-0.2,0.0,0.0,1893.5,2.12,-5044.5,-423738.42,-5.04,891.31,0.1,10,5.0,0.01,0,0.0,10.11,0
89,SELL_A,ST_flip_green_brick,2025-12-29 16:00:00,2025-12-31 02:00:00,short,87237.5,88394.5,100,0.1,8723.75,100.0,-115.7,-125.84,-10570.77,-0.13,0.0,0.0,1157.0,1.33,-5170.35,-434309.19,-5.17,872.38,0.1,10,5.0,0.04,0,0.0,10.14,0
90,BUY_A,ST_flip_red_brick,2025-12-31 14:00:00,2026-01-01 00:00:00,long,88729.0,87474.5,100,0.1,8872.9,100.0,-125.45,-135.56,-11387.25,-0.14,0.0,0.0,1254.5,1.41,-5305.91,-445696.44,-5.31,887.29,0.1,10,5.0,0.01,0,0.0,10.11,0
91,SELL_A,ST_flip_green_brick,2026-01-01 00:00:00,2026-01-02 04:00:00,short,87474.5,88678.5,100,0.1,8747.45,100.0,-120.4,-130.53,-10964.94,-0.13,0.0,0.0,1204.0,1.38,-5436.44,-456661.38,-5.44,874.75,0.1,10,5.0,0.04,0,0.0,10.13,0
92,BUY_B,ST_flip_red_brick,2026-01-02 08:00:00,2026-01-07 06:00:00,long,88703.5,92659.0,100,0.1,8870.35,100.0,395.55,385.3,32365.41,0.39,3955.5,4.46,0.0,0.0,-5051.14,-424295.97,-5.05,887.04,0.1,10,5.0,0.15,0,0.0,10.25,0
93,SELL_A,ST_flip_green_brick,2026-01-07 18:00:00,2026-01-10 02:00:00,short,91526.0,90569.0,100,0.1,9152.6,100.0,95.7,85.53,7184.52,0.09,957.0,1.05,0.0,0.0,-4965.61,-417111.45,-4.97,915.26,0.1,10,5.0,0.07,0,0.0,10.17,0
94,BUY_A,ST_flip_red_brick,2026-01-10 14:00:00,2026-01-12 18:00:00,long,90734.5,90251.5,100,0.1,9073.45,100.0,-48.3,-58.47,-4911.06,-0.06,0.0,0.0,483.0,0.53,-5024.08,-422022.51,-5.02,907.35,0.1,10,5.0,0.07,0,0.0,10.16,0
95,BUY_A,ST_flip_red_brick,2026-01-13 12:00:00,2026-01-16 04:00:00,long,91925.5,95661.5,100,0.1,9192.55,100.0,373.6,363.42,30527.28,0.36,3736.0,4.06,0.0,0.0,-4660.66,-391495.23,-4.66,919.26,0.1,10,5.0,0.08,0,0.0,10.18,0
96,SELL_B,ST_flip_green_brick,2026-01-16 06:00:00,2026-01-24 06:00:00,short,95647.0,89588.0,100,0.1,9564.7,100.0,605.9,595.56,50027.04,0.6,6059.0,6.33,0.0,0.0,-4065.1,-341468.19,-4.07,956.47,0.1,10,5.0,0.24,0,0.0,10.34,0
97,SELL_B,ST_flip_green_brick,2026-01-25 12:00:00,2026-01-26 20:00:00,short,88658.5,87670.0,100,0.1,8865.85,100.0,98.85,88.71,7451.64,0.09,988.5,1.11,0.0,0.0,-3976.39,-334016.55,-3.98,886.59,0.1,10,5.0,0.04,0,0.0,10.14,0
98,BUY_A,ST_flip_red_brick,2026-01-27 02:00:00,2026-01-29 08:00:00,long,88060.5,88042.0,100,0.1,8806.05,100.0,-1.85,-12.02,-1009.47,-0.01,0.0,0.0,18.5,0.02,-3988.4,-335026.02,-3.99,880.61,0.1,10,5.0,0.07,0,0.0,10.17,0
99,SELL_B,ST_flip_green_brick,2026-01-29 14:00:00,2026-02-06 22:00:00,short,87922.0,69530.0,100,0.1,8792.2,100.0,1839.2,1828.85,153623.4,1.83,18392.0,20.92,0.0,0.0,-2159.55,-181402.62,-2.16,879.22,0.1,10,5.0,0.25,0,0.0,10.35,0
100,BUY_B,ST_flip_red_brick,2026-02-07 00:00:00,2026-02-09 18:00:00,long,70530.5,68957.5,100,0.1,7053.05,100.0,-157.3,-167.48,-14068.53,-0.17,0.0,0.0,1573.0,2.23,-2327.04,-195471.15,-2.33,705.31,0.1,10,5.0,0.08,0,0.0,10.18,0
101,SELL_A,ST_flip_green_brick,2026-02-10 10:00:00,2026-02-14 02:00:00,short,69175.0,68858.0,100,0.1,6917.5,100.0,31.7,21.49,1805.16,0.02,317.0,0.46,0.0,0.0,-2305.55,-193665.99,-2.31,691.75,0.1,10,5.0,0.11,0,0.0,10.21,0
102,BUY_B,ST_flip_red_brick,2026-02-14 04:00:00,2026-02-15 20:00:00,long,68883.5,69051.0,100,0.1,6888.35,100.0,16.75,6.6,554.4,0.01,167.5,0.24,0.0,0.0,-2298.95,-193111.59,-2.3,688.84,0.1,10,5.0,0.05,0,0.0,10.15,0
103,SELL_A,ST_flip_green_brick,2026-02-15 20:00:00,2026-02-20 12:00:00,short,69051.0,67835.5,100,0.1,6905.1,100.0,121.55,111.31,9350.04,0.11,1215.5,1.76,0.0,0.0,-2187.64,-183761.55,-2.19,690.51,0.1,10,5.0,0.14,0,0.0,10.24,0
104,BUY_B,ST_flip_red_brick,2026-02-20 14:00:00,2026-02-22 20:00:00,long,68219.5,67513.0,100,0.1,6821.95,100.0,-70.65,-80.82,-6788.67,-0.08,0.0,0.0,706.5,1.04,-2268.45,-190550.22,-2.27,682.2,0.1,10,5.0,0.07,0,0.0,10.17,0
105,SELL_A,ST_flip_green_brick,2026-02-22 20:00:00,2026-02-25 12:00:00,short,67513.0,65170.5,100,0.1,6751.3,100.0,234.25,224.07,18821.88,0.22,2342.5,3.47,0.0,0.0,-2044.38,-171728.34,-2.04,675.13,0.1,10,5.0,0.08,0,0.0,10.18,0
106,BUY_A,ST_flip_red_brick,2026-02-25 18:00:00,2026-02-27 02:00:00,long,66549.5,67387.0,100,0.1,6654.95,100.0,83.75,73.61,6183.24,0.07,837.5,1.26,0.0,0.0,-1970.78,-165545.1,-1.97,665.5,0.1,10,5.0,0.04,0,0.0,10.14,0
107,SELL_B,ST_flip_green_brick,2026-02-27 04:00:00,2026-03-01 02:00:00,short,67279.0,66965.5,100,0.1,6727.9,100.0,31.35,21.19,1780.17,0.02,313.5,0.47,0.0,0.0,-1949.58,-163764.93,-1.95,672.79,0.1,10,5.0,0.06,0,0.0,10.16,0
108,BUY_B,ST_flip_red_brick,2026-03-01 06:00:00,2026-03-03 18:00:00,long,67741.0,67086.5,100,0.1,6774.1,100.0,-65.45,-75.62,-6352.5,-0.08,0.0,0.0,654.5,0.97,-2025.21,-170117.43,-2.03,677.41,0.1,10,5.0,0.07,0,0.0,10.17,0
109,SELL_A,ST_flip_green_brick,2026-03-04 08:00:00,2026-03-04 14:00:00,short,67566.5,71498.5,100,0.1,6756.65,100.0,-393.2,-403.31,-33877.83,-0.4,0.0,0.0,3932.0,5.82,-2428.51,-203995.26,-2.43,675.67,0.1,10,5.0,0.01,0,0.0,10.11,0
110,BUY_A,ST_flip_red_brick,2026-03-04 14:00:00,2026-03-06 02:00:00,long,71498.5,71114.0,100,0.1,7149.85,100.0,-38.45,-48.59,-4081.98,-0.05,0.0,0.0,384.5,0.54,-2477.11,-208077.24,-2.48,714.99,0.1,10,5.0,0.04,0,0.0,10.14,0
111,SELL_B,ST_flip_green_brick,2026-03-06 04:00:00,2026-03-09 00:00:00,short,70889.0,67006.5,100,0.1,7088.9,100.0,388.25,378.06,31757.46,0.38,3882.5,5.48,0.0,0.0,-2099.04,-176319.78,-2.1,708.89,0.1,10,5.0,0.09,0,0.0,10.19,0
112,SELL_B,ST_flip_green_brick,2026-03-09 02:00:00,2026-03-09 18:00:00,short,65878.0,69129.5,100,0.1,6587.8,100.0,-325.15,-335.27,-28162.68,-0.34,0.0,0.0,3251.5,4.94,-2434.31,-204482.46,-2.43,658.78,0.1,10,5.0,0.02,0,0.0,10.12,0
113,BUY_A,ST_flip_red_brick,2026-03-10 08:00:00,2026-03-13 22:00:00,long,69710.0,71170.0,100,0.1,6971.0,100.0,146.0,135.79,11406.57,0.14,1460.0,2.09,0.0,0.0,-2298.52,-193075.89,-2.3,697.1,0.1,10,5.0,0.11,0,0.0,10.21,0
114,SELL_A,ST_flip_green_brick,2026-03-13 22:00:00,2026-03-15 12:00:00,short,71170.0,71548.0,100,0.1,7117.0,100.0,-37.8,-47.95,-4027.59,-0.05,0.0,0.0,378.0,0.53,-2346.47,-197103.48,-2.35,711.7,0.1,10,5.0,0.05,0,0.0,10.15,0
115,BUY_B,ST_flip_red_brick,2026-03-15 14:00:00,2026-03-18 18:00:00,long,71827.0,71628.5,100,0.1,7182.7,100.0,-19.85,-30.05,-2523.78,-0.03,0.0,0.0,198.5,0.28,-2376.51,-199627.26,-2.38,718.27,0.1,10,5.0,0.1,0,0.0,10.2,0
116,SELL_B,ST_flip_green_brick,2026-03-18 20:00:00,2026-03-20 16:00:00,short,71207.5,70414.5,100,0.1,7120.75,100.0,79.3,69.15,5808.18,0.07,793.0,1.11,0.0,0.0,-2307.37,-193819.08,-2.31,712.08,0.1,10,5.0,0.06,0,0.0,10.15,0
117,BUY_A,ST_flip_red_brick,2026-03-21 08:00:00,2026-03-22 08:00:00,long,70723.5,69236.5,100,0.1,7072.35,100.0,-148.7,-158.83,-13341.72,-0.16,0.0,0.0,1487.0,2.1,-2466.2,-207160.8,-2.47,707.24,0.1,10,5.0,0.03,0,0.0,10.13,0
118,SELL_B,ST_flip_green_brick,2026-03-22 10:00:00,2026-03-23 18:00:00,short,69207.0,71324.0,100,0.1,6920.7,100.0,-211.7,-221.84,-18634.56,-0.22,0.0,0.0,2117.0,3.06,-2688.04,-225795.36,-2.69,692.07,0.1,10,5.0,0.04,0,0.0,10.14,0
119,BUY_B,ST_flip_red_brick,2026-03-23 22:00:00,2026-03-24 22:00:00,long,70863.0,69390.5,100,0.1,7086.3,100.0,-147.25,-157.38,-13219.92,-0.16,0.0,0.0,1472.5,2.08,-2845.42,-239015.28,-2.85,708.63,0.1,10,5.0,0.03,0,0.0,10.13,0
120,BUY_B,ST_flip_red_brick,2026-03-25 14:00:00,2026-03-26 12:00:00,long,71371.5,69793.0,100,0.1,7137.15,100.0,-157.85,-167.98,-14110.11,-0.17,0.0,0.0,1578.5,2.21,-3013.4,-253125.39,-3.01,713.72,0.1,10,5.0,0.03,0,0.0,10.13,0
121,SELL_B,ST_flip_green_brick,2026-03-26 14:00:00,2026-03-30 12:00:00,short,69626.0,67733.5,100,0.1,6962.6,100.0,189.25,179.03,15038.73,0.18,1892.5,2.72,0.0,0.0,-2834.37,-238086.66,-2.83,696.26,0.1,10,5.0,0.12,0,0.0,10.22,0
122,BUY_B,ST_flip_red_brick,2026-03-30 16:00:00,2026-04-02 08:00:00,long,67833.5,66394.0,100,0.1,6783.35,100.0,-143.95,-154.13,-12946.92,-0.15,0.0,0.0,1439.5,2.12,-2988.5,-251033.58,-2.99,678.34,0.1,10,5.0,0.08,0,0.0,10.18,0
123,SELL_B,ST_flip_green_brick,2026-04-02 14:00:00,2026-04-05 02:00:00,short,66344.5,67396.0,100,0.1,6634.45,100.0,-105.15,-115.33,-9687.3,-0.12,0.0,0.0,1051.5,1.58,-3103.82,-260720.88,-3.1,663.45,0.1,10,5.0,0.07,0,0.0,10.17,0
124,SELL_B,ST_flip_green_brick,2026-04-05 16:00:00,2026-04-06 04:00:00,short,66865.0,69158.0,100,0.1,6686.5,100.0,-229.3,-239.42,-20110.86,-0.24,0.0,0.0,2293.0,3.43,-3343.24,-280831.74,-3.34,668.65,0.1,10,5.0,0.01,0,0.0,10.12,0
125,BUY_B,ST_flip_red_brick,2026-04-06 06:00:00,2026-04-08 06:00:00,long,69205.5,71436.0,100,0.1,6920.55,100.0,223.05,212.89,17882.76,0.21,2230.5,3.22,0.0,0.0,-3130.35,-262948.98,-3.13,692.06,0.1,10,5.0,0.06,0,0.0,10.16,0
126,BUY_B,ST_flip_red_brick,2026-04-08 08:00:00,2026-04-12 08:00:00,long,71541.0,71493.5,100,0.1,7154.1,100.0,-4.75,-14.97,-1257.48,-0.01,0.0,0.0,47.5,0.07,-3145.32,-264206.46,-3.15,715.41,0.1,10,5.0,0.12,0,0.0,10.22,0
127,SELL_B,ST_flip_green_brick,2026-04-12 12:00:00,2026-04-13 20:00:00,short,71668.0,72200.0,100,0.1,7166.8,100.0,-53.2,-63.34,-5320.56,-0.06,0.0,0.0,532.0,0.74,-3208.66,-269527.02,-3.21,716.68,0.1,10,5.0,0.04,0,0.0,10.14,0
128,BUY_B,ST_flip_red_brick,2026-04-14 00:00:00,2026-04-19 04:00:00,long,73061.0,75570.0,100,0.1,7306.1,100.0,250.9,240.65,20214.18,0.24,2509.0,3.43,0.0,0.0,-2968.01,-249312.84,-2.97,730.61,0.1,10,5.0,0.15,0,0.0,10.25,0
129,SELL_B,ST_flip_green_brick,2026-04-19 06:00:00,2026-04-20 22:00:00,short,75450.0,76058.0,100,0.1,7545.0,100.0,-60.8,-70.95,-5959.8,-0.07,0.0,0.0,608.0,0.81,-3038.96,-255272.64,-3.04,754.5,0.1,10,5.0,0.05,0,0.0,10.15,0
130,BUY_B,ST_flip_red_brick,2026-04-21 00:00:00,2026-04-23 18:00:00,long,76273.5,77690.5,100,0.1,7627.35,100.0,141.7,131.52,11047.47,0.13,1417.0,1.86,0.0,0.0,-2907.44,-244225.17,-2.91,762.74,0.1,10,5.0,0.08,0,0.0,10.18,0
131,SELL_A,ST_flip_green_brick,2026-04-24 14:00:00,2026-04-26 12:00:00,short,77642.5,78042.5,100,0.1,7764.25,100.0,-40.0,-50.16,-4213.23,-0.05,0.0,0.0,400.0,0.52,-2957.6,-248438.4,-2.96,776.42,0.1,10,5.0,0.06,0,0.0,10.16,0
132,BUY_B,ST_flip_red_brick,2026-04-26 18:00:00,2026-04-27 12:00:00,long,78022.0,77524.5,100,0.1,7802.2,100.0,-49.75,-59.87,-5029.29,-0.06,0.0,0.0,497.5,0.64,-3017.47,-253467.69,-3.02,780.22,0.1,10,5.0,0.02,0,0.0,10.12,0
133,SELL_A,ST_flip_green_brick,2026-04-27 12:00:00,2026-04-29 10:00:00,short,77524.5,77049.5,100,0.1,7752.45,100.0,47.5,37.34,3136.77,0.04,475.0,0.61,0.0,0.0,-2980.13,-250330.92,-2.98,775.25,0.1,10,5.0,0.06,0,0.0,10.16,0
134,BUY_B,ST_flip_red_brick,2026-04-29 12:00:00,2026-04-29 22:00:00,long,77063.5,75107.5,100,0.1,7706.35,100.0,-195.6,-205.71,-17279.85,-0.21,0.0,0.0,1956.0,2.54,-3185.84,-267610.77,-3.19,770.63,0.1,10,5.0,0.01,0,0.0,10.11,0
135,SELL_B,ST_flip_green_brick,2026-04-30 04:00:00,2026-05-01 10:00:00,short,75781.5,77112.0,100,0.1,7578.15,100.0,-133.05,-143.19,-12027.75,-0.14,0.0,0.0,1330.5,1.76,-3329.03,-279638.52,-3.33,757.82,0.1,10,5.0,0.04,0,0.0,10.14,0
136,BUY_B,ST_flip_red_brick,2026-05-01 12:00:00,2026-05-05 00:00:00,long,77404.0,79981.5,100,0.1,7740.4,100.0,257.75,247.54,20793.78,0.25,2577.5,3.33,0.0,0.0,-3081.48,-258844.74,-3.08,774.04,0.1,10,5.0,0.1,0,0.0,10.21,0
137,BUY_B,ST_flip_red_brick,2026-05-05 10:00:00,2026-05-07 04:00:00,long,80784.0,81179.5,100,0.1,8078.4,100.0,39.55,29.4,2469.39,0.03,395.5,0.49,0.0,0.0,-3052.09,-256375.35,-3.05,807.84,0.1,10,5.0,0.05,0,0.0,10.15,0
138,SELL_B,ST_flip_green_brick,2026-05-07 06:00:00,2026-05-09 22:00:00,short,80866.0,81000.5,100,0.1,8086.6,100.0,-13.45,-23.63,-1984.92,-0.02,0.0,0.0,134.5,0.17,-3075.72,-258360.27,-3.08,808.66,0.1,10,5.0,0.08,0,0.0,10.18,0
139,BUY_A,ST_flip_red_brick,2026-05-09 22:00:00,2026-05-11 18:00:00,long,81000.5,80711.0,100,0.1,8100.05,100.0,-28.95,-39.11,-3284.82,-0.04,0.0,0.0,289.5,0.36,-3114.82,-261645.09,-3.11,810.0,0.1,10,5.0,0.06,0,0.0,10.15,0
140,SELL_A,ST_flip_green_brick,2026-05-13 16:00:00,2026-05-14 22:00:00,short,80316.0,81813.5,100,0.1,8031.6,100.0,-149.75,-159.89,-13430.55,-0.16,0.0,0.0,1497.5,1.86,-3274.71,-275075.64,-3.27,803.16,0.1,10,5.0,0.04,0,0.0,10.14,0
141,BUY_B,ST_flip_red_brick,2026-05-15 02:00:00,2026-05-15 22:00:00,long,81411.0,79252.5,100,0.1,8141.1,100.0,-215.85,-225.98,-18981.9,-0.23,0.0,0.0,2158.5,2.65,-3500.68,-294057.54,-3.5,814.11,0.1,10,5.0,0.03,0,0.0,10.12,0
142,SELL_B,ST_flip_green_brick,2026-05-16 00:00:00,2026-05-20 22:00:00,short,79140.5,77473.5,100,0.1,7914.05,100.0,166.7,156.45,13142.01,0.16,1667.0,2.11,0.0,0.0,-3344.23,-280915.53,-3.34,791.4,0.1,10,5.0,0.15,0,0.0,10.25,0
143,SELL_A,ST_flip_green_brick,2026-05-22 14:00:00,2026-05-24 00:00:00,short,77306.0,75931.0,100,0.1,7730.6,100.0,137.5,127.36,10698.03,0.13,1375.0,1.78,0.0,0.0,-3216.87,-270217.5,-3.22,773.06,0.1,10,5.0,0.04,0,0.0,10.14,0
144,BUY_B,ST_flip_red_brick,2026-05-24 02:00:00,2026-05-26 12:00:00,long,76514.5,76773.5,100,0.1,7651.45,100.0,25.9,15.73,1321.11,0.02,259.0,0.34,0.0,0.0,-3201.15,-268896.39,-3.2,765.15,0.1,10,5.0,0.07,0,0.0,10.17,0
145,SELL_B,ST_flip_green_brick,2026-05-27 02:00:00,2026-05-30 22:00:00,short,75771.5,73943.5,100,0.1,7577.15,100.0,182.8,172.59,14497.14,0.17,1828.0,2.41,0.0,0.0,-3028.56,-254399.25,-3.03,757.72,0.1,10,5.0,0.12,0,0.0,10.21,0
146,BUY_A,ST_flip_red_brick,2026-06-01 04:00:00,2026-06-01 10:00:00,long,73940.0,73167.0,100,0.1,7394.0,100.0,-77.3,-87.41,-7342.23,-0.09,0.0,0.0,773.0,1.05,-3115.97,-261741.48,-3.12,739.4,0.1,10,5.0,0.01,0,0.0,10.11,0
147,SELL_B,ST_flip_green_brick,2026-06-01 12:00:00,2026-06-07 18:00:00,short,72712.5,62064.5,100,0.1,7271.25,100.0,1064.8,1054.51,88579.05,1.05,10648.0,14.64,0.0,0.0,-2061.46,-173162.43,-2.06,727.12,0.1,10,5.0,0.19,0,0.0,10.29,0
148,BUY_A,ST_flip_red_brick,2026-06-08 04:00:00,2026-06-09 20:00:00,long,63479.5,61026.5,100,0.1,6347.95,100.0,-245.3,-255.45,-21457.8,-0.26,0.0,0.0,2453.0,3.86,-2316.91,-194620.23,-2.32,634.8,0.1,10,5.0,0.05,0,0.0,10.15,0
149,SELL_A,ST_flip_green_brick,2026-06-10 10:00:00,2026-06-11 10:00:00,short,61323.0,62851.5,100,0.1,6132.3,100.0,-152.85,-162.98,-13690.32,-0.16,0.0,0.0,1528.5,2.49,-2479.89,-208310.55,-2.48,613.23,0.1,10,5.0,0.03,0,0.0,10.13,0
150,BUY_B,ST_flip_red_brick,2026-06-11 12:00:00,2026-06-15 06:00:00,long,62931.5,65616.0,100,0.1,6293.15,100.0,268.45,258.24,21691.95,0.26,2684.5,4.27,0.0,0.0,-2221.65,-186618.6,-2.22,629.32,0.1,10,5.0,0.11,0,0.0,10.21,0
151,BUY_A,ST_flip_red_brick,2026-06-15 08:00:00,2026-06-17 00:00:00,long,65692.0,65701.5,100,0.1,6569.2,100.0,0.95,-9.2,-772.8,-0.01,9.5,0.01,0.0,0.0,-2230.85,-187391.4,-2.23,656.92,0.1,10,5.0,0.05,0,0.0,10.15,0
152,SELL_A,ST_flip_green_brick,2026-06-17 00:00:00,2026-06-18 02:00:00,short,65701.5,64343.0,100,0.1,6570.15,100.0,135.85,125.72,10560.27,0.13,1358.5,2.07,0.0,0.0,-2105.13,-176831.13,-2.11,657.02,0.1,10,5.0,0.03,0,0.0,10.13,0
153,SELL_A,ST_flip_green_brick,2026-06-18 20:00:00,2026-06-20 08:00:00,short,62575.0,63548.0,100,0.1,6257.5,100.0,-97.3,-107.45,-9025.38,-0.11,0.0,0.0,973.0,1.55,-2212.58,-185856.51,-2.21,625.75,0.1,10,5.0,0.04,0,0.0,10.14,0
154,BUY_B,ST_flip_red_brick,2026-06-20 10:00:00,2026-06-22 08:00:00,long,63679.0,63941.0,100,0.1,6367.9,100.0,26.2,16.04,1347.57,0.02,262.0,0.41,0.0,0.0,-2196.53,-184508.94,-2.2,636.79,0.1,10,5.0,0.06,0,0.0,10.16,0
155,BUY_A,ST_flip_red_brick,2026-06-22 10:00:00,2026-06-23 08:00:00,long,64100.0,63960.0,100,0.1,6410.0,100.0,-14.0,-24.13,-2026.71,-0.02,0.0,0.0,140.0,0.22,-2220.66,-186535.65,-2.22,641.0,0.1,10,5.0,0.03,0,0.0,10.13,0
156,SELL_B,ST_flip_green_brick,2026-06-23 10:00:00,2026-06-29 20:00:00,short,62746.5,59589.0,100,0.1,6274.65,100.0,315.75,305.46,25658.43,0.31,3157.5,5.03,0.0,0.0,-1915.2,-160877.22,-1.92,627.47,0.1,10,5.0,0.19,0,0.0,10.29,0
157,BUY_A,ST_flip_red_brick,2026-06-30 00:00:00,2026-06-30 20:00:00,long,60380.5,58299.0,100,0.1,6038.05,100.0,-208.15,-218.28,-18335.1,-0.22,0.0,0.0,2081.5,3.45,-2133.48,-179212.32,-2.13,603.81,0.1,10,5.0,0.03,0,0.0,10.12,0
158,BUY_A,end_of_data,2026-07-01 20:00:00,2026-07-02 00:00:00,long,60120.5,60105.5,100,0.1,6012.05,100.0,-1.5,-11.61,-974.82,-0.01,0.0,0.0,15.0,0.02,-2145.08,-180187.14,-2.15,601.21,0.1,10,5.0,0.01,0,0.0,10.11,0
