Report Time,2026-10-03T20:47:18.749490+00:00
Script Start Time,2026-10-03T20:03:08.483531+00:00

ENTRY SIDE
Delay,T_SlipPrice,T_Slip100lot,P_SlipPrice,P_Slip100lot
5,0.0,0.0,0.0,0.0
10,0.0,0.0,0.0,0.0
15,0.0,0.0,0.0,0.0
20,0.0,0.0,0.0,0.0
25,0.0,0.0,0.0,0.0
30,0.0,0.0,0.0,0.0
35,0.0,0.0,0.0,0.0
40,0.0,0.0,0.0,0.0
45,0.0,0.0,0.0,0.0
50,0.0,0.0,0.0,0.0

EXIT SIDE
Delay,T_SlipPrice,T_Slip100lot,P_SlipPrice,P_Slip100lot
5,0.0,0.0,0.0,0.0
10,0.0,0.0,0.0,0.0
15,0.0,0.0,0.0,0.0
20,0.0,0.0,0.0,0.0
25,0.0,0.0,0.0,0.0
30,0.0,0.0,0.0,0.0
35,0.0,0.0,0.0,0.0
40,0.0,0.0,0.0,0.0
45,0.0,0.0,0.0,0.0
50,0.0,0.0,0.0,0.0

ROUNDTRIP
Delay,T_SlipPrice,T_Slip100lot,P_SlipPrice,P_Slip100lot
5,-300.1,-30.01,-0.5,-0.05
10,-300.1,-30.01,-0.5,-0.05
15,-300.1,-30.01,-0.5,-0.05
20,-300.1,-30.01,-0.5,-0.05
25,-300.1,-30.01,-0.5,-0.05
30,-300.1,-30.01,-0.5,-0.05
35,-300.1,-30.01,-0.5,-0.05
40,-300.1,-30.01,-0.5,-0.05
45,-300.1,-30.01,-0.5,-0.05
50,-300.1,-30.01,-0.5,-0.05

ROLLING ENTRY
Period,N,D5,D10,D15,D20,D25,D30,D35,D40,D45,D50
1Day,1620,2.1,2.1,1.4,-2.2,-3.2,-4.3,-4.7,-1.1,-1.0,2.1
,,0.3,0.0,0.2,0.1,-0.1,-0.3,-0.7,-1.1,-0.4,0.1
2Day,1620,2.1,2.1,1.4,-2.2,-3.2,-4.3,-4.7,-1.1,-1.0,2.1
,,0.3,0.0,0.2,0.1,-0.1,-0.3,-0.7,-1.1,-0.4,0.1
3Day,1620,2.1,2.1,1.4,-2.2,-3.2,-4.3,-4.7,-1.1,-1.0,2.1
,,0.3,0.0,0.2,0.1,-0.1,-0.3,-0.7,-1.1,-0.4,0.1
Weekly,1620,2.1,2.1,1.4,-2.2,-3.2,-4.3,-4.7,-1.1,-1.0,2.1
,,0.3,0.0,0.2,0.1,-0.1,-0.3,-0.7,-1.1,-0.4,0.1
2Weekly,1620,2.1,2.1,1.4,-2.2,-3.2,-4.3,-4.7,-1.1,-1.0,2.1
,,0.3,0.0,0.2,0.1,-0.1,-0.3,-0.7,-1.1,-0.4,0.1

ROLLING EXIT
Period,N,D5,D10,D15,D20,D25,D30,D35,D40,D45,D50
1Day,1620,1.4,7.9,10.6,7.3,9.9,3.6,4.8,4.0,3.6,2.0
,,-0.3,-0.0,-0.2,-0.1,0.1,0.3,0.7,1.2,0.4,-0.1
2Day,1620,1.4,7.9,10.6,7.3,9.9,3.6,4.8,4.0,3.6,2.0
,,-0.3,-0.0,-0.2,-0.1,0.1,0.3,0.7,1.2,0.4,-0.1
3Day,1620,1.4,7.9,10.6,7.3,9.9,3.6,4.8,4.0,3.6,2.0
,,-0.3,-0.0,-0.2,-0.1,0.1,0.3,0.7,1.2,0.4,-0.1
Weekly,1620,1.4,7.9,10.6,7.3,9.9,3.6,4.8,4.0,3.6,2.0
,,-0.3,-0.0,-0.2,-0.1,0.1,0.3,0.7,1.2,0.4,-0.1
2Weekly,1620,1.4,7.9,10.6,7.3,9.9,3.6,4.8,4.0,3.6,2.0
,,-0.3,-0.0,-0.2,-0.1,0.1,0.3,0.7,1.2,0.4,-0.1

ROLLING ROUNDTRIP
Period,N,D5,D10,D15,D20,D25,D30,D35,D40,D45,D50
1Day,1620,-227.3,-234.8,-237.6,-237.3,-235.2,-229.0,-232.1,-229.4,-230.8,-227.5
,,-0.1,-0.9,-0.9,-1.0,-1.3,-1.1,-1.3,-2.0,-1.4,-1.0
2Day,1620,-227.3,-234.8,-237.6,-237.3,-235.2,-229.0,-232.1,-229.4,-230.8,-227.5
,,-0.1,-0.9,-0.9,-1.0,-1.3,-1.1,-1.3,-2.0,-1.4,-1.0
3Day,1620,-227.3,-234.8,-237.6,-237.3,-235.2,-229.0,-232.1,-229.4,-230.8,-227.5
,,-0.1,-0.9,-0.9,-1.0,-1.3,-1.1,-1.3,-2.0,-1.4,-1.0
Weekly,1620,-227.3,-234.8,-237.6,-237.3,-235.2,-229.0,-232.1,-229.4,-230.8,-227.5
,,-0.1,-0.9,-0.9,-1.0,-1.3,-1.1,-1.3,-2.0,-1.4,-1.0
2Weekly,1620,-227.3,-234.8,-237.6,-237.3,-235.2,-229.0,-232.1,-229.4,-230.8,-227.5
,,-0.1,-0.9,-0.9,-1.0,-1.3,-1.1,-1.3,-2.0,-1.4,-1.0

HIGH SLIPPAGE EVENTS - MONTHLY COUNT
Month,Bucket,Category,Testnet Count,Production Count
2026-10,200-300,Normal/Sideways,2,0
2026-10,300-400,Normal Volatility,7,0

HIGH SLIPPAGE EVENTS - LATEST 30
Timestamp,Env,Side,Delay,SlipPrice,Slip100lot,Bucket,Category
2026-10-03T20:28:21.399719+00:00,testnet,entry,20,-296.8,-29.68,200-300,Normal/Sideways
2026-10-03T19:58:58.315711+00:00,testnet,exit,10,301.6,30.16,300-400,Normal Volatility
2026-10-03T19:58:58.315711+00:00,testnet,exit,15,301.6,30.16,300-400,Normal Volatility
2026-10-03T19:58:58.315711+00:00,testnet,exit,20,301.6,30.16,300-400,Normal Volatility
2026-10-03T19:58:58.315711+00:00,testnet,exit,25,301.6,30.16,300-400,Normal Volatility
2026-10-03T19:58:58.315711+00:00,testnet,exit,35,301.6,30.16,300-400,Normal Volatility
2026-10-03T19:58:58.315711+00:00,testnet,exit,40,301.6,30.16,300-400,Normal Volatility
2026-10-03T19:58:58.315711+00:00,testnet,exit,45,301.6,30.16,300-400,Normal Volatility
2026-10-03T19:58:58.315711+00:00,testnet,exit,50,215.3,21.53,200-300,Normal/Sideways
