logged_at_utc,bot,event_type,line
2026-10-04T22:04:07.482346+00:00,S4V2,BAND_ABANDONED,"2026-10-04 17:30:20,395 ERROR [ORDER] ENTRY FAILED: {'success': False, 'error': 'unfilled_beyond_band', 'order_id': 2174512723}"
2026-10-04T22:04:07.482629+00:00,S4V2,BAND_RETRY,"2026-10-04 17:30:24,393 INFO [OrderManager] Placing BUY banded order | size=100 lots | ref_price=85617.1788369 | band=$250.0 | limit=85867.2 | cid=S4V2E20261004T170000_a1"
2026-10-04T22:04:07.482800+00:00,S4V2,BAND_ABANDONED,"2026-10-04 17:30:25,430 ERROR [ORDER] ENTRY FAILED: {'success': False, 'error': 'unfilled_beyond_band', 'order_id': 2174512733}"
2026-10-04T22:04:07.482957+00:00,S4V2,BAND_RETRY,"2026-10-04 17:30:28,892 INFO [OrderManager] Placing BUY banded order | size=100 lots | ref_price=85617.1788369 | band=$500.0 | limit=86117.2 | cid=S4V2E20261004T170000_a2"
2026-10-04T22:04:07.483028+00:00,S4V2,CLOSE_ESCALATION,"2026-10-04 17:30:28,892 INFO [OrderManager] Placing BUY banded order | size=100 lots | ref_price=85617.1788369 | band=$500.0 | limit=86117.2 | cid=S4V2E20261004T170000_a2"
2026-10-04T22:04:07.483154+00:00,S4V2,BAND_ABANDONED,"2026-10-04 17:30:30,179 ERROR [ORDER] ENTRY FAILED: {'success': False, 'error': 'unfilled_beyond_band', 'order_id': 2174512739}"
2026-10-04T22:04:07.483395+00:00,S4V2,BAND_RETRY,"2026-10-04 17:30:34,142 INFO [OrderManager] Placing BUY banded order | size=100 lots | ref_price=85622.59345716 | band=$500.0 | limit=86122.6 | cid=S4V2E20261004T170000_a3"
2026-10-04T22:04:07.483473+00:00,S4V2,CLOSE_ESCALATION,"2026-10-04 17:30:34,142 INFO [OrderManager] Placing BUY banded order | size=100 lots | ref_price=85622.59345716 | band=$500.0 | limit=86122.6 | cid=S4V2E20261004T170000_a3"
2026-10-04T22:04:07.483597+00:00,S4V2,BAND_ABANDONED,"2026-10-04 17:30:35,173 ERROR [ORDER] ENTRY FAILED: {'success': False, 'error': 'unfilled_beyond_band', 'order_id': 2174512743}"
2026-10-04T22:04:07.483720+00:00,S4V2,BAND_RETRY,"2026-10-04 17:30:44,394 INFO [OrderManager] Placing BUY banded order | size=100 lots | ref_price=85621.99183269 | band=$750.0 | limit=86372.0 | cid=S4V2E20261004T170000_a4"
2026-10-04T22:04:07.483792+00:00,S4V2,CLOSE_ESCALATION,"2026-10-04 17:30:44,394 INFO [OrderManager] Placing BUY banded order | size=100 lots | ref_price=85621.99183269 | band=$750.0 | limit=86372.0 | cid=S4V2E20261004T170000_a4"
2026-10-04T22:04:07.483915+00:00,S4V2,BAND_ABANDONED,"2026-10-04 17:30:45,971 ERROR [ORDER] ENTRY FAILED: {'success': False, 'error': 'unfilled_beyond_band', 'order_id': 2174512753}"
2026-10-04T22:04:07.484015+00:00,S4V2,BAND_ABANDONED,"2026-10-04 17:30:46,659 ERROR [ORDER] ENTRY ABANDONED - 5 failed attempts | dir=long | ts=2026-10-04T17:00:00 | advancing past exit=PENDING"
2026-10-04T22:04:07.484082+00:00,S4V2,BAND_ABANDONED,"2026-10-04 17:30:47,694 INFO [TELEGRAM] Alert sent: CTS S4V2 ENTRY ABANDONED"
2026-10-04T22:27:49.764815+00:00,S4V2,BAND_ABANDONED,"2026-10-04 17:30:20,395 ERROR [ORDER] ENTRY FAILED: {'success': False, 'error': 'unfilled_beyond_band', 'order_id': 2174512723}"
2026-10-04T22:27:49.766447+00:00,S4V2,BAND_RETRY,"2026-10-04 17:30:24,393 INFO [OrderManager] Placing BUY banded order | size=100 lots | ref_price=85617.1788369 | band=$250.0 | limit=85867.2 | cid=S4V2E20261004T170000_a1"
2026-10-04T22:27:49.766591+00:00,S4V2,BAND_ABANDONED,"2026-10-04 17:30:25,430 ERROR [ORDER] ENTRY FAILED: {'success': False, 'error': 'unfilled_beyond_band', 'order_id': 2174512733}"
2026-10-04T22:27:49.766683+00:00,S4V2,BAND_RETRY,"2026-10-04 17:30:28,892 INFO [OrderManager] Placing BUY banded order | size=100 lots | ref_price=85617.1788369 | band=$500.0 | limit=86117.2 | cid=S4V2E20261004T170000_a2"
2026-10-04T22:27:49.766740+00:00,S4V2,CLOSE_ESCALATION,"2026-10-04 17:30:28,892 INFO [OrderManager] Placing BUY banded order | size=100 lots | ref_price=85617.1788369 | band=$500.0 | limit=86117.2 | cid=S4V2E20261004T170000_a2"
2026-10-04T22:27:49.766812+00:00,S4V2,BAND_ABANDONED,"2026-10-04 17:30:30,179 ERROR [ORDER] ENTRY FAILED: {'success': False, 'error': 'unfilled_beyond_band', 'order_id': 2174512739}"
2026-10-04T22:27:49.766894+00:00,S4V2,BAND_RETRY,"2026-10-04 17:30:34,142 INFO [OrderManager] Placing BUY banded order | size=100 lots | ref_price=85622.59345716 | band=$500.0 | limit=86122.6 | cid=S4V2E20261004T170000_a3"
2026-10-04T22:27:49.766952+00:00,S4V2,CLOSE_ESCALATION,"2026-10-04 17:30:34,142 INFO [OrderManager] Placing BUY banded order | size=100 lots | ref_price=85622.59345716 | band=$500.0 | limit=86122.6 | cid=S4V2E20261004T170000_a3"
2026-10-04T22:27:49.767026+00:00,S4V2,BAND_ABANDONED,"2026-10-04 17:30:35,173 ERROR [ORDER] ENTRY FAILED: {'success': False, 'error': 'unfilled_beyond_band', 'order_id': 2174512743}"
2026-10-04T22:27:49.767094+00:00,S4V2,BAND_RETRY,"2026-10-04 17:30:44,394 INFO [OrderManager] Placing BUY banded order | size=100 lots | ref_price=85621.99183269 | band=$750.0 | limit=86372.0 | cid=S4V2E20261004T170000_a4"
2026-10-04T22:27:49.767135+00:00,S4V2,CLOSE_ESCALATION,"2026-10-04 17:30:44,394 INFO [OrderManager] Placing BUY banded order | size=100 lots | ref_price=85621.99183269 | band=$750.0 | limit=86372.0 | cid=S4V2E20261004T170000_a4"
2026-10-04T22:27:49.767204+00:00,S4V2,BAND_ABANDONED,"2026-10-04 17:30:45,971 ERROR [ORDER] ENTRY FAILED: {'success': False, 'error': 'unfilled_beyond_band', 'order_id': 2174512753}"
2026-10-04T22:27:49.767309+00:00,S4V2,BAND_ABANDONED,"2026-10-04 17:30:46,659 ERROR [ORDER] ENTRY ABANDONED - 5 failed attempts | dir=long | ts=2026-10-04T17:00:00 | advancing past exit=PENDING"
2026-10-04T22:27:49.767355+00:00,S4V2,BAND_ABANDONED,"2026-10-04 17:30:47,694 INFO [TELEGRAM] Alert sent: CTS S4V2 ENTRY ABANDONED"
2026-10-05T01:00:59.974007+00:00,S4V2,CLOSE_ESCALATION,"2026-10-05 01:00:45,103 CRITICAL [OrderManager] Close attempt 7/8 | LOSS-CAPPED RESTING order | BUY 100 lots @ 87816.3 (band=$1000, elapsed=43s)"
2026-10-05T01:01:30.101462+00:00,S4V2,CLOSE_ESCALATION,"2026-10-05 01:01:04,847 CRITICAL [OrderManager] Close attempt 8/8 | LOSS-CAPPED RESTING order | BUY 100 lots @ 87800.6 (band=$1000, elapsed=63s)"
2026-10-05T01:01:30.101878+00:00,S4V2,CLOSE_ESCALATION,"2026-10-05 01:01:26,597 CRITICAL [OrderManager] Close attempt 1/8 | LOSS-CAPPED RESTING order | BUY 100 lots @ 87801.1 (band=$1000, elapsed=84s)"
2026-10-05T01:02:00.106703+00:00,S4V2,CLOSE_ESCALATION,"2026-10-05 01:01:45,618 CRITICAL [OrderManager] Close attempt 2/8 | LOSS-CAPPED RESTING order | BUY 61 lots @ 87733.7 (band=$1000, elapsed=103s)"
2026-10-05T01:02:30.159734+00:00,S4V2,CLOSE_ESCALATION,"2026-10-05 01:02:07,627 CRITICAL [OrderManager] Close attempt 3/8 | LOSS-CAPPED RESTING order | BUY 61 lots @ 87761.3 (band=$1000, elapsed=125s)"
2026-10-05T01:02:30.159947+00:00,S4V2,CLOSE_ESCALATION,"2026-10-05 01:02:27,346 CRITICAL [OrderManager] Close attempt 4/8 | LOSS-CAPPED RESTING order | BUY 61 lots @ 87749.1 (band=$1000, elapsed=145s)"
2026-10-05T01:03:00.162722+00:00,S4V2,CLOSE_ESCALATION,"2026-10-05 01:02:46,696 CRITICAL [OrderManager] Close attempt 5/8 | LOSS-CAPPED RESTING order | BUY 61 lots @ 87731.4 (band=$1000, elapsed=165s)"
2026-10-05T01:03:30.166478+00:00,S4V2,CLOSE_ESCALATION,"2026-10-05 01:03:05,096 CRITICAL [OrderManager] Close attempt 6/8 | LOSS-CAPPED RESTING order | BUY 61 lots @ 87731.1 (band=$1000, elapsed=183s)"
2026-10-05T01:03:30.166636+00:00,S4V2,CLOSE_ESCALATION,"2026-10-05 01:03:24,615 CRITICAL [OrderManager] Close attempt 7/8 | LOSS-CAPPED RESTING order | BUY 61 lots @ 87734.6 (band=$1000, elapsed=203s)"
2026-10-05T01:04:00.172601+00:00,S4V2,CLOSE_ESCALATION,"2026-10-05 01:03:42,928 CRITICAL [OrderManager] Close attempt 8/8 | LOSS-CAPPED RESTING order | BUY 21 lots @ 87730.5 (band=$1000, elapsed=221s)"
2026-10-05T01:05:00.182699+00:00,S4V2,CLOSE_ESCALATION,"2026-10-05 01:04:37,495 CRITICAL [OrderManager] Close attempt 7/8 | LOSS-CAPPED RESTING order | BUY 21 lots @ 87823.5 (band=$1000, elapsed=37s)"
2026-10-05T01:05:00.183011+00:00,S4V2,BAND_ABANDONED,"2026-10-05 01:04:46,126 ERROR [ORDER] ENTRY FAILED: {'success': False, 'error': 'unfilled_beyond_band', 'order_id': 2174523485}"
2026-10-05T01:05:00.183172+00:00,S4V2,BAND_RETRY,"2026-10-05 01:04:49,823 INFO [OrderManager] Placing BUY banded order | size=100 lots | ref_price=86825.24077988 | band=$250.0 | limit=87075.2 | cid=S4V2E20261005T003000_a1"
2026-10-05T01:05:00.184452+00:00,S4V2,BAND_ABANDONED,"2026-10-05 01:04:50,890 ERROR [ORDER] ENTRY FAILED: {'success': False, 'error': 'unfilled_beyond_band', 'order_id': 2174523489}"
2026-10-05T01:05:00.184685+00:00,S4V2,BAND_RETRY,"2026-10-05 01:04:54,758 INFO [OrderManager] Placing BUY banded order | size=100 lots | ref_price=86825.24077988 | band=$500.0 | limit=87325.2 | cid=S4V2E20261005T003000_a2"
2026-10-05T01:05:00.186395+00:00,S4V2,CLOSE_ESCALATION,"2026-10-05 01:04:54,758 INFO [OrderManager] Placing BUY banded order | size=100 lots | ref_price=86825.24077988 | band=$500.0 | limit=87325.2 | cid=S4V2E20261005T003000_a2"
2026-10-05T01:05:00.186543+00:00,S4V2,BAND_ABANDONED,"2026-10-05 01:04:57,395 ERROR [ORDER] ENTRY FAILED: {'success': False, 'error': 'unfilled_beyond_band', 'order_id': 2174523492}"
2026-10-05T01:05:30.190070+00:00,S4V2,BAND_RETRY,"2026-10-05 01:05:00,327 INFO [OrderManager] Placing BUY banded order | size=100 lots | ref_price=86824.43861391 | band=$500.0 | limit=87324.4 | cid=S4V2E20261005T003000_a3"
2026-10-05T01:05:30.190186+00:00,S4V2,CLOSE_ESCALATION,"2026-10-05 01:05:00,327 INFO [OrderManager] Placing BUY banded order | size=100 lots | ref_price=86824.43861391 | band=$500.0 | limit=87324.4 | cid=S4V2E20261005T003000_a3"
2026-10-05T01:05:30.192410+00:00,S4V2,BAND_ABANDONED,"2026-10-05 01:05:01,300 ERROR [ORDER] ENTRY FAILED: {'success': False, 'error': 'unfilled_beyond_band', 'order_id': 2174523496}"
2026-10-05T01:05:30.192717+00:00,S4V2,BAND_RETRY,"2026-10-05 01:05:06,912 INFO [OrderManager] Placing BUY banded order | size=100 lots | ref_price=86807.4928579 | band=$750.0 | limit=87557.5 | cid=S4V2E20261005T003000_a4"
2026-10-05T01:05:30.192805+00:00,S4V2,CLOSE_ESCALATION,"2026-10-05 01:05:06,912 INFO [OrderManager] Placing BUY banded order | size=100 lots | ref_price=86807.4928579 | band=$750.0 | limit=87557.5 | cid=S4V2E20261005T003000_a4"
2026-10-05T01:05:30.192936+00:00,S4V2,BAND_ABANDONED,"2026-10-05 01:05:08,564 ERROR [ORDER] ENTRY FAILED: {'success': False, 'error': 'unfilled_beyond_band', 'order_id': 2174523498}"
2026-10-05T01:05:30.193034+00:00,S4V2,BAND_ABANDONED,"2026-10-05 01:05:09,096 ERROR [ORDER] ENTRY ABANDONED - 5 failed attempts | dir=long | ts=2026-10-05T00:30:00 | advancing past exit=PENDING"
2026-10-05T01:05:30.193100+00:00,S4V2,BAND_ABANDONED,"2026-10-05 01:05:09,844 INFO [TELEGRAM] Alert sent: CTS S4V2 ENTRY ABANDONED"
