label,sig_ts,detected_at,lag_sec,exceeds_floor,gate_lockout_signature,direction,price_then,price_now,est_damage_usd
S4V2,2026-09-10T11:30:00+00:00,1789041603.43764,1803.4,True,False,short,77883.0,77825.5,5.75
S4V2,2026-09-10T13:30:00+00:00,1789048807.059914,1807.1,True,False,short,77009.0,77145.5,13.65
S4V2,2026-09-10T13:30:00+00:00,1789048807.059914,1807.1,True,False,long,77009.0,77145.5,13.65
S4V2,2026-09-10T15:00:00+00:00,1789054203.003575,1803.0,True,False,long,77239.0,77087.0,15.2
S4V2,2026-09-10T15:00:00+00:00,1789054203.003575,1803.0,True,False,short,77147.0,77087.0,6.0
S4V2,2026-09-10T15:30:00+00:00,1789056002.890541,1802.9,True,False,short,77193.0,77226.0,3.3
S4V2,2026-09-10T15:30:00+00:00,1789056002.890541,1802.9,True,False,long,77193.0,77226.0,3.3
S4V2,2026-09-10T16:00:00+00:00,1789057803.783176,1803.8,True,False,long,77101.0,76903.0,19.8
S4V2,2026-09-10T16:00:00+00:00,1789057803.783176,1803.8,True,False,short,77101.0,76903.0,19.8
S4V2,2026-09-10T16:30:00+00:00,1789059604.565568,1804.6,True,False,short,77009.0,77180.0,17.1
S4V2,2026-09-10T16:30:00+00:00,1789059604.565568,1804.6,True,False,long,77009.0,77180.0,17.1
S4,2026-09-10T16:00:00+00:00,1789063203.805268,7203.8,True,False,long,77285.0,77304.0,1.9
S4V2,2026-09-10T18:00:00+00:00,1789065005.495173,1805.5,True,False,long,77147.0,77051.0,9.6
S4V2,2026-09-10T18:00:00+00:00,1789065005.495173,1805.5,True,False,short,77101.0,77051.0,5.0
S4V2,2026-09-10T18:30:00+00:00,1789066805.911708,1805.9,True,False,short,77147.0,77230.5,8.35
S4V2,2026-09-10T18:30:00+00:00,1789066805.911708,1805.9,True,False,long,77147.0,77230.5,8.35
S4V2,2026-09-10T19:30:00+00:00,1789070402.888665,1802.9,True,False,long,77101.0,77140.0,3.9
S4V2,2026-09-10T19:30:00+00:00,1789070402.888665,1802.9,True,False,short,77101.0,77140.0,3.9
S4,2026-09-10T18:00:00+00:00,1789070405.389571,7205.4,True,False,long,77193.0,77140.0,5.3
S4V2,2026-09-10T20:00:00+00:00,1789072203.188773,1803.2,True,False,short,77239.0,77256.5,1.75
S4V2,2026-09-10T20:00:00+00:00,1789072203.188773,1803.2,True,False,long,77239.0,77256.5,1.75
S4V2,2026-09-10T21:30:00+00:00,1789077617.0059,1817.0,True,False,long,77147.0,77121.5,2.55
S4V2,2026-09-10T21:30:00+00:00,1789077617.0059,1817.0,True,False,short,77147.0,77121.5,2.55
S4,2026-09-10T22:00:00+00:00,1789084802.966349,7203.0,True,False,short,77055.0,76543.0,51.2
S4V2,2026-09-11T00:00:00+00:00,1789086605.703495,1805.7,True,False,short,76687.0,76826.0,13.9
S4V2,2026-09-11T00:00:00+00:00,1789086605.703495,1805.7,True,False,long,76687.0,76826.0,13.9
S4,2026-09-11T00:00:00+00:00,1789092004.108432,7204.1,True,False,short,76687.0,76954.0,26.7
S4,2026-09-11T00:00:00+00:00,1789092004.108432,7204.1,True,False,long,76687.0,76954.0,26.7
S4V2,2026-09-11T02:00:00+00:00,1789093803.47328,1803.5,True,False,long,76779.0,76784.0,0.5
S4,2026-09-11T02:00:00+00:00,1789099206.157694,7206.2,True,False,long,76825.0,76867.5,4.25
S4V2,2026-09-11T04:00:00+00:00,1789101002.182946,1802.2,True,False,long,76917.0,77153.0,23.6
S4V2,2026-09-11T04:30:00+00:00,1789102803.97634,1804.0,True,False,long,77055.0,77084.0,2.9
S4,2026-09-11T04:00:00+00:00,1789106403.135501,7203.1,True,False,long,76963.0,77228.0,26.5
S4V2,2026-09-11T05:30:00+00:00,1789106405.466753,1805.5,True,False,long,77193.0,77228.0,3.5
S4V2,2026-09-11T09:00:00+00:00,1789119002.181516,1802.2,True,False,long,77193.0,77112.0,8.1
S4V2,2026-09-11T09:00:00+00:00,1789119002.181516,1802.2,True,False,short,77193.0,77112.0,8.1
S4,2026-09-11T08:00:00+00:00,1789120802.266874,7202.3,True,False,long,77101.0,77008.5,9.25
S4,2026-09-11T08:00:00+00:00,1789120802.266874,7202.3,True,False,short,77101.0,77008.5,9.25
S4V2,2026-09-11T11:30:00+00:00,1789128002.150612,1802.2,True,False,short,76963.0,77022.0,5.9
S4V2,2026-09-11T11:30:00+00:00,1789128002.150612,1802.2,True,False,long,77009.0,77022.0,1.3
S4V3,2026-09-11T08:00:00+00:00,1789128006.559187,14406.6,True,False,short,77101.0,77007.5,9.35
S4V2,2026-09-11T13:00:00+00:00,1789133403.740025,1803.7,True,False,long,77837.0,77494.5,34.25
S4V2,2026-09-11T13:00:00+00:00,1789133403.740025,1803.7,True,False,short,77837.0,77494.5,34.25
S4,2026-09-11T12:00:00+00:00,1789135205.746518,7205.7,True,False,short,77101.0,79219.5,211.85
S4V2,2026-09-11T13:30:00+00:00,1789135206.111367,1806.1,True,False,short,77607.0,79219.5,161.25
S4,2026-09-11T12:00:00+00:00,1789135205.746518,7205.7,True,False,long,77147.0,79219.5,207.25
S4V2,2026-09-11T13:30:00+00:00,1789135206.111367,1806.1,True,False,long,77699.0,79219.5,152.05
S4V2,2026-09-11T14:00:00+00:00,1789137004.773357,1804.8,True,False,long,79125.0,79006.5,11.85
S4V2,2026-09-11T14:00:00+00:00,1789137004.773357,1804.8,True,False,short,79125.0,79006.5,11.85
S4,2026-09-11T14:00:00+00:00,1789142409.747885,7209.7,True,False,long,79125.0,77690.5,143.45
S4,2026-09-11T14:00:00+00:00,1789142409.747885,7209.7,True,False,short,79125.0,77690.5,143.45
S4V3,2026-09-11T00:00:00+00:00,1789142415.884793,57615.9,True,True,short,76641.0,77690.5,104.95
S4V2,2026-09-11T16:30:00+00:00,1789146004.418046,1804.4,True,False,short,77791.0,77881.0,9.0
S4V2,2026-09-11T16:30:00+00:00,1789146004.418046,1804.4,True,False,long,77791.0,77881.0,9.0
S4V2,2026-09-11T17:30:00+00:00,1789149602.561722,1802.6,True,False,long,77745.0,77501.5,24.35
S4V2,2026-09-11T17:30:00+00:00,1789149602.561722,1802.6,True,False,short,77561.0,77501.5,5.95
S4V2,2026-09-11T19:00:00+00:00,1789155002.692203,1802.7,True,False,short,77193.0,77201.0,0.8
S4V2,2026-09-11T19:00:00+00:00,1789155002.692203,1802.7,True,False,long,77193.0,77201.0,0.8
S4V3,2026-09-11T16:00:00+00:00,1789156805.188123,14405.2,True,False,short,77607.0,77250.5,35.65
S4V2,2026-09-11T21:30:00+00:00,1789164004.988883,1805.0,True,False,long,77193.0,77088.5,10.45
S4V2,2026-09-11T21:30:00+00:00,1789164004.988883,1805.0,True,False,short,77055.0,77088.5,3.35
S4V2,2026-09-11T23:00:00+00:00,1789169420.970648,1821.0,True,False,short,77193.0,77168.0,2.5
S4V2,2026-09-11T23:00:00+00:00,1789169420.970648,1821.0,True,False,long,77193.0,77168.0,2.5
S4,2026-09-11T22:00:00+00:00,1789171208.25441,7208.3,True,False,short,77239.0,77199.0,4.0
S4V3,2026-09-11T12:00:00+00:00,1789171208.999723,43209.0,True,True,short,77147.0,77199.0,5.2
S4,2026-09-11T22:00:00+00:00,1789171208.25441,7208.3,True,False,long,77239.0,77199.0,4.0
S4V2,2026-09-12T05:00:00+00:00,1789191006.600852,1806.6,True,False,long,77147.0,77165.0,1.8
S4V2,2026-09-12T06:30:00+00:00,1789196403.091607,1803.1,True,False,long,77285.0,77267.5,1.75
S4V2,2026-09-12T17:00:00+00:00,1789234202.360936,1802.4,True,False,long,77285.0,77271.0,1.4
S4V2,2026-09-12T17:00:00+00:00,1789234202.360936,1802.4,True,False,short,77239.0,77271.0,3.2
S4,2026-09-12T16:00:00+00:00,1789236005.972434,7206.0,True,False,long,77193.0,77181.0,1.2
S4,2026-09-12T20:00:00+00:00,1789250410.486534,7210.5,True,False,long,77239.0,77226.0,1.3
S4V2,2026-09-12T21:30:00+00:00,1789250410.829557,1810.8,True,False,short,77239.0,77226.0,1.3
S4V2,2026-09-13T01:30:00+00:00,1789264811.811125,1811.8,True,False,long,77285.0,77293.0,0.8
S4V2,2026-09-13T03:30:00+00:00,1789272001.901568,1801.9,True,False,long,77147.0,77169.5,2.25
S4V2,2026-09-13T03:30:00+00:00,1789272001.901568,1801.9,True,False,short,77147.0,77169.5,2.25
S4,2026-09-13T02:00:00+00:00,1789272004.24749,7204.2,True,False,long,77147.0,77169.5,2.25
S4V3,2026-09-13T00:00:00+00:00,1789272005.598542,14405.6,True,False,short,77147.0,77169.5,2.25
S4V2,2026-09-13T05:00:00+00:00,1789277405.54617,1805.5,True,False,short,77285.0,77258.0,2.7
S4V2,2026-09-13T05:00:00+00:00,1789277405.54617,1805.5,True,False,long,77285.0,77258.0,2.7
S4,2026-09-13T04:00:00+00:00,1789279206.478572,7206.5,True,False,long,77331.0,77288.0,4.3
S4V2,2026-09-13T06:30:00+00:00,1789282802.486779,1802.5,True,False,long,77147.0,77090.0,5.7
S4V2,2026-09-13T06:30:00+00:00,1789282802.486779,1802.5,True,False,short,77147.0,77090.0,5.7
S4,2026-09-13T06:00:00+00:00,1789286406.175633,7206.2,True,False,long,77147.0,77095.5,5.15
S4,2026-09-13T06:00:00+00:00,1789286406.175633,7206.2,True,False,short,77147.0,77095.5,5.15
S4V2,2026-09-13T09:30:00+00:00,1789293602.406577,1802.4,True,False,short,76779.0,76774.5,0.45
S4V2,2026-09-13T09:30:00+00:00,1789293602.406577,1802.4,True,False,long,76779.0,76774.5,0.45
S4V2,2026-09-13T10:30:00+00:00,1789296922.813614,1522.8,True,False,long,76641.0,76639.0,0.2
S4V2,2026-09-13T10:30:00+00:00,1789296922.813614,1522.8,True,False,short,76595.0,76639.0,4.4
S4V2,2026-09-13T13:30:00+00:00,1789308005.803667,1805.8,True,False,short,76687.0,76821.0,13.4
S4V2,2026-09-13T13:30:00+00:00,1789308005.803667,1805.8,True,False,long,76687.0,76821.0,13.4
S4V2,2026-09-13T15:00:00+00:00,1789313404.48402,1804.5,True,False,long,77009.0,77014.5,0.55
S4V3,2026-09-13T12:00:00+00:00,1789315210.977114,14411.0,True,False,short,76871.0,77105.5,23.45
S4,2026-09-13T14:00:00+00:00,1789315211.914763,7211.9,True,False,short,76917.0,77105.5,18.85
S4,2026-09-13T14:00:00+00:00,1789315211.914763,7211.9,True,False,long,76917.0,77105.5,18.85
S4V2,2026-09-13T15:30:00+00:00,1789315212.566086,1812.6,True,False,long,77147.0,77105.5,4.15
S4V2,2026-09-13T22:00:00+00:00,1789338602.517553,1802.5,True,False,long,77239.0,76815.5,42.35
S4V2,2026-09-13T22:00:00+00:00,1789338602.517553,1802.5,True,False,short,77239.0,76815.5,42.35
S4V3,2026-09-13T20:00:00+00:00,1789344006.397014,14406.4,True,False,short,77147.0,76812.5,33.45
S4,2026-09-13T22:00:00+00:00,1789344007.01381,7207.0,True,False,long,77147.0,76812.5,33.45
S4,2026-09-13T22:00:00+00:00,1789344007.01381,7207.0,True,False,short,77147.0,76812.5,33.45
S4V2,2026-09-14T00:30:00+00:00,1789347602.611833,1802.6,True,False,short,76595.0,76782.5,18.75
S4V2,2026-09-14T00:30:00+00:00,1789347602.611833,1802.6,True,False,long,76595.0,76782.5,18.75
S4,2026-09-14T00:00:00+00:00,1789351203.779601,7203.8,True,False,short,76917.0,77097.5,18.05
S4,2026-09-14T00:00:00+00:00,1789351203.779601,7203.8,True,False,long,76917.0,77097.5,18.05
S4V2,2026-09-14T03:30:00+00:00,1789358403.183161,1803.2,True,False,long,77653.0,77566.5,8.65
S4V2,2026-09-14T03:30:00+00:00,1789358403.183161,1803.2,True,False,short,77653.0,77566.5,8.65
S4V3,2026-09-14T00:00:00+00:00,1789358408.264286,14408.3,True,False,short,76871.0,77566.5,69.55
S4V2,2026-09-14T07:00:00+00:00,1789371002.215651,1802.2,True,False,short,77653.0,77677.0,2.4
S4V2,2026-09-14T07:30:00+00:00,1789372802.518549,1802.5,True,False,long,77791.0,77862.0,7.1
S4V2,2026-09-14T08:00:00+00:00,1789374602.673769,1802.7,True,False,long,77699.0,77725.0,2.6
S4V2,2026-09-14T08:00:00+00:00,1789374602.673769,1802.7,True,False,short,77699.0,77725.0,2.6
S4V2,2026-09-14T09:30:00+00:00,1789380005.567394,1805.6,True,False,short,77837.0,78117.5,28.05
S4V2,2026-09-14T09:30:00+00:00,1789380005.567394,1805.6,True,False,long,77883.0,78117.5,23.45
S4V2,2026-09-14T10:00:00+00:00,1789381805.346506,1805.3,True,False,long,78021.0,77942.5,7.85
S4V2,2026-09-14T10:00:00+00:00,1789381805.346506,1805.3,True,False,short,78021.0,77942.5,7.85
S4,2026-09-14T10:00:00+00:00,1789387206.2075,7206.2,True,False,long,77975.0,77753.5,22.15
S4,2026-09-14T10:00:00+00:00,1789387206.2075,7206.2,True,False,short,77975.0,77753.5,22.15
S4V2,2026-09-14T12:00:00+00:00,1789389002.278088,1802.3,True,False,short,77929.0,77972.5,4.35
S4V2,2026-09-14T12:30:00+00:00,1789390803.096823,1803.1,True,False,short,77837.0,77671.0,16.6
S4V2,2026-09-14T13:00:00+00:00,1789392602.323166,1802.3,True,False,short,77791.0,77841.0,5.0
S4V2,2026-09-14T13:00:00+00:00,1789392602.323166,1802.3,True,False,long,77837.0,77841.0,0.4
S4,2026-09-14T12:00:00+00:00,1789394146.95616,6947.0,True,False,short,77883.0,78222.5,33.95
S4,2026-09-14T12:00:00+00:00,1789394146.95616,6947.0,True,False,long,77929.0,78222.5,29.35
S4V2,2026-09-14T15:00:00+00:00,1789399804.392508,1804.4,True,False,long,78343.0,78382.0,3.9
S4V2,2026-09-14T15:00:00+00:00,1789399804.392508,1804.4,True,False,short,78343.0,78382.0,3.9
S4V2,2026-09-14T15:30:00+00:00,1789401602.793709,1802.8,True,False,short,78481.0,78551.0,7.0
S4V2,2026-09-14T15:30:00+00:00,1789401602.793709,1802.8,True,False,long,78573.0,78551.0,2.2
S4V2,2026-09-14T19:30:00+00:00,1789416003.648429,1803.6,True,False,long,79033.0,78960.0,7.3
S4V2,2026-09-14T19:30:00+00:00,1789416003.648429,1803.6,True,False,short,79033.0,78960.0,7.3
S4V2,2026-09-14T20:00:00+00:00,1789417814.013551,1814.0,True,False,short,79079.0,79414.0,33.5
S4V2,2026-09-14T20:00:00+00:00,1789417814.013551,1814.0,True,False,long,79217.0,79414.0,19.7
S4V2,2026-09-14T20:30:00+00:00,1789419603.280011,1803.3,True,False,long,79309.0,79074.0,23.5
S4V2,2026-09-14T20:30:00+00:00,1789419603.280011,1803.3,True,False,short,79309.0,79074.0,23.5
S4,2026-09-14T20:00:00+00:00,1789423203.613015,7203.6,True,False,long,78803.0,78736.5,6.65
S4,2026-09-14T20:00:00+00:00,1789423203.613015,7203.6,True,False,short,78803.0,78736.5,6.65
S4V3,2026-09-14T20:00:00+00:00,1789430404.995562,14405.0,True,False,short,78849.0,78162.5,68.65
S4V2,2026-09-15T05:30:00+00:00,1789451532.627322,1332.6,True,False,short,77515.0,77528.0,1.3
S4V2,2026-09-15T05:30:00+00:00,1789451532.627322,1332.6,True,False,long,77515.0,77528.0,1.3
S4V2,2026-09-15T06:00:00+00:00,1789453802.473758,1802.5,True,False,long,77469.0,77384.0,8.5
S4V2,2026-09-15T06:30:00+00:00,1789455603.504613,1803.5,True,False,short,77285.0,77259.0,2.6
S4V2,2026-09-15T08:30:00+00:00,1789462802.145778,1802.1,True,False,short,77009.0,76973.0,3.6
S4V2,2026-09-15T08:30:00+00:00,1789462802.145778,1802.1,True,False,long,77009.0,76973.0,3.6
S4V2,2026-09-15T09:00:00+00:00,1789464602.577777,1802.6,True,False,long,76871.0,76890.5,1.95
S4V2,2026-09-15T10:30:00+00:00,1789470005.013265,1805.0,True,False,long,77009.0,77031.0,2.2
S4V2,2026-09-15T11:30:00+00:00,1789473607.40268,1807.4,True,False,long,76917.0,76907.0,1.0
S4V2,2026-09-15T13:30:00+00:00,1789480802.418636,1802.4,True,False,short,76779.0,76598.0,18.1
S4V2,2026-09-15T15:00:00+00:00,1789486202.398744,1802.4,True,False,short,76089.0,76318.0,22.9
S4V2,2026-09-15T15:00:00+00:00,1789486202.398744,1802.4,True,False,long,76089.0,76318.0,22.9
S4V2,2026-09-15T16:30:00+00:00,1789491602.157147,1802.2,True,False,long,76319.0,76359.5,4.05
S4V2,2026-09-15T17:00:00+00:00,1789493402.226618,1802.2,True,False,long,76457.0,76491.5,3.45
S4,2026-09-15T16:00:00+00:00,1789495203.498209,7203.5,True,False,short,76641.0,76939.0,29.8
S4,2026-09-15T16:00:00+00:00,1789495203.498209,7203.5,True,False,long,76641.0,76939.0,29.8
S4V2,2026-09-15T18:30:00+00:00,1789498805.878394,1805.9,True,False,long,76779.0,75949.0,83.0
S4V2,2026-09-15T18:30:00+00:00,1789498805.878394,1805.9,True,False,short,76779.0,75949.0,83.0
S4V2,2026-09-15T19:30:00+00:00,1789502402.393197,1802.4,True,False,short,76043.0,76157.5,11.45
S4V2,2026-09-15T19:30:00+00:00,1789502402.393197,1802.4,True,False,long,76043.0,76157.5,11.45
S4,2026-09-15T18:00:00+00:00,1789502404.74865,7204.7,True,False,long,76825.0,76151.0,67.4
S4,2026-09-15T18:00:00+00:00,1789502404.74865,7204.7,True,False,short,76779.0,76151.0,62.8
S4V2,2026-09-15T20:00:00+00:00,1789504204.160486,1804.2,True,False,long,76043.0,75708.5,33.45
S4V2,2026-09-15T20:00:00+00:00,1789504204.160486,1804.2,True,False,short,75905.0,75708.5,19.65
S4V2,2026-09-15T20:30:00+00:00,1789506014.370406,1814.4,True,False,short,75813.0,75908.0,9.5
S4V2,2026-09-15T20:30:00+00:00,1789506014.370406,1814.4,True,False,long,75813.0,75908.0,9.5
S4V2,2026-09-15T21:00:00+00:00,1789507802.426987,1802.4,True,False,long,75813.0,75657.0,15.6
S4V2,2026-09-15T21:00:00+00:00,1789507802.426987,1802.4,True,False,short,75721.0,75657.0,6.4
S4V2,2026-09-15T22:30:00+00:00,1789513205.405052,1805.4,True,False,short,75583.0,75639.5,5.65
S4V2,2026-09-15T22:30:00+00:00,1789513205.405052,1805.4,True,False,long,75583.0,75639.5,5.65
S4,2026-09-15T22:00:00+00:00,1789516807.434362,7207.4,True,False,short,75583.0,75607.0,2.4
S4,2026-09-15T22:00:00+00:00,1789516807.434362,7207.4,True,False,long,75583.0,75607.0,2.4
S4V2,2026-09-16T01:30:00+00:00,1789524001.980123,1802.0,True,False,long,75675.0,75472.5,20.25
S4V2,2026-09-16T01:30:00+00:00,1789524001.980123,1802.0,True,False,short,75583.0,75472.5,11.05
S4,2026-09-16T00:00:00+00:00,1789524006.365359,7206.4,True,False,long,75491.0,75472.5,1.85
S4V2,2026-09-16T02:00:00+00:00,1789525802.791619,1802.8,True,False,short,75583.0,75924.0,34.1
S4V2,2026-09-16T02:00:00+00:00,1789525802.791619,1802.8,True,False,long,75583.0,75924.0,34.1
S4V2,2026-09-16T03:00:00+00:00,1789529402.602542,1802.6,True,False,long,75813.0,75830.0,1.7
S4V3,2026-09-16T00:00:00+00:00,1789531204.875598,14404.9,True,False,short,75721.0,75794.5,7.35
S4V2,2026-09-16T05:30:00+00:00,1789538405.386009,1805.4,True,False,long,75951.0,75933.0,1.8
S4V2,2026-09-16T07:00:00+00:00,1789543802.114473,1802.1,True,False,long,75859.0,75789.0,7.0
S4V2,2026-09-16T07:00:00+00:00,1789543802.114473,1802.1,True,False,short,75859.0,75789.0,7.0
S4,2026-09-16T06:00:00+00:00,1789545399.456839,6999.5,True,False,long,75752.5,75767.0,1.45
S4,2026-09-16T06:00:00+00:00,1789545399.456839,6999.5,True,False,short,75752.5,75767.0,1.45
S4V2,2026-09-16T08:30:00+00:00,1789549202.823152,1802.8,True,False,short,75552.5,75705.0,15.25
S4V2,2026-09-16T08:30:00+00:00,1789549202.823152,1802.8,True,False,long,75598.5,75705.0,10.65
S4,2026-09-16T08:00:00+00:00,1789552802.130204,7202.1,True,False,short,75860.5,75967.5,10.7
S4,2026-09-16T08:00:00+00:00,1789552802.130204,7202.1,True,False,long,75906.5,75967.5,6.1
S4V2,2026-09-16T12:00:00+00:00,1789561800.974106,1801.0,True,False,long,76039.5,75918.0,12.15
S4V2,2026-09-16T12:00:00+00:00,1789561800.974106,1801.0,True,False,short,76039.5,75918.0,12.15
S4,2026-09-16T12:00:00+00:00,1789567201.534111,7201.5,True,False,long,76072.0,75622.5,44.95
S4,2026-09-16T12:00:00+00:00,1789567201.534111,7201.5,True,False,short,76072.0,75622.5,44.95
S4V2,2026-09-16T14:00:00+00:00,1789569001.516266,1801.5,True,False,short,75775.5,75809.0,3.35
S4V2,2026-09-16T14:00:00+00:00,1789569001.516266,1801.5,True,False,long,75821.5,75809.0,1.25
S4V2,2026-09-16T14:30:00+00:00,1789570800.442723,1800.4,True,False,long,75677.5,75668.5,0.9
S4V2,2026-09-16T14:30:00+00:00,1789570800.442723,1800.4,True,False,short,75677.5,75668.5,0.9
S4V2,2026-09-16T15:30:00+00:00,1789574401.184512,1801.2,True,False,short,75764.0,75761.5,0.25
S4V2,2026-09-16T15:30:00+00:00,1789574401.184512,1801.2,True,False,long,75764.0,75761.5,0.25
S4,2026-09-16T14:00:00+00:00,1789574404.149638,7204.1,True,False,short,75751.0,75761.5,1.05
S4,2026-09-16T14:00:00+00:00,1789574404.149638,7204.1,True,False,long,75751.0,75761.5,1.05
S4V3,2026-09-16T12:00:00+00:00,1789574409.849895,14409.8,True,False,short,76091.5,75761.5,33.0
S4V2,2026-09-16T17:00:00+00:00,1789583400.686643,5400.7,True,True,long,75654.0,75989.5,33.55
S4V2,2026-09-16T17:00:00+00:00,1789583400.686643,5400.7,True,True,short,75654.0,75989.5,33.55
S4V2,2026-09-16T18:00:00+00:00,1789583400.686643,1800.7,True,False,long,75792.0,75989.5,19.75
S4V2,2026-09-16T18:30:00+00:00,1789585201.01568,1801.0,True,False,long,75811.0,75608.5,20.25
S4V2,2026-09-16T18:30:00+00:00,1789585201.01568,1801.0,True,False,short,75765.0,75608.5,15.65
S4V2,2026-09-16T19:30:00+00:00,1789588800.982575,1801.0,True,False,short,75693.5,76065.5,37.2
S4V2,2026-09-16T19:30:00+00:00,1789588800.982575,1801.0,True,False,long,75739.5,76065.5,32.6
S4V3,2026-09-16T16:00:00+00:00,1789588803.558309,14403.6,True,False,short,75814.5,76065.5,25.1
S4V2,2026-09-16T21:00:00+00:00,1789594201.444332,1801.4,True,False,long,76014.5,76046.5,3.2
S4V2,2026-09-16T21:30:00+00:00,1789596001.237386,1801.2,True,False,short,75970.5,75945.5,2.5
S4,2026-09-16T20:00:00+00:00,1789596002.80313,7202.8,True,False,long,75914.0,75945.5,3.15
S4,2026-09-16T20:00:00+00:00,1789596002.80313,7202.8,True,False,short,75914.0,75945.5,3.15
S4V2,2026-09-16T23:00:00+00:00,1789601400.950416,1801.0,True,False,short,75830.5,76052.0,22.15
S4V2,2026-09-16T23:00:00+00:00,1789601400.950416,1801.0,True,False,long,75876.5,76052.0,17.55
S4V2,2026-09-17T01:30:00+00:00,1789610400.900399,1800.9,True,False,long,76439.5,76342.0,9.75
S4V2,2026-09-17T01:30:00+00:00,1789610400.900399,1800.9,True,False,short,76439.5,76342.0,9.75
S4,2026-09-16T22:00:00+00:00,1789610402.015616,14402.0,True,True,short,76052.0,76342.0,29.0
S4,2026-09-16T22:00:00+00:00,1789610402.015616,14402.0,True,True,long,76052.0,76342.0,29.0
S4V2,2026-09-17T02:30:00+00:00,1789614000.462582,1800.5,True,False,short,76299.5,76350.5,5.1
S4V2,2026-09-17T02:30:00+00:00,1789614000.462582,1800.5,True,False,long,76391.5,76350.5,4.1
S4V2,2026-09-17T04:00:00+00:00,1789619401.249591,1801.2,True,False,long,76298.0,76184.0,11.4
S4V2,2026-09-17T04:00:00+00:00,1789619401.249591,1801.2,True,False,short,76298.0,76184.0,11.4
S4V2,2026-09-17T04:30:00+00:00,1789621200.864891,1800.9,True,False,short,76284.5,76511.5,22.7
S4V2,2026-09-17T04:30:00+00:00,1789621200.864891,1800.9,True,False,long,76330.5,76511.5,18.1
S4V2,2026-09-17T05:30:00+00:00,1789624800.928483,1800.9,True,False,long,76396.5,76299.0,9.75
S4V2,2026-09-17T05:30:00+00:00,1789624800.928483,1800.9,True,False,short,76350.5,76299.0,5.15
S4V2,2026-09-17T06:00:00+00:00,1789626600.982502,1801.0,True,False,short,76440.0,76410.0,3.0
S4V2,2026-09-17T06:00:00+00:00,1789628400.490294,3600.5,True,True,long,76455.0,76456.0,0.1
S4V3,2026-09-16T16:00:00+00:00,1789632002.219526,57602.2,True,True,long,75829.5,76441.0,61.15
S4V2,2026-09-17T09:30:00+00:00,1789639200.544934,1800.5,True,False,long,76483.5,76446.0,3.75
S4V2,2026-09-17T09:30:00+00:00,1789639200.544934,1800.5,True,False,short,76483.5,76446.0,3.75
S4,2026-09-17T04:00:00+00:00,1789639201.559221,21601.6,True,True,long,76259.5,76445.5,18.6
S4,2026-09-17T04:00:00+00:00,1789639201.559221,21601.6,True,True,short,76259.5,76445.5,18.6
S4V2,2026-09-17T11:30:00+00:00,1789646400.576083,1800.6,True,False,short,76457.0,76462.5,0.55
S4V2,2026-09-17T11:30:00+00:00,1789646400.576083,1800.6,True,False,long,76503.0,76462.5,4.05
S4V2,2026-09-17T12:30:00+00:00,1789650000.547687,1800.5,True,False,long,76825.0,76706.0,11.9
S4V2,2026-09-17T12:30:00+00:00,1789650000.547687,1800.5,True,False,short,76825.0,76706.0,11.9
S4V2,2026-09-17T13:30:00+00:00,1789653600.570197,1800.6,True,False,short,76595.0,76679.5,8.45
S4V2,2026-09-17T13:30:00+00:00,1789653600.570197,1800.6,True,False,long,76641.0,76679.5,3.85
S4V2,2026-09-17T14:30:00+00:00,1789657200.700085,1800.7,True,False,long,76779.0,76477.0,30.2
S4V2,2026-09-17T14:30:00+00:00,1789657200.700085,1800.7,True,False,short,76733.0,76477.0,25.6
S4V2,2026-09-17T15:30:00+00:00,1789660800.445489,1800.4,True,False,short,76595.0,76759.0,16.4
S4V2,2026-09-17T15:30:00+00:00,1789660800.445489,1800.4,True,False,long,76641.0,76759.0,11.8
S4V2,2026-09-17T17:30:00+00:00,1789668000.996235,1801.0,True,False,long,76733.0,76649.5,8.35
S4V2,2026-09-17T17:30:00+00:00,1789668000.996235,1801.0,True,False,short,76687.0,76649.5,3.75
S4,2026-09-17T18:00:00+00:00,1789675202.192964,7202.2,True,False,short,76595.0,76568.5,2.65
S4V2,2026-09-17T20:00:00+00:00,1789677001.49717,1801.5,True,False,short,76687.0,76686.5,0.05
S4V2,2026-09-17T20:30:00+00:00,1789678802.54406,1802.5,True,False,short,76549.0,76538.0,1.1
S4V2,2026-09-17T22:30:00+00:00,1789686002.460697,1802.5,True,False,long,76411.0,76394.5,1.65
S4V2,2026-09-18T00:00:00+00:00,1789691402.434383,1802.4,True,False,long,76319.0,76353.0,3.4
S4V2,2026-09-18T00:30:00+00:00,1789693203.003033,1803.0,True,False,long,76457.0,76561.5,10.45
S4,2026-09-18T00:00:00+00:00,1789696803.235291,7203.2,True,False,short,76549.0,76712.5,16.35
S4,2026-09-18T00:00:00+00:00,1789696803.235291,7203.2,True,False,long,76641.0,76712.5,7.15
S4V3,2026-09-18T00:00:00+00:00,1789704003.092126,14403.1,True,False,long,76549.0,77357.0,80.8
S4V2,2026-09-18T04:00:00+00:00,1789705801.006205,1801.0,True,False,long,77239.0,77251.5,1.25
S4V2,2026-09-18T04:00:00+00:00,1789705801.006205,1801.0,True,False,short,77239.0,77251.5,1.25
S4V2,2026-09-18T04:30:00+00:00,1789707600.543627,1800.5,True,False,short,77377.0,77549.0,17.2
S4V2,2026-09-18T04:30:00+00:00,1789707600.543627,1800.5,True,False,long,77515.0,77549.0,3.4
S4V2,2026-09-18T05:30:00+00:00,1789711201.122211,1801.1,True,False,long,77423.0,77465.0,4.2
S4V2,2026-09-18T05:30:00+00:00,1789711201.122211,1801.1,True,False,short,77423.0,77465.0,4.2
S4V2,2026-09-18T06:30:00+00:00,1789714801.219742,1801.2,True,False,short,77561.0,77569.5,0.85
S4V2,2026-09-18T07:00:00+00:00,1789716600.6309,1800.6,True,False,long,77699.0,77775.5,7.65
S4V2,2026-09-18T11:00:00+00:00,1789731001.010771,1801.0,True,False,long,78113.0,78016.5,9.65
S4V2,2026-09-18T11:00:00+00:00,1789731001.010771,1801.0,True,False,short,78113.0,78016.5,9.65
S4,2026-09-18T10:00:00+00:00,1789732800.862035,7200.9,True,False,long,78021.0,78039.0,1.8
S4,2026-09-18T10:00:00+00:00,1789732800.862035,7200.9,True,False,short,78021.0,78039.0,1.8
S4,2026-09-18T12:00:00+00:00,1789738178.224815,5378.2,True,False,short,78159.0,78148.0,1.1
S4V2,2026-09-18T13:00:00+00:00,1789738186.723716,1786.7,True,False,short,78113.0,78148.0,3.5
S4V2,2026-09-18T15:30:00+00:00,1789747202.046283,1802.0,True,False,short,80781.0,80697.0,8.4
S4V2,2026-09-18T16:00:00+00:00,1789749000.97484,1801.0,True,False,short,80827.0,81027.0,20.0
S4V2,2026-09-18T16:00:00+00:00,1789749000.97484,1801.0,True,False,long,81057.0,81027.0,3.0
S4V2,2026-09-18T16:30:00+00:00,1789750800.960644,1801.0,True,False,long,80919.0,80817.5,10.15
S4V2,2026-09-18T16:30:00+00:00,1789750800.960644,1801.0,True,False,short,80919.0,80817.5,10.15
S4V2,2026-09-18T17:30:00+00:00,1789754400.990172,1801.0,True,False,short,80873.0,80986.5,11.35
S4V2,2026-09-18T17:30:00+00:00,1789754400.990172,1801.0,True,False,long,80965.0,80986.5,2.15
S4V2,2026-09-18T18:30:00+00:00,1789758000.451408,1800.5,True,False,long,80873.0,80903.0,3.0
S4V2,2026-09-18T18:30:00+00:00,1789758000.451408,1800.5,True,False,short,80873.0,80903.0,3.0
S4V2,2026-09-18T19:00:00+00:00,1789759801.459682,1801.5,True,False,short,81011.0,81231.0,22.0
S4V2,2026-09-18T19:00:00+00:00,1789759801.459682,1801.5,True,False,long,81011.0,81231.0,22.0
S4V2,2026-09-18T20:00:00+00:00,1789763403.580828,1803.6,True,False,long,81103.0,80990.5,11.25
S4V2,2026-09-18T20:00:00+00:00,1789763403.580828,1803.6,True,False,short,81103.0,80990.5,11.25
S4V2,2026-09-18T20:30:00+00:00,1789765201.973945,1802.0,True,False,short,81103.0,81093.5,0.95
S4V2,2026-09-18T21:30:00+00:00,1789768802.935728,1802.9,True,False,long,81195.0,81211.0,1.6
S4V2,2026-09-18T23:00:00+00:00,1789774204.93755,1804.9,True,False,long,81057.0,80962.5,9.45
S4V2,2026-09-18T23:00:00+00:00,1789774204.93755,1804.9,True,False,short,81057.0,80962.5,9.45
S4,2026-09-18T22:00:00+00:00,1789776002.452364,7202.5,True,False,short,81057.0,80871.0,18.6
S4V3,2026-09-18T20:00:00+00:00,1789776003.734984,14403.7,True,False,long,81057.0,80871.0,18.6
S4V2,2026-09-19T00:00:00+00:00,1789777803.589719,1803.6,True,False,short,81011.0,81078.5,6.75
S4V2,2026-09-19T00:00:00+00:00,1789777803.589719,1803.6,True,False,long,81057.0,81078.5,2.15
S4V2,2026-09-19T01:00:00+00:00,1789781402.136879,1802.1,True,False,long,81471.0,81228.0,24.3
S4V2,2026-09-19T01:00:00+00:00,1789781402.136879,1802.1,True,False,short,81471.0,81228.0,24.3
S4,2026-09-19T00:00:00+00:00,1789783201.053289,7201.1,True,False,short,80965.0,81261.0,29.6
S4,2026-09-19T00:00:00+00:00,1789783201.053289,7201.1,True,False,long,81011.0,81261.0,25.0
S4V2,2026-09-19T02:00:00+00:00,1789785001.923152,1801.9,True,False,short,81333.0,81312.5,2.05
S4V2,2026-09-19T03:00:00+00:00,1789788600.690955,1800.7,True,False,short,81195.0,81108.0,8.7
S4,2026-09-19T02:00:00+00:00,1789790401.968819,7202.0,True,False,long,81149.0,81108.5,4.05
S4,2026-09-19T02:00:00+00:00,1789790401.968819,7202.0,True,False,short,81149.0,81108.5,4.05
S4V3,2026-09-19T00:00:00+00:00,1789790404.305972,14404.3,True,False,long,80965.0,81108.5,14.35
S4V2,2026-09-19T07:00:00+00:00,1789803001.152128,1801.2,True,False,short,81103.0,81085.0,1.8
S4,2026-09-19T08:00:00+00:00,1789807059.030346,2259.0,True,False,short,81195.0,81305.0,11.0
S4,2026-09-19T08:00:00+00:00,1789807059.030346,2259.0,True,False,long,81241.0,81296.5,5.55
S4V2,2026-09-19T14:00:00+00:00,1789832933.225544,6533.2,True,False,long,81379.0,81683.5,30.45
S4V2,2026-09-19T17:00:00+00:00,1789839000.595402,1800.6,True,False,long,81655.0,81498.5,15.65
S4V2,2026-09-19T17:00:00+00:00,1789839000.595402,1800.6,True,False,short,81655.0,81498.5,15.65
S4,2026-09-19T16:00:00+00:00,1789840801.596636,7201.6,True,False,long,81471.0,81434.0,3.7
S4,2026-09-19T16:00:00+00:00,1789840801.596636,7201.6,True,False,short,81471.0,81434.0,3.7
S4V3,2026-09-19T16:00:00+00:00,1789848001.932809,14401.9,True,False,long,81517.0,81339.0,17.8
S4V2,2026-09-19T22:30:00+00:00,1789858802.594681,1802.6,True,False,short,81195.0,81239.0,4.4
S4V2,2026-09-19T22:30:00+00:00,1789858802.594681,1802.6,True,False,long,81241.0,81239.0,0.2
S4,2026-09-19T22:00:00+00:00,1789862405.767795,7205.8,True,False,short,81241.0,81228.5,1.25
S4,2026-09-19T22:00:00+00:00,1789862405.767795,7205.8,True,False,long,81241.0,81228.5,1.25
S4V2,2026-09-20T01:00:00+00:00,1789867800.921701,1800.9,True,False,long,81103.0,81092.0,1.1
S4V2,2026-09-20T01:00:00+00:00,1789867800.921701,1800.9,True,False,short,81057.0,81092.0,3.5
S4,2026-09-20T00:00:00+00:00,1789869601.285594,7201.3,True,False,long,81103.0,81074.5,2.85
S4,2026-09-20T00:00:00+00:00,1789869601.285594,7201.3,True,False,short,81103.0,81074.5,2.85
S4V2,2026-09-20T03:30:00+00:00,1789876800.9318,1800.9,True,False,short,80459.0,80476.0,1.7
S4V2,2026-09-20T03:30:00+00:00,1789876800.9318,1800.9,True,False,long,80459.0,80476.0,1.7
S4V2,2026-09-20T04:00:00+00:00,1789878601.958674,1802.0,True,False,long,80367.0,80408.5,4.15
S4V2,2026-09-20T05:00:00+00:00,1789882201.393883,1801.4,True,False,long,80505.0,80520.0,1.5
S4V2,2026-09-20T06:00:00+00:00,1789885800.989014,1801.0,True,False,long,80413.0,80438.5,2.55
S4V2,2026-09-20T08:30:00+00:00,1789894800.929067,1800.9,True,False,short,80275.0,80243.5,3.15
S4V2,2026-09-20T09:30:00+00:00,1789898400.584037,1800.6,True,False,short,80413.0,80445.0,3.2
S4V2,2026-09-20T09:30:00+00:00,1789898400.584037,1800.6,True,False,long,80413.0,80445.0,3.2
S4,2026-09-20T08:00:00+00:00,1789898401.985951,7202.0,True,False,short,80459.0,80445.0,1.4
S4,2026-09-20T08:00:00+00:00,1789898401.985951,7202.0,True,False,long,80459.0,80445.0,1.4
S4V2,2026-09-20T10:00:00+00:00,1789900200.99615,1801.0,True,False,long,80321.0,80364.5,4.35
S4V2,2026-09-20T11:30:00+00:00,1789905601.595829,1801.6,True,False,long,80459.0,80456.0,0.3
S4V3,2026-09-20T08:00:00+00:00,1789905603.336416,14403.3,True,False,long,80413.0,80456.0,4.3
S4V2,2026-09-20T12:00:00+00:00,1789907400.605924,1800.6,True,False,long,80321.0,80342.5,2.15
S4V2,2026-09-20T12:30:00+00:00,1789909202.510384,1802.5,True,False,long,80459.0,80465.0,0.6
S4V2,2026-09-20T17:00:00+00:00,1789925400.93858,1800.9,True,False,long,81149.0,81126.5,2.25
S4V2,2026-09-20T17:00:00+00:00,1789925400.93858,1800.9,True,False,short,81149.0,81126.5,2.25
S4V2,2026-09-20T18:00:00+00:00,1789929001.974099,1802.0,True,False,short,81241.0,81243.0,0.2
S4V2,2026-09-20T18:30:00+00:00,1789930800.964361,1801.0,True,False,short,81149.0,81006.0,14.3
S4V2,2026-09-20T19:00:00+00:00,1789932600.930628,1800.9,True,False,short,81103.0,81095.5,0.75
S4V2,2026-09-20T21:00:00+00:00,1789939800.96095,1801.0,True,False,short,81011.0,80857.5,15.35
S4,2026-09-20T20:00:00+00:00,1789941602.422986,7202.4,True,False,long,81011.0,80900.0,11.1
S4,2026-09-20T20:00:00+00:00,1789941602.422986,7202.4,True,False,short,81011.0,80900.0,11.1
S4V2,2026-09-20T22:00:00+00:00,1789943402.423239,1802.4,True,False,short,80965.0,81139.5,17.45
S4V2,2026-09-20T22:00:00+00:00,1789943402.423239,1802.4,True,False,long,81011.0,81139.5,12.85
S4,2026-09-20T22:00:00+00:00,1789948801.574476,7201.6,True,False,short,81011.0,81152.5,14.15
S4,2026-09-20T22:00:00+00:00,1789948801.574476,7201.6,True,False,long,81103.0,81152.5,4.95
S4V2,2026-09-21T00:30:00+00:00,1789952401.041228,1801.0,True,False,long,81563.0,81597.0,3.4
S4V2,2026-09-21T00:30:00+00:00,1789952401.041228,1801.0,True,False,short,81563.0,81597.0,3.4
S4,2026-09-21T00:00:00+00:00,1789956001.775835,7201.8,True,False,long,81057.0,80972.0,8.5
S4,2026-09-21T00:00:00+00:00,1789956001.775835,7201.8,True,False,short,81057.0,80972.0,8.5
S4V2,2026-09-21T02:00:00+00:00,1789957800.935691,1800.9,True,False,short,81149.0,81403.0,25.4
S4V2,2026-09-21T02:00:00+00:00,1789957800.935691,1800.9,True,False,long,81195.0,81403.0,20.8
S4V2,2026-09-21T02:30:00+00:00,1789959601.00766,1801.0,True,False,long,81287.0,81288.0,0.1
S4V2,2026-09-21T03:00:00+00:00,1789961400.98764,1801.0,True,False,long,81425.0,81415.0,1.0
S4V2,2026-09-21T04:00:00+00:00,1789965000.947147,1800.9,True,False,long,81287.0,81278.5,0.85
S4V2,2026-09-21T04:00:00+00:00,1789965000.947147,1800.9,True,False,short,81287.0,81278.5,0.85
S4V2,2026-09-21T04:30:00+00:00,1789966801.000902,1801.0,True,False,short,81379.0,81377.5,0.15
S4V2,2026-09-21T04:30:00+00:00,1789966801.000902,1801.0,True,False,long,81379.0,81377.5,0.15
S4V2,2026-09-21T06:30:00+00:00,1789974002.049022,1802.0,True,False,long,81655.0,81617.0,3.8
S4V2,2026-09-21T06:30:00+00:00,1789974002.049022,1802.0,True,False,short,81655.0,81617.0,3.8
S4V2,2026-09-21T07:30:00+00:00,1789977601.41039,1801.4,True,False,short,81747.0,81708.5,3.85
S4V2,2026-09-21T08:00:00+00:00,1789979401.571092,1801.6,True,False,long,81793.0,82212.5,41.95
S4V2,2026-09-21T10:00:00+00:00,1789986600.934564,1800.9,True,False,long,84461.0,84345.0,11.6
S4V2,2026-09-21T10:00:00+00:00,1789986600.934564,1800.9,True,False,short,84461.0,84345.0,11.6
S4V2,2026-09-21T11:00:00+00:00,1789990200.670413,1800.7,True,False,short,84461.0,84640.0,17.9
S4V2,2026-09-21T11:00:00+00:00,1789990200.670413,1800.7,True,False,long,84645.0,84640.0,0.5
S4V2,2026-09-21T13:00:00+00:00,1789997228.476084,1628.5,True,False,long,85105.0,85048.5,5.65
S4V2,2026-09-21T13:00:00+00:00,1789997228.476084,1628.5,True,False,short,85105.0,85048.5,5.65
S4V2,2026-09-21T13:30:00+00:00,1789998281.426444,881.4,True,False,short,85013.0,85076.0,6.3
S4V2,2026-09-21T20:30:00+00:00,1790024401.027836,1801.0,True,False,short,87083.0,86977.0,10.6
S4V2,2026-09-21T23:30:00+00:00,1790035201.053855,1801.1,True,False,short,86577.0,86587.5,1.05
S4V2,2026-09-21T23:30:00+00:00,1790035201.053855,1801.1,True,False,long,86623.0,86587.5,3.55
S4V2,2026-09-22T00:00:00+00:00,1790037000.982234,1801.0,True,False,long,86485.0,86373.0,11.2
S4V2,2026-09-22T00:00:00+00:00,1790037000.982234,1801.0,True,False,short,86439.0,86373.0,6.6
S4,2026-09-22T00:00:00+00:00,1790042401.4621,7201.5,True,False,long,86439.0,85597.0,84.2
S4,2026-09-22T00:00:00+00:00,1790042401.4621,7201.5,True,False,short,86439.0,85597.0,84.2
S4V2,2026-09-22T02:00:00+00:00,1790044200.680851,1800.7,True,False,short,85749.0,85716.5,3.25
S4V2,2026-09-22T02:00:00+00:00,1790044200.680851,1800.7,True,False,long,85749.0,85716.5,3.25
S4V2,2026-09-22T03:00:00+00:00,1790047800.778189,1800.8,True,False,long,85611.0,85586.5,2.45
S4V2,2026-09-22T03:30:00+00:00,1790049600.7016,1800.7,True,False,long,85703.0,85665.5,3.75
S4V2,2026-09-22T04:00:00+00:00,1790051404.260031,1804.3,True,False,long,85565.0,85529.5,3.55
S4V2,2026-09-22T05:00:00+00:00,1790055001.180614,1801.2,True,False,short,85427.0,85199.0,22.8
S4V2,2026-09-22T05:30:00+00:00,1790056800.619182,1800.6,True,False,short,85335.0,85381.5,4.65
S4V2,2026-09-22T05:30:00+00:00,1790056800.619182,1800.6,True,False,long,85335.0,85381.5,4.65
S4,2026-09-22T04:00:00+00:00,1790056806.02476,7206.0,True,False,long,85565.0,85386.0,17.9
S4,2026-09-22T04:00:00+00:00,1790056806.02476,7206.0,True,False,short,85427.0,85386.0,4.1
S4V2,2026-09-22T07:00:00+00:00,1790062200.507875,1800.5,True,False,long,85289.0,85296.5,0.75
S4V2,2026-09-22T08:00:00+00:00,1790065800.497554,1800.5,True,False,long,85427.0,85392.0,3.5
S4V2,2026-09-22T09:00:00+00:00,1790069400.810982,1800.8,True,False,long,86025.0,85867.0,15.8
S4V2,2026-09-22T09:00:00+00:00,1790069400.810982,1800.8,True,False,short,86025.0,85867.0,15.8
S4,2026-09-22T08:00:00+00:00,1790070259.405308,6259.4,True,False,short,85473.0,86009.0,53.6
S4,2026-09-22T08:00:00+00:00,1790070259.405308,6259.4,True,False,long,85473.0,86009.0,53.6
S4V2,2026-09-22T09:30:00+00:00,1790070329.862245,929.9,True,False,short,85979.0,86009.0,3.0
S4V2,2026-09-22T09:30:00+00:00,1790071200.797626,1800.8,True,False,long,86071.0,86220.5,14.95
S4V2,2026-09-22T10:00:00+00:00,1790073000.929118,1800.9,True,False,long,86117.0,85832.0,28.5
S4V2,2026-09-22T10:00:00+00:00,1790073000.929118,1800.9,True,False,short,86117.0,85832.0,28.5
S4,2026-09-22T10:00:00+00:00,1790076073.176013,4873.2,True,False,long,86117.0,86018.0,9.9
S4,2026-09-22T10:00:00+00:00,1790076073.176013,4873.2,True,False,short,86117.0,86018.0,9.9
S4V2,2026-09-22T11:00:00+00:00,1790076110.0769,1310.1,True,False,short,85933.0,86049.0,11.6
S4V2,2026-09-22T11:00:00+00:00,1790076110.0769,1310.1,True,False,long,85979.0,86049.0,7.0
S4V2,2026-09-22T12:30:00+00:00,1790081417.222846,1217.2,True,False,long,85933.0,85951.5,1.85
S4V2,2026-09-22T12:30:00+00:00,1790081417.222846,1217.2,True,False,short,85933.0,85951.5,1.85
S4,2026-09-22T12:00:00+00:00,1790082892.370516,4492.4,True,False,short,86071.0,86024.0,4.7
S4V2,2026-09-22T13:30:00+00:00,1790085602.815691,1802.8,True,False,short,85841.0,86318.5,47.75
S4,2026-09-22T12:00:00+00:00,1790085603.600861,7203.6,True,False,long,86117.0,86318.5,20.15
S4V2,2026-09-22T13:30:00+00:00,1790085602.815691,1802.8,True,False,long,85841.0,86318.5,47.75
S4V2,2026-09-22T14:00:00+00:00,1790087400.719387,1800.7,True,False,long,86209.0,85891.5,31.75
S4V2,2026-09-22T14:00:00+00:00,1790087400.719387,1800.7,True,False,short,86209.0,85891.5,31.75
S4V2,2026-09-22T14:30:00+00:00,1790089200.794164,1800.8,True,False,short,86025.0,86218.0,19.3
S4V2,2026-09-22T14:30:00+00:00,1790089200.794164,1800.8,True,False,long,86071.0,86218.0,14.7
S4V2,2026-09-22T16:00:00+00:00,1790094603.344518,1803.3,True,False,long,86209.0,86058.5,15.05
S4V2,2026-09-22T16:00:00+00:00,1790094603.344518,1803.3,True,False,short,86163.0,86058.5,10.45
S4V2,2026-09-22T16:30:00+00:00,1790096400.47513,1800.5,True,False,short,86163.0,86388.5,22.55
S4V2,2026-09-22T16:30:00+00:00,1790096400.47513,1800.5,True,False,long,86209.0,86388.5,17.95
S4V2,2026-09-22T18:00:00+00:00,1790101800.499824,1800.5,True,False,long,86393.0,86235.0,15.8
S4V2,2026-09-22T18:00:00+00:00,1790101800.499824,1800.5,True,False,short,86393.0,86235.0,15.8
S4V2,2026-09-22T18:30:00+00:00,1790103601.173679,1801.2,True,False,short,86347.0,86411.5,6.45
S4V2,2026-09-22T18:30:00+00:00,1790103601.173679,1801.2,True,False,long,86393.0,86411.5,1.85
S4V2,2026-09-22T19:30:00+00:00,1790107200.976803,1801.0,True,False,long,86347.0,86159.0,18.8
S4V2,2026-09-22T19:30:00+00:00,1790107200.976803,1801.0,True,False,short,86347.0,86159.0,18.8
S4,2026-09-22T18:00:00+00:00,1790107203.57456,7203.6,True,False,short,86393.0,86148.0,24.5
S4V2,2026-09-22T20:00:00+00:00,1790109000.515349,1800.5,True,False,short,86255.0,86305.0,5.0
S4V2,2026-09-22T20:00:00+00:00,1790109000.515349,1800.5,True,False,long,86301.0,86305.0,0.4
S4V2,2026-09-22T20:30:00+00:00,1790110801.993417,1802.0,True,False,long,86209.0,86238.0,2.9
S4V2,2026-09-22T20:30:00+00:00,1790110801.993417,1802.0,True,False,short,86209.0,86238.0,2.9
S4V2,2026-09-23T00:00:00+00:00,1790123401.198243,1801.2,True,False,short,86255.0,86426.5,17.15
S4V2,2026-09-23T00:00:00+00:00,1790123401.198243,1801.2,True,False,long,86255.0,86426.5,17.15
S4V2,2026-09-23T01:30:00+00:00,1790128800.557034,1800.6,True,False,long,86439.0,86341.0,9.8
S4V2,2026-09-23T01:30:00+00:00,1790128800.557034,1800.6,True,False,short,86393.0,86341.0,5.2
S4,2026-09-23T00:00:00+00:00,1790128802.462081,7202.5,True,False,short,86255.0,86341.0,8.6
S4,2026-09-23T00:00:00+00:00,1790128802.462081,7202.5,True,False,long,86301.0,86341.0,4.0
S4V2,2026-09-23T02:00:00+00:00,1790130600.989953,1801.0,True,False,short,86439.0,86549.5,11.05
S4V2,2026-09-23T02:00:00+00:00,1790130600.989953,1801.0,True,False,long,86485.0,86549.5,6.45
S4V2,2026-09-23T05:00:00+00:00,1790141402.280184,1802.3,True,False,long,86945.0,86740.5,20.45
S4V2,2026-09-23T05:00:00+00:00,1790141402.280184,1802.3,True,False,short,86945.0,86740.5,20.45
S4,2026-09-23T04:00:00+00:00,1790143201.664561,7201.7,True,False,long,86531.0,86457.5,7.35
S4,2026-09-23T04:00:00+00:00,1790143201.664561,7201.7,True,False,short,86531.0,86457.5,7.35
S4V2,2026-09-23T10:30:00+00:00,1790161200.582169,1800.6,True,False,short,85933.0,85888.0,4.5
S4V2,2026-09-23T10:30:00+00:00,1790161200.582169,1800.6,True,False,long,85933.0,85888.0,4.5
S4V2,2026-09-23T11:00:00+00:00,1790161629.241866,429.2,True,False,long,85795.0,85821.5,2.65
S4V2,2026-09-23T11:00:00+00:00,1790163000.518721,1800.5,True,False,short,85611.0,85477.5,13.35
S4V2,2026-09-23T11:30:00+00:00,1790164801.624804,1801.6,True,False,long,85611.0,85631.5,2.05
S4V2,2026-09-23T13:00:00+00:00,1790170201.038584,1801.0,True,False,long,85565.0,85519.0,4.6
S4,2026-09-23T12:00:00+00:00,1790172003.270023,7203.3,True,False,short,85795.0,85764.0,3.1
S4,2026-09-23T12:00:00+00:00,1790172003.270023,7203.3,True,False,long,85795.0,85764.0,3.1
S4V2,2026-09-23T14:00:00+00:00,1790173802.240169,1802.2,True,False,short,85519.0,84008.5,151.05
S4V2,2026-09-23T14:30:00+00:00,1790175600.990493,1801.0,True,False,long,84139.0,84491.5,35.25
S4V2,2026-09-23T15:30:00+00:00,1790179201.519336,1801.5,True,False,short,84277.0,83970.0,30.7
S4,2026-09-23T14:00:00+00:00,1790179203.750469,7203.8,True,False,short,85519.0,83970.0,154.9
S4V2,2026-09-23T16:00:00+00:00,1790181001.28046,1801.3,True,False,long,84093.0,84201.5,10.85
S4V2,2026-09-23T16:30:00+00:00,1790182801.098573,1801.1,True,False,short,84001.0,84013.0,1.2
S4V2,2026-09-23T17:30:00+00:00,1790186400.984951,1801.0,True,False,long,84139.0,84288.0,14.9
S4,2026-09-23T16:00:00+00:00,1790186402.208621,7202.2,True,False,long,84093.0,84288.0,19.5
S4V2,2026-09-23T18:00:00+00:00,1790188201.258254,1801.3,True,False,short,84139.0,84113.0,2.6
S4V2,2026-09-23T18:30:00+00:00,1790190001.98477,1802.0,True,False,long,84231.0,84290.0,5.9
S4V3,2026-09-23T16:00:00+00:00,1790193602.670513,14402.7,True,False,long,84093.0,84469.5,37.65
S4V2,2026-09-23T20:00:00+00:00,1790195401.177506,1801.2,True,False,short,84323.0,84273.0,5.0
S4V2,2026-09-23T21:00:00+00:00,1790199000.996033,1801.0,True,False,long,84415.0,84392.5,2.25
S4V2,2026-09-23T23:30:00+00:00,1790208001.672443,1801.7,True,False,short,84369.0,84363.5,0.55
S4,2026-09-24T00:00:00+00:00,1790215202.16017,7202.2,True,False,short,84277.0,84079.0,19.8
S4V2,2026-09-24T02:30:00+00:00,1790218801.070639,1801.1,True,False,long,84277.0,84336.5,5.95
S4V2,2026-09-24T04:30:00+00:00,1790226000.967073,1801.0,True,False,long,84047.0,84010.5,3.65
S4V2,2026-09-24T05:30:00+00:00,1790229601.031743,1801.0,True,False,short,83955.0,83946.0,0.9
S4V2,2026-09-24T06:00:00+00:00,1790231402.15176,1802.2,True,False,long,84047.0,84164.5,11.75
S4V2,2026-09-24T07:00:00+00:00,1790235001.567705,1801.6,True,False,long,84185.0,84380.5,19.55
S4,2026-09-24T06:00:00+00:00,1790236801.263186,7201.3,True,False,long,84093.0,84476.5,38.35
S4V3,2026-09-24T04:00:00+00:00,1790236803.308342,14403.3,True,False,long,84047.0,84476.5,42.95
S4V2,2026-09-24T08:00:00+00:00,1790238601.002074,1801.0,True,False,short,84323.0,83742.5,58.05
S4,2026-09-24T08:00:00+00:00,1790244001.664897,7201.7,True,False,short,84369.0,83236.0,113.3
S4V2,2026-09-24T10:30:00+00:00,1790247601.042259,1801.0,True,False,long,83403.0,83482.0,7.9
S4,2026-09-24T10:00:00+00:00,1790251201.94576,7201.9,True,False,long,83357.0,83459.0,10.2
S4V2,2026-09-24T14:30:00+00:00,1790262000.569007,1800.6,True,False,short,84691.0,83643.0,104.8
S4,2026-09-24T14:00:00+00:00,1790263474.918232,5074.9,True,False,short,84047.0,84196.0,14.9
S4V2,2026-09-24T15:00:00+00:00,1790263543.762325,1543.8,True,False,short,83771.0,84196.0,42.5
S4V2,2026-09-24T15:00:00+00:00,1790263543.762325,1543.8,True,False,long,83771.0,84196.0,42.5
S4V3,2026-09-24T12:00:00+00:00,1790265603.258704,14403.3,True,False,long,83541.0,84383.0,84.2
S4V2,2026-09-24T16:30:00+00:00,1790269200.969077,1801.0,True,False,long,84507.0,84452.0,5.5
S4V2,2026-09-24T16:30:00+00:00,1790269200.969077,1801.0,True,False,short,84507.0,84452.0,5.5
S4,2026-09-24T18:00:00+00:00,1790274454.38156,1654.4,True,False,short,84185.0,84351.0,16.6
S4,2026-09-24T18:00:00+00:00,1790274454.38156,1654.4,True,False,long,84277.0,84444.5,16.75
S4V2,2026-09-24T18:00:00+00:00,1790274511.780085,1711.8,True,False,short,84231.0,84444.5,21.35
S4V2,2026-09-24T18:00:00+00:00,1790274511.780085,1711.8,True,False,long,84277.0,84444.5,16.75
S4V2,2026-09-24T19:30:00+00:00,1790280000.679308,1800.7,True,False,long,84461.0,84389.5,7.15
S4V2,2026-09-24T19:30:00+00:00,1790280000.679308,1800.7,True,False,short,84415.0,84389.5,2.55
S4V2,2026-09-24T21:00:00+00:00,1790285401.00018,1801.0,True,False,short,84415.0,84386.0,2.9
S4V2,2026-09-24T21:30:00+00:00,1790287205.175947,1805.2,True,False,short,84277.0,84312.5,3.55
S4,2026-09-24T20:00:00+00:00,1790287207.060514,7207.1,True,False,long,84277.0,84312.5,3.55
S4,2026-09-24T20:00:00+00:00,1790287207.060514,7207.1,True,False,short,84277.0,84312.5,3.55
S4V2,2026-09-24T22:30:00+00:00,1790290800.501335,1800.5,True,False,short,84277.0,84244.0,3.3
S4V2,2026-09-24T23:00:00+00:00,1790292603.444935,1803.4,True,False,long,84323.0,84401.5,7.85
S4,2026-09-24T22:00:00+00:00,1790294404.345851,7204.3,True,False,short,84415.0,84379.0,3.6
S4,2026-09-24T22:00:00+00:00,1790294404.345851,7204.3,True,False,long,84415.0,84379.0,3.6
S4V2,2026-09-25T01:00:00+00:00,1790299801.515813,1801.5,True,False,long,84461.0,84502.0,4.1
S4V2,2026-09-25T01:30:00+00:00,1790301601.10424,1801.1,True,False,long,84599.0,84585.5,1.35
S4V2,2026-09-25T02:30:00+00:00,1790305200.749864,1800.7,True,False,long,84507.0,84200.5,30.65
S4V2,2026-09-25T02:30:00+00:00,1790305200.749864,1800.7,True,False,short,84507.0,84200.5,30.65
S4V2,2026-09-25T08:00:00+00:00,1790325000.709325,1800.7,True,False,short,84139.0,84382.0,24.3
S4V2,2026-09-25T08:00:00+00:00,1790325000.709325,1800.7,True,False,long,84139.0,84382.0,24.3
S4,2026-09-25T08:00:00+00:00,1790329909.091985,6709.1,True,False,short,84139.0,84559.5,42.05
S4,2026-09-25T08:00:00+00:00,1790329909.091985,6709.1,True,False,long,84139.0,84550.5,41.15
S4V2,2026-09-25T09:30:00+00:00,1790329930.765019,1330.8,True,False,long,84599.0,84550.5,4.85
S4V2,2026-09-25T09:30:00+00:00,1790329930.765019,1330.8,True,False,short,84599.0,84550.5,4.85
S4,2026-09-25T10:00:00+00:00,1790331605.086509,1205.1,True,False,long,84415.0,84414.0,0.1
S4,2026-09-25T10:00:00+00:00,1790331605.086509,1205.1,True,False,short,84415.0,84414.0,0.1
S4V2,2026-09-25T10:00:00+00:00,1790332201.16199,1801.2,True,False,short,84645.0,84678.5,3.35
S4V2,2026-09-25T10:30:00+00:00,1790333445.074805,1245.1,True,False,long,84737.0,84706.0,3.1
S4V2,2026-09-25T11:30:00+00:00,1790337600.619624,1800.6,True,False,long,84737.0,84533.0,20.4
S4V2,2026-09-25T11:30:00+00:00,1790337600.619624,1800.6,True,False,short,84737.0,84533.0,20.4
S4V2,2026-09-25T14:30:00+00:00,1790348400.972387,1801.0,True,False,short,83771.0,83974.0,20.3
S4V2,2026-09-25T14:30:00+00:00,1790348400.972387,1801.0,True,False,long,83771.0,83974.0,20.3
S4V2,2026-09-25T15:00:00+00:00,1790350203.0836,1803.1,True,False,long,83863.0,83730.0,13.3
S4V2,2026-09-25T15:00:00+00:00,1790350203.0836,1803.1,True,False,short,83725.0,83730.0,0.5
S4V2,2026-09-25T16:00:00+00:00,1790353801.484001,1801.5,True,False,short,83863.0,83948.0,8.5
S4V2,2026-09-25T16:00:00+00:00,1790353801.484001,1801.5,True,False,long,83863.0,83948.0,8.5
S4,2026-09-25T16:00:00+00:00,1790354811.133657,2811.1,True,False,short,83909.0,83841.5,6.75
S4,2026-09-25T16:00:00+00:00,1790354811.133657,2811.1,True,False,long,83909.0,83841.5,6.75
S4V2,2026-09-25T16:30:00+00:00,1790354845.439045,1045.4,True,False,long,83817.0,83841.5,2.45
S4V2,2026-09-25T16:30:00+00:00,1790355601.064653,1801.1,True,False,short,83771.0,83715.5,5.55
S4V2,2026-09-25T17:00:00+00:00,1790357360.185574,1760.2,True,False,short,83817.0,83788.0,2.9
S4V2,2026-09-25T17:00:00+00:00,1790357360.185574,1760.2,True,False,long,83817.0,83647.0,17.0
S4V2,2026-09-25T20:30:00+00:00,1790370001.763552,1801.8,True,False,long,83863.0,83839.5,2.35
S4V2,2026-09-25T20:30:00+00:00,1790370001.763552,1801.8,True,False,short,83817.0,83839.5,2.25
S4,2026-09-25T20:00:00+00:00,1790373602.275756,7202.3,True,False,long,83863.0,83747.5,11.55
S4,2026-09-25T20:00:00+00:00,1790373602.275756,7202.3,True,False,short,83771.0,83747.5,2.35
S4V2,2026-09-25T22:30:00+00:00,1790377203.97966,1804.0,True,False,short,83909.0,84032.5,12.35
S4V2,2026-09-25T22:30:00+00:00,1790377203.97966,1804.0,True,False,long,83909.0,84032.5,12.35
S4,2026-09-25T22:00:00+00:00,1790380802.710648,7202.7,True,False,short,83863.0,84056.0,19.3
S4,2026-09-25T22:00:00+00:00,1790380802.710648,7202.7,True,False,long,83863.0,84056.0,19.3
S4V2,2026-09-26T00:00:00+00:00,1790382601.118341,1801.1,True,False,long,83909.0,83916.0,0.7
S4V2,2026-09-26T00:00:00+00:00,1790382601.118341,1801.1,True,False,short,83909.0,83916.0,0.7
S4V2,2026-09-26T01:30:00+00:00,1790388001.437922,1801.4,True,False,short,84001.0,84041.0,4.0
S4V2,2026-09-26T01:30:00+00:00,1790388001.437922,1801.4,True,False,long,84001.0,84041.0,4.0
S4V2,2026-09-26T03:30:00+00:00,1790395201.648831,1801.6,True,False,short,83909.0,83908.5,0.05
S4V2,2026-09-26T07:00:00+00:00,1790407800.460696,1800.5,True,False,short,84001.0,83975.0,2.6
S4V2,2026-09-26T07:00:00+00:00,1790407800.460696,1800.5,True,False,long,84001.0,83975.0,2.6
S4,2026-09-26T06:00:00+00:00,1790409601.629019,7201.6,True,False,short,84001.0,84075.0,7.4
S4,2026-09-26T06:00:00+00:00,1790409601.629019,7201.6,True,False,long,84001.0,84075.0,7.4
S4V2,2026-09-26T09:00:00+00:00,1790415000.484911,1800.5,True,False,long,84001.0,83990.0,1.1
S4V2,2026-09-26T09:00:00+00:00,1790415000.484911,1800.5,True,False,short,84001.0,83990.0,1.1
S4,2026-09-26T08:00:00+00:00,1790416801.298256,7201.3,True,False,long,83955.0,83969.5,1.45
S4,2026-09-26T08:00:00+00:00,1790416801.298256,7201.3,True,False,short,83955.0,83969.5,1.45
S4V2,2026-09-26T10:00:00+00:00,1790418602.103512,1802.1,True,False,long,84093.0,84104.5,1.15
S4,2026-09-26T10:00:00+00:00,1790422705.687215,5905.7,True,False,short,84139.0,84145.0,0.6
S4,2026-09-26T10:00:00+00:00,1790422705.687215,5905.7,True,False,long,84139.0,84145.0,0.6
S4V2,2026-09-26T12:30:00+00:00,1790427602.234708,1802.2,True,False,short,84001.0,84020.5,1.95
S4,2026-09-26T12:00:00+00:00,1790431202.042232,7202.0,True,False,long,83955.0,83907.0,4.8
S4,2026-09-26T12:00:00+00:00,1790431202.042232,7202.0,True,False,short,83955.0,83907.0,4.8
S4V2,2026-09-26T15:30:00+00:00,1790438402.699563,1802.7,True,False,long,84093.0,84112.5,1.95
S4,2026-09-26T14:00:00+00:00,1790438404.448503,7204.4,True,False,short,84001.0,84112.5,11.15
S4,2026-09-26T14:00:00+00:00,1790438404.448503,7204.4,True,False,long,84001.0,84112.5,11.15
S4,2026-09-26T18:00:00+00:00,1790448374.650593,2774.7,True,False,long,84001.0,83975.5,2.55
S4,2026-09-26T18:00:00+00:00,1790448374.650593,2774.7,True,False,short,84001.0,83975.5,2.55
S4V2,2026-09-26T18:30:00+00:00,1790448415.456205,1015.5,True,False,short,83955.0,83967.5,1.25
S4V2,2026-09-26T21:00:00+00:00,1790458201.074281,1801.1,True,False,long,84093.0,84172.5,7.95
S4,2026-09-26T20:00:00+00:00,1790460004.781587,7204.8,True,False,short,84093.0,84119.0,2.6
S4,2026-09-26T20:00:00+00:00,1790460004.781587,7204.8,True,False,long,84093.0,84119.0,2.6
S4V2,2026-09-27T00:00:00+00:00,1790469002.235919,1802.2,True,False,short,84231.0,84227.0,0.4
S4V2,2026-09-27T01:00:00+00:00,1790472607.472479,1807.5,True,False,short,84323.0,84296.0,2.7
S4V2,2026-09-27T01:00:00+00:00,1790472607.472479,1807.5,True,False,long,84323.0,84296.0,2.7
S4V2,2026-09-27T03:00:00+00:00,1790479800.928528,1800.9,True,False,long,84323.0,84351.5,2.85
S4V2,2026-09-27T03:00:00+00:00,1790479800.928528,1800.9,True,False,short,84323.0,84351.5,2.85
S4V2,2026-09-27T05:30:00+00:00,1790488801.102898,1801.1,True,False,short,84461.0,84459.0,0.2
S4V2,2026-09-27T05:30:00+00:00,1790488801.102898,1801.1,True,False,long,84461.0,84459.0,0.2
S4V2,2026-09-27T12:30:00+00:00,1790514001.122139,1801.1,True,False,long,84737.0,84754.5,1.75
S4V2,2026-09-27T12:30:00+00:00,1790514001.122139,1801.1,True,False,short,84737.0,84754.5,1.75
S4V2,2026-09-27T13:00:00+00:00,1790515800.617083,1800.6,True,False,short,84875.0,84895.0,2.0
S4V2,2026-09-27T13:00:00+00:00,1790515800.617083,1800.6,True,False,long,84921.0,84895.0,2.6
S4V2,2026-09-27T14:00:00+00:00,1790519401.106684,1801.1,True,False,long,84829.0,84663.0,16.6
S4V2,2026-09-27T14:00:00+00:00,1790519401.106684,1801.1,True,False,short,84829.0,84663.0,16.6
S4,2026-09-27T14:00:00+00:00,1790524802.500601,7202.5,True,False,long,84829.0,84427.0,40.2
S4,2026-09-27T14:00:00+00:00,1790524802.500601,7202.5,True,False,short,84829.0,84427.0,40.2
S4V2,2026-09-27T17:30:00+00:00,1790532000.913189,1800.9,True,False,short,84553.0,84534.5,1.85
S4,2026-09-27T16:00:00+00:00,1790532001.873203,7201.9,True,False,short,84553.0,84534.5,1.85
S4,2026-09-27T16:00:00+00:00,1790532001.873203,7201.9,True,False,long,84553.0,84534.5,1.85
S4V2,2026-09-27T18:00:00+00:00,1790533801.127628,1801.1,True,False,long,84599.0,84701.5,10.25
S4V3,2026-09-27T16:00:00+00:00,1790539203.483955,14403.5,True,False,long,84553.0,84696.5,14.35
S4V2,2026-09-27T20:00:00+00:00,1790541003.591553,1803.6,True,False,long,84599.0,84577.5,2.15
S4V2,2026-09-27T20:00:00+00:00,1790541003.591553,1803.6,True,False,short,84553.0,84577.5,2.45
S4,2026-09-27T22:00:00+00:00,1790549682.534601,3282.5,True,False,long,84553.0,84200.5,35.25
S4,2026-09-27T22:00:00+00:00,1790549682.534601,3282.5,True,False,short,84507.0,84180.5,32.65
S4V2,2026-09-27T23:00:00+00:00,1790551801.459509,1801.5,True,False,short,84323.0,84358.0,3.5
S4V2,2026-09-27T23:00:00+00:00,1790551801.459509,1801.5,True,False,long,84323.0,84358.0,3.5
S4V3,2026-09-27T20:00:00+00:00,1790553602.932092,14402.9,True,False,long,84599.0,84420.5,17.85
S4V2,2026-09-28T00:30:00+00:00,1790557200.932344,1800.9,True,False,long,84599.0,84092.5,50.65
S4V2,2026-09-28T00:30:00+00:00,1790557200.932344,1800.9,True,False,short,84553.0,84092.5,46.05
S4V2,2026-09-28T04:00:00+00:00,1790569801.589742,1801.6,True,False,short,83449.0,83443.0,0.6
S4V2,2026-09-28T04:00:00+00:00,1790569801.589742,1801.6,True,False,long,83449.0,83443.0,0.6
S4V2,2026-09-28T05:00:00+00:00,1790573400.919895,1800.9,True,False,long,83311.0,83038.5,27.25
S4V2,2026-09-28T05:00:00+00:00,1790573400.919895,1800.9,True,False,short,83127.0,83038.5,8.85
S4V2,2026-09-28T05:30:00+00:00,1790575201.055731,1801.1,True,False,short,83127.0,83140.5,1.35
S4V2,2026-09-28T05:30:00+00:00,1790575201.055731,1801.1,True,False,long,83127.0,83140.5,1.35
S4V2,2026-09-28T06:00:00+00:00,1790577000.931141,1800.9,True,False,long,83035.0,83020.0,1.5
S4V2,2026-09-28T06:30:00+00:00,1790578801.991889,1802.0,True,False,long,83127.0,83124.5,0.25
S4V2,2026-09-28T07:00:00+00:00,1790580600.605545,1800.6,True,False,long,82989.0,82911.0,7.8
S4V2,2026-09-28T07:00:00+00:00,1790580600.605545,1800.6,True,False,short,82897.0,82911.0,1.4
S4V2,2026-09-28T10:00:00+00:00,1790591400.968482,1801.0,True,False,short,82805.0,82784.0,2.1
S4V2,2026-09-28T10:00:00+00:00,1790591400.968482,1801.0,True,False,long,82805.0,82784.0,2.1
S4,2026-09-28T10:00:00+00:00,1790596801.814688,7201.8,True,False,short,82805.0,83054.5,24.95
S4,2026-09-28T10:00:00+00:00,1790596801.814688,7201.8,True,False,long,82805.0,83054.5,24.95
S4V3,2026-09-28T08:00:00+00:00,1790596802.971817,14403.0,True,False,long,83035.0,83054.5,1.95
S4V2,2026-09-28T14:00:00+00:00,1790605803.620608,1803.6,True,False,long,83449.0,83195.0,25.4
S4V2,2026-09-28T14:00:00+00:00,1790605803.620608,1803.6,True,False,short,83449.0,83195.0,25.4
S4V2,2026-09-28T15:30:00+00:00,1790611201.081232,1801.1,True,False,short,83173.0,83350.0,17.7
S4V2,2026-09-28T15:30:00+00:00,1790611201.081232,1801.1,True,False,long,83219.0,83350.0,13.1
S4V2,2026-09-28T16:30:00+00:00,1790614800.75282,1800.8,True,False,long,83817.0,83671.5,14.55
S4V2,2026-09-28T16:30:00+00:00,1790614800.75282,1800.8,True,False,short,83817.0,83671.5,14.55
S4V2,2026-09-28T17:00:00+00:00,1790616600.893108,1800.9,True,False,short,83817.0,83873.0,5.6
S4,2026-09-28T16:00:00+00:00,1790618402.83083,7202.8,True,False,short,83449.0,83833.0,38.4
S4,2026-09-28T16:00:00+00:00,1790618402.83083,7202.8,True,False,long,83541.0,83833.0,29.2
S4V2,2026-09-28T18:30:00+00:00,1790622002.053463,1802.1,True,False,long,83955.0,84000.0,4.5
S4V2,2026-09-28T19:00:00+00:00,1790623802.136482,1802.1,True,False,long,83817.0,83602.0,21.5
S4V2,2026-09-28T19:00:00+00:00,1790623802.136482,1802.1,True,False,short,83817.0,83602.0,21.5
S4,2026-09-28T18:00:00+00:00,1790625602.72483,7202.7,True,False,long,83725.0,83348.5,37.65
S4,2026-09-28T18:00:00+00:00,1790625602.72483,7202.7,True,False,short,83725.0,83348.5,37.65
S4V2,2026-09-28T20:00:00+00:00,1790627401.260465,1801.3,True,False,short,83495.0,83460.0,3.5
S4V2,2026-09-28T21:30:00+00:00,1790632802.080753,1802.1,True,False,short,83357.0,83176.5,18.05
S4V2,2026-09-28T22:30:00+00:00,1790636402.052983,1802.1,True,False,short,83311.0,83514.5,20.35
S4V2,2026-09-28T22:30:00+00:00,1790636402.052983,1802.1,True,False,long,83311.0,83514.5,20.35
S4,2026-09-28T22:00:00+00:00,1790640001.543414,7201.5,True,False,short,83357.0,83461.0,10.4
S4,2026-09-28T22:00:00+00:00,1790640001.543414,7201.5,True,False,long,83357.0,83461.0,10.4
S4,2026-09-29T00:00:00+00:00,1790643246.348367,3246.3,True,False,long,83357.0,83259.0,9.8
S4,2026-09-29T00:00:00+00:00,1790643246.348367,3246.3,True,False,short,83311.0,83259.0,5.2
S4V2,2026-09-29T00:30:00+00:00,1790643279.051419,1479.1,True,False,long,83403.0,83259.0,14.4
S4V2,2026-09-29T00:30:00+00:00,1790643279.051419,1479.1,True,False,short,83311.0,83222.5,8.85
S4V2,2026-09-29T01:30:00+00:00,1790647203.699165,1803.7,True,False,short,82943.0,83021.5,7.85
S4V2,2026-09-29T01:30:00+00:00,1790647203.699165,1803.7,True,False,long,82943.0,83021.5,7.85
S4V2,2026-09-29T02:00:00+00:00,1790649001.644173,1801.6,True,False,long,82897.0,82939.0,4.2
S4V2,2026-09-29T03:00:00+00:00,1790652600.424967,1800.4,True,False,long,83035.0,83178.5,14.35
S4V2,2026-09-29T03:30:00+00:00,1790654401.098768,1801.1,True,False,long,83081.0,83034.0,4.7
S4V2,2026-09-29T03:30:00+00:00,1790654401.098768,1801.1,True,False,short,83035.0,83034.0,0.1
S4V2,2026-09-29T04:00:00+00:00,1790656200.625809,1800.6,True,False,short,83127.0,83182.5,5.55
S4V2,2026-09-29T04:00:00+00:00,1790656200.625809,1800.6,True,False,long,83127.0,83182.5,5.55
S4,2026-09-29T04:00:00+00:00,1790661601.247583,7201.2,True,False,short,83127.0,83399.0,27.2
S4,2026-09-29T04:00:00+00:00,1790661601.247583,7201.2,True,False,long,83127.0,83399.0,27.2
S4V2,2026-09-29T08:30:00+00:00,1790672400.968724,1801.0,True,False,long,83955.0,83843.0,11.2
S4V2,2026-09-29T08:30:00+00:00,1790672400.968724,1801.0,True,False,short,83955.0,83843.0,11.2
S4V2,2026-09-29T09:30:00+00:00,1790676000.944355,1800.9,True,False,short,83955.0,84214.5,25.95
S4V2,2026-09-29T09:30:00+00:00,1790676000.944355,1800.9,True,False,long,84093.0,84214.5,12.15
S4V2,2026-09-29T10:00:00+00:00,1790677801.057879,1801.1,True,False,long,84093.0,84118.5,2.55
S4V2,2026-09-29T10:00:00+00:00,1790677801.057879,1801.1,True,False,short,84093.0,84118.5,2.55
S4V2,2026-09-29T11:30:00+00:00,1790683202.107495,1802.1,True,False,short,84139.0,84310.5,17.15
S4V2,2026-09-29T11:30:00+00:00,1790683202.107495,1802.1,True,False,long,84231.0,84310.5,7.95
S4V2,2026-09-29T12:00:00+00:00,1790685000.896208,1800.9,True,False,long,84185.0,84170.0,1.5
S4V2,2026-09-29T12:00:00+00:00,1790685000.896208,1800.9,True,False,short,84185.0,84170.0,1.5
S4V2,2026-09-29T12:30:00+00:00,1790686801.061982,1801.1,True,False,short,84277.0,84283.0,0.6
S4V2,2026-09-29T12:30:00+00:00,1790686801.061982,1801.1,True,False,long,84323.0,84283.0,4.0
S4V2,2026-09-29T13:30:00+00:00,1790690400.901576,1800.9,True,False,long,84185.0,84158.0,2.7
S4V2,2026-09-29T13:30:00+00:00,1790690400.901576,1800.9,True,False,short,84185.0,84158.0,2.7
S4,2026-09-29T12:00:00+00:00,1790690402.01237,7202.0,True,False,long,84139.0,84158.0,1.9
S4,2026-09-29T12:00:00+00:00,1790690402.01237,7202.0,True,False,short,84139.0,84158.0,1.9
S4V3,2026-09-29T12:00:00+00:00,1790697605.501323,14405.5,True,False,short,84185.0,83039.5,114.55
S4V2,2026-09-29T16:00:00+00:00,1790699400.977433,1801.0,True,False,short,83127.0,83220.0,9.3
S4V2,2026-09-29T16:00:00+00:00,1790699400.977433,1801.0,True,False,long,83127.0,83220.0,9.3
S4V2,2026-09-29T16:30:00+00:00,1790701200.970542,1801.0,True,False,long,83127.0,83023.5,10.35
S4V2,2026-09-29T16:30:00+00:00,1790701200.970542,1801.0,True,False,short,82989.0,83023.5,3.45
S4V2,2026-09-29T17:00:00+00:00,1790703001.021911,1801.0,True,False,short,83127.0,83145.0,1.8
S4V2,2026-09-29T17:00:00+00:00,1790703001.021911,1801.0,True,False,long,83127.0,83145.0,1.8
S4V2,2026-09-29T17:30:00+00:00,1790704801.495581,1801.5,True,False,long,83035.0,83043.0,0.8
S4V2,2026-09-29T18:00:00+00:00,1790706600.977346,1801.0,True,False,long,83173.0,83394.0,22.1
S4,2026-09-29T18:00:00+00:00,1790712002.070606,7202.1,True,False,short,83219.0,83558.0,33.9
S4,2026-09-29T18:00:00+00:00,1790712002.070606,7202.1,True,False,long,83219.0,83558.0,33.9
S4V2,2026-09-29T21:00:00+00:00,1790717401.125181,1801.1,True,False,long,83449.0,83380.0,6.9
S4V2,2026-09-29T21:00:00+00:00,1790717401.125181,1801.1,True,False,short,83403.0,83380.0,2.3
S4V2,2026-09-29T21:30:00+00:00,1790719202.573715,1802.6,True,False,short,83495.0,83470.0,2.5
S4,2026-09-29T20:00:00+00:00,1790719204.327539,7204.3,True,False,long,83449.0,83470.0,2.1
S4,2026-09-29T20:00:00+00:00,1790719204.327539,7204.3,True,False,short,83449.0,83470.0,2.1
S4V2,2026-09-29T22:00:00+00:00,1790721001.630924,1801.6,True,False,long,83541.0,83555.5,1.45
S4,2026-09-29T22:00:00+00:00,1790726403.379765,7203.4,True,False,short,83587.0,83624.5,3.75
S4,2026-09-29T22:00:00+00:00,1790726403.379765,7203.4,True,False,long,83587.0,83624.5,3.75
S4V2,2026-09-30T00:00:00+00:00,1790728203.649237,1803.6,True,False,long,83541.0,83534.5,0.65
S4V2,2026-09-30T00:00:00+00:00,1790728203.649237,1803.6,True,False,short,83541.0,83534.5,0.65
S4V2,2026-09-30T05:00:00+00:00,1790746203.146089,1803.1,True,False,short,83311.0,83349.5,3.85
S4V2,2026-09-30T05:00:00+00:00,1790746203.146089,1803.1,True,False,long,83357.0,83349.5,0.75
S4V2,2026-09-30T07:00:00+00:00,1790753401.103282,1801.1,True,False,short,83173.0,83265.5,9.25
S4V2,2026-09-30T07:00:00+00:00,1790753401.103282,1801.1,True,False,long,83173.0,83265.5,9.25
S4V2,2026-09-30T08:00:00+00:00,1790757001.369669,1801.4,True,False,long,83173.0,83098.0,7.5
S4V2,2026-09-30T08:00:00+00:00,1790757001.369669,1801.4,True,False,short,83127.0,83098.0,2.9
S4V2,2026-09-30T09:00:00+00:00,1790760600.925177,1800.9,True,False,short,83173.0,83391.0,21.8
S4V2,2026-09-30T09:00:00+00:00,1790760600.925177,1800.9,True,False,long,83173.0,83391.0,21.8
S4,2026-09-30T08:00:00+00:00,1790762402.204932,7202.2,True,False,short,83403.0,83596.0,19.3
S4,2026-09-30T08:00:00+00:00,1790762402.204932,7202.2,True,False,long,83403.0,83596.0,19.3
S4V3,2026-09-30T08:00:00+00:00,1790769612.087125,14412.1,True,False,short,83403.0,83883.0,48.0
S4V2,2026-09-30T13:30:00+00:00,1790776806.400083,1806.4,True,False,long,85105.0,84610.5,49.45
S4V2,2026-09-30T13:30:00+00:00,1790776806.400083,1806.4,True,False,short,85105.0,84610.5,49.45
S4V2,2026-09-30T15:00:00+00:00,1790782201.547122,1801.5,True,False,short,83863.0,83864.0,0.1
S4V2,2026-09-30T15:00:00+00:00,1790782201.547122,1801.5,True,False,long,83863.0,83864.0,0.1
S4,2026-09-30T14:00:00+00:00,1790784002.071512,7202.1,True,False,long,84461.0,84104.5,35.65
S4,2026-09-30T14:00:00+00:00,1790784002.071512,7202.1,True,False,short,84461.0,84104.5,35.65
S4V2,2026-09-30T17:30:00+00:00,1790791201.357635,1801.4,True,False,long,84139.0,84000.0,13.9
S4V2,2026-09-30T17:30:00+00:00,1790791201.357635,1801.4,True,False,short,84047.0,84000.0,4.7
S4V3,2026-09-30T16:00:00+00:00,1790798445.068661,14445.1,True,False,short,84001.0,83561.0,44.0
S4V2,2026-09-30T20:00:00+00:00,1790800201.33688,1801.3,True,False,short,83725.0,83700.0,2.5
S4V2,2026-09-30T20:00:00+00:00,1790800201.33688,1801.3,True,False,long,83725.0,83700.0,2.5
S4,2026-09-30T20:00:00+00:00,1790805604.576439,7204.6,True,False,short,83725.0,83714.5,1.05
S4,2026-09-30T20:00:00+00:00,1790805604.576439,7204.6,True,False,long,83725.0,83714.5,1.05
S4V2,2026-09-30T22:30:00+00:00,1790809202.908533,1802.9,True,False,long,83633.0,83647.5,1.45
S4,2026-09-30T22:00:00+00:00,1790812803.634741,7203.6,True,False,long,83587.0,83577.0,1.0
S4V2,2026-10-01T00:00:00+00:00,1790814602.384036,1802.4,True,False,short,83541.0,83444.0,9.7
S4V2,2026-10-01T01:00:00+00:00,1790818203.241821,1803.2,True,False,long,83587.0,83589.0,0.2
S4V2,2026-10-01T03:30:00+00:00,1790827203.251563,1803.3,True,False,long,83587.0,83724.5,13.75
S4,2026-10-01T02:00:00+00:00,1790827213.051232,7213.1,True,False,long,83633.0,83724.5,9.15
S4V2,2026-10-01T06:30:00+00:00,1790838001.053111,1801.1,True,False,long,84139.0,84082.0,5.7
S4V2,2026-10-01T06:30:00+00:00,1790838001.053111,1801.1,True,False,short,84139.0,84082.0,5.7
S4,2026-10-01T06:00:00+00:00,1790841606.717395,7206.7,True,False,long,84093.0,83381.5,71.15
S4,2026-10-01T06:00:00+00:00,1790841606.717395,7206.7,True,False,short,84093.0,83381.5,71.15
S4V3,2026-10-01T04:00:00+00:00,1790841620.957993,14421.0,True,False,short,83541.0,83381.5,15.95
S4V2,2026-10-01T08:30:00+00:00,1790845201.680072,1801.7,True,False,short,83495.0,83525.5,3.05
S4V2,2026-10-01T08:30:00+00:00,1790845201.680072,1801.7,True,False,long,83495.0,83525.5,3.05
S4,2026-10-01T08:00:00+00:00,1790848801.746707,7201.7,True,False,short,83495.0,83745.5,25.05
S4,2026-10-01T08:00:00+00:00,1790848801.746707,7201.7,True,False,long,83495.0,83745.5,25.05
S4V3,2026-10-01T08:00:00+00:00,1790856004.054493,14404.1,True,False,short,83449.0,83878.5,42.95
S4V2,2026-10-01T12:30:00+00:00,1790859602.050243,1802.1,True,False,long,83771.0,83707.0,6.4
S4V2,2026-10-01T12:30:00+00:00,1790859602.050243,1802.1,True,False,short,83725.0,83707.0,1.8
S4V2,2026-10-01T13:30:00+00:00,1790863200.65747,1800.7,True,False,short,83587.0,83921.5,33.45
S4V2,2026-10-01T13:30:00+00:00,1790863200.65747,1800.7,True,False,long,83633.0,83921.5,28.85
S4V2,2026-10-01T18:00:00+00:00,1790879400.994144,1801.0,True,False,long,84737.0,84762.0,2.5
S4V2,2026-10-01T18:00:00+00:00,1790879400.994144,1801.0,True,False,short,84737.0,84762.0,2.5
S4,2026-10-01T18:00:00+00:00,1790884825.642557,7225.6,True,False,long,84691.0,84634.0,5.7
S4,2026-10-01T18:00:00+00:00,1790884825.642557,7225.6,True,False,short,84691.0,84634.0,5.7
S4,2026-10-01T22:00:00+00:00,1790899212.836934,7212.8,True,False,short,84691.0,84830.0,13.9
S4,2026-10-01T22:00:00+00:00,1790899212.836934,7212.8,True,False,long,84783.0,84830.0,4.7
S4V2,2026-10-02T01:00:00+00:00,1790904605.216047,1805.2,True,False,long,84691.0,84582.5,10.85
S4V2,2026-10-02T01:00:00+00:00,1790904605.216047,1805.2,True,False,short,84691.0,84582.5,10.85
S4V2,2026-10-02T01:30:00+00:00,1790906404.700871,1804.7,True,False,short,84691.0,84869.5,17.85
S4V2,2026-10-02T01:30:00+00:00,1790906404.700871,1804.7,True,False,long,84737.0,84869.5,13.25
S4V2,2026-10-02T08:30:00+00:00,1790931604.476843,1804.5,True,False,long,86209.0,86205.5,0.35
S4V2,2026-10-02T08:30:00+00:00,1790931604.476843,1804.5,True,False,short,86163.0,86205.5,4.25
S4V2,2026-10-02T09:30:00+00:00,1790935201.899074,1801.9,True,False,short,86301.0,86324.5,2.35
S4V2,2026-10-02T09:30:00+00:00,1790935201.899074,1801.9,True,False,long,86301.0,86324.5,2.35
S4V2,2026-10-02T10:30:00+00:00,1790938800.970116,1801.0,True,False,long,86209.0,86250.0,4.1
S4V2,2026-10-02T10:30:00+00:00,1790938800.970116,1801.0,True,False,short,86209.0,86250.0,4.1
S4V2,2026-10-02T11:00:00+00:00,1790940601.823749,1801.8,True,False,short,86347.0,86387.5,4.05
S4V2,2026-10-02T11:00:00+00:00,1790940601.823749,1801.8,True,False,long,86347.0,86387.5,4.05
S4V2,2026-10-02T13:00:00+00:00,1790947800.929168,1800.9,True,False,long,86623.0,86574.0,4.9
S4V2,2026-10-02T13:00:00+00:00,1790947800.929168,1800.9,True,False,short,86623.0,86574.0,4.9
S4,2026-10-02T14:00:00+00:00,1790956811.257112,7211.3,True,False,long,86347.0,85297.5,104.95
S4,2026-10-02T14:00:00+00:00,1790956811.257112,7211.3,True,False,short,86347.0,85297.5,104.95
S4V3,2026-10-02T12:00:00+00:00,1790956844.512302,14444.5,True,False,short,86255.0,85297.5,95.75
S4V2,2026-10-02T17:30:00+00:00,1790964002.211525,1802.2,True,False,short,84737.0,84745.5,0.85
S4V2,2026-10-02T17:30:00+00:00,1790964002.211525,1802.2,True,False,long,84737.0,84745.5,0.85
S4V2,2026-10-02T18:00:00+00:00,1790965801.316558,1801.3,True,False,long,84645.0,84591.5,5.35
S4V2,2026-10-02T18:30:00+00:00,1790967601.496567,1801.5,True,False,short,84415.0,84222.5,19.25
S4V2,2026-10-02T19:30:00+00:00,1790971201.476595,1801.5,True,False,short,84277.0,84267.0,1.0
S4V2,2026-10-02T19:30:00+00:00,1790971201.476595,1801.5,True,False,long,84277.0,84267.0,1.0
S4,2026-10-02T20:00:00+00:00,1790978407.093466,7207.1,True,False,short,84415.0,84492.0,7.7
S4,2026-10-02T20:00:00+00:00,1790978407.093466,7207.1,True,False,long,84415.0,84492.0,7.7
S4V3,2026-10-02T20:00:00+00:00,1790985617.454092,14417.5,True,False,short,84369.0,84483.0,11.4
S4V2,2026-10-03T04:00:00+00:00,1791001800.831781,1800.8,True,False,long,84507.0,84484.5,2.25
S4V2,2026-10-03T05:00:00+00:00,1791005406.897824,1806.9,True,False,long,84599.0,84584.5,1.45
S4,2026-10-03T06:00:00+00:00,1791014402.156084,7202.2,True,False,long,84507.0,84505.0,0.2
S4,2026-10-03T06:00:00+00:00,1791014402.156084,7202.2,True,False,short,84461.0,84505.0,4.4
S4V3,2026-10-03T04:00:00+00:00,1791014409.850613,14409.9,True,False,short,84507.0,84505.0,0.2
S4,2026-10-03T10:00:00+00:00,1791028801.665958,7201.7,True,False,short,84599.0,84634.5,3.55
S4,2026-10-03T10:00:00+00:00,1791028801.665958,7201.7,True,False,long,84599.0,84634.5,3.55
S4V3,2026-10-03T08:00:00+00:00,1791028805.84143,14405.8,True,False,short,84599.0,84634.5,3.55
S4V2,2026-10-03T19:00:00+00:00,1791055801.03202,1801.0,True,False,long,84829.0,84778.5,5.05
S4V2,2026-10-03T19:00:00+00:00,1791055801.03202,1801.0,True,False,short,84829.0,84778.5,5.05
S4,2026-10-03T18:00:00+00:00,1791057601.693837,7201.7,True,False,long,84829.0,84795.0,3.4
S4,2026-10-03T18:00:00+00:00,1791057601.693837,7201.7,True,False,short,84829.0,84795.0,3.4
S4V2,2026-10-03T20:00:00+00:00,1791059401.005274,1801.0,True,False,short,84875.0,84848.0,2.7
S4V2,2026-10-03T20:30:00+00:00,1791061201.520362,1801.5,True,False,short,84737.0,84699.5,3.75
S4V3,2026-10-03T20:00:00+00:00,1791072013.71259,14413.7,True,False,short,84737.0,84711.0,2.6
S4V2,2026-10-04T02:00:00+00:00,1791081001.698174,1801.7,True,False,short,84829.0,84797.5,3.15
S4,2026-10-04T02:00:00+00:00,1791086402.495487,7202.5,True,False,short,84829.0,84800.0,2.9
S4V3,2026-10-04T00:00:00+00:00,1791086408.839857,14408.8,True,False,short,84829.0,84800.0,2.9
S4V2,2026-10-04T06:00:00+00:00,1791095400.956019,1801.0,True,False,long,84875.0,84908.0,3.3
S4,2026-10-04T06:00:00+00:00,1791100800.810763,7200.8,True,False,long,84875.0,85070.0,19.5
S4V2,2026-10-04T10:30:00+00:00,1791111601.645836,1801.6,True,False,long,85197.0,85221.0,2.4
S4V2,2026-10-04T10:30:00+00:00,1791111601.645836,1801.6,True,False,short,85197.0,85221.0,2.4
S4V2,2026-10-04T14:30:00+00:00,1791126000.499048,1800.5,True,False,short,85243.0,85247.0,0.4
S4V2,2026-10-04T17:00:00+00:00,1791135000.727234,1800.7,True,False,long,85335.0,85340.5,0.55
S4V2,2026-10-04T23:30:00+00:00,1791158406.418968,1806.4,True,False,long,86485.0,86482.5,0.25
S4V2,2026-10-04T23:30:00+00:00,1791158406.418968,1806.4,True,False,short,86485.0,86482.5,0.25
S4V2,2026-10-05T00:30:00+00:00,1791162000.827413,1800.8,True,False,short,86393.0,86604.0,21.1
S4V2,2026-10-05T00:30:00+00:00,1791162000.827413,1800.8,True,False,long,86531.0,86604.0,7.3
S4V2,2026-10-05T01:30:00+00:00,1791165603.838063,1803.8,True,False,long,86761.0,86580.5,18.05
S4V2,2026-10-05T01:30:00+00:00,1791165603.838063,1803.8,True,False,short,86761.0,86580.5,18.05
S4,2026-10-05T02:00:00+00:00,1791172816.508969,7216.5,True,False,short,86439.0,86050.0,38.9
S4V3,2026-10-05T00:00:00+00:00,1791172840.602946,14440.6,True,False,short,86347.0,86050.0,29.7
S4V2,2026-10-05T05:30:00+00:00,1791180002.437689,1802.4,True,False,short,85657.0,85734.0,7.7
S4V2,2026-10-05T05:30:00+00:00,1791180002.437689,1802.4,True,False,long,85657.0,85734.0,7.7
S4,2026-10-05T06:00:00+00:00,1791187200.898418,7200.9,True,False,short,85887.0,86222.0,33.5
S4,2026-10-05T06:00:00+00:00,1791187200.898418,7200.9,True,False,long,85887.0,86222.0,33.5
S4V3,2026-10-05T04:00:00+00:00,1791187205.655046,14405.7,True,False,short,86163.0,86222.0,5.9
S4V2,2026-10-05T08:30:00+00:00,1791190802.011314,1802.0,True,False,long,86255.0,86188.5,6.65
S4V2,2026-10-05T08:30:00+00:00,1791190802.011314,1802.0,True,False,short,86255.0,86188.5,6.65
S4,2026-10-05T08:00:00+00:00,1791194403.366763,7203.4,True,False,long,86117.0,85935.5,18.15
S4,2026-10-05T08:00:00+00:00,1791194403.366763,7203.4,True,False,short,86117.0,85935.5,18.15
S4V2,2026-10-05T09:30:00+00:00,1791194406.297304,1806.3,True,False,short,85979.0,85935.5,4.35
S4V2,2026-10-05T10:30:00+00:00,1791198001.079601,1801.1,True,False,long,86025.0,86070.0,4.5
S4,2026-10-05T10:00:00+00:00,1791201609.4675,7209.5,True,False,short,86071.0,86165.5,9.45
S4,2026-10-05T10:00:00+00:00,1791201609.4675,7209.5,True,False,long,86117.0,86165.5,4.85
S4V2,2026-10-05T12:00:00+00:00,1791203402.32565,1802.3,True,False,long,86025.0,86004.5,2.05
S4V2,2026-10-05T12:00:00+00:00,1791203402.32565,1802.3,True,False,short,85979.0,86004.5,2.55
S4V2,2026-10-05T13:00:00+00:00,1791207001.736545,1801.7,True,False,short,86025.0,86067.0,4.2
S4V2,2026-10-05T13:00:00+00:00,1791207001.736545,1801.7,True,False,long,86025.0,86067.0,4.2
S4V2,2026-10-05T14:00:00+00:00,1791210601.47711,1801.5,True,False,long,86209.0,86233.5,2.45
S4V2,2026-10-05T14:30:00+00:00,1791212401.182681,1801.2,True,False,short,86163.0,85598.0,56.5
S4,2026-10-05T14:00:00+00:00,1791216003.384153,7203.4,True,False,long,86209.0,85220.0,98.9
S4,2026-10-05T14:00:00+00:00,1791216003.384153,7203.4,True,False,short,86209.0,85220.0,98.9
S4V3,2026-10-05T12:00:00+00:00,1791216027.959523,14428.0,True,False,short,86117.0,85220.0,89.7
S4V2,2026-10-05T16:30:00+00:00,1791219601.848091,1801.8,True,False,short,85243.0,85260.5,1.75
S4V2,2026-10-05T16:30:00+00:00,1791219601.848091,1801.8,True,False,long,85243.0,85260.5,1.75
S4,2026-10-05T16:00:00+00:00,1791223201.234883,7201.2,True,False,short,85335.0,85383.0,4.8
S4,2026-10-05T16:00:00+00:00,1791223201.234883,7201.2,True,False,long,85335.0,85383.0,4.8
S4V3,2026-10-05T16:00:00+00:00,1791230444.517872,14444.5,True,False,short,85289.0,85691.0,40.2
S4,2026-10-05T22:00:00+00:00,1791244804.404708,7204.4,True,False,long,85749.0,85717.0,3.2
S4,2026-10-05T22:00:00+00:00,1791244804.404708,7204.4,True,False,short,85749.0,85717.0,3.2
S4V2,2026-10-05T23:30:00+00:00,1791244808.693411,1808.7,True,False,long,85795.0,85717.0,7.8
S4V2,2026-10-05T23:30:00+00:00,1791244808.693411,1808.7,True,False,short,85795.0,85717.0,7.8
S4V2,2026-10-06T00:30:00+00:00,1791248401.089074,1801.1,True,False,short,85841.0,85872.0,3.1
S4V2,2026-10-06T01:00:00+00:00,1791250203.216059,1803.2,True,False,long,85933.0,85937.5,0.45
S4V2,2026-10-06T01:30:00+00:00,1791252001.564904,1801.6,True,False,long,85795.0,85622.5,17.25
S4V2,2026-10-06T01:30:00+00:00,1791252001.564904,1801.6,True,False,short,85795.0,85622.5,17.25
S4V3,2026-10-06T00:00:00+00:00,1791259263.901856,14463.9,True,False,short,85611.0,85475.0,13.6
S4V2,2026-10-06T04:30:00+00:00,1791262802.062253,1802.1,True,False,short,85611.0,85584.0,2.7
S4V2,2026-10-06T05:30:00+00:00,1791266404.774353,1804.8,True,False,short,85473.0,85478.0,0.5
