date,bot,entry_ts,exit_ts,direction,entry_slip_$,entry_slip_tag,exit_slip_$,exit_slip_tag,bt_lv_pnl_gap_$,flip_yn,flip_damage_$,missed_yn,close_escalation_yn,system_side_flag,verdict,repeat_count
2026-09-08,S4,2026-09-08 00:00:00,2026-09-08 02:00:00,LONG,16.4,UNFAVORABLE,42.4,FAVORABLE,58.03,N,0.0,N,N,,MARKET-SIDE,1
2026-09-08,S4,2026-09-08 02:00:00,2026-09-08 08:00:00,SHORT,42.4,UNFAVORABLE,11.54,FAVORABLE,47.24,N,0.0,N,N,,MARKET-SIDE,2
2026-09-08,S4,2026-09-08 08:00:00,2026-09-08 10:00:00,LONG,11.55,UNFAVORABLE,25.4,FAVORABLE,36.11,N,0.0,N,N,,MARKET-SIDE,3
2026-09-08,S4,2026-09-08 10:00:00,2026-09-08 14:00:00,SHORT,17.35,UNFAVORABLE,73.34,FAVORABLE,86.73,N,0.0,N,N,,MARKET-SIDE,4
2026-09-08,S4,2026-09-08 14:00:00,2026-09-08 16:00:00,LONG,69.44,UNFAVORABLE,27.55,FAVORABLE,90.73,N,0.0,N,N,,MARKET-SIDE,5
2026-09-08,S4,2026-09-08 16:00:00,2026-09-09 00:00:00,SHORT,27.95,UNFAVORABLE,7.91,FAVORABLE,34.2,N,0.0,N,N,,MARKET-SIDE,6
2026-09-09,S4,2026-09-09 00:00:00,2026-09-09 02:00:00,LONG,0.0,-,0.0,-,0.0,N,0.0,Y,N,,UNEXPLAINED,20
2026-09-09,S4,2026-09-09 02:00:00,2026-09-09 04:00:00,SHORT,0.0,-,0.0,-,0.0,N,0.0,Y,N,,UNEXPLAINED,20
2026-09-09,S4,2026-09-09 04:00:00,2026-09-09 08:00:00,LONG,0.0,-,0.0,-,0.0,N,0.0,Y,N,,UNEXPLAINED,20
2026-09-09,S4,2026-09-09 08:00:00,2026-09-09 10:00:00,SHORT,14.25,UNFAVORABLE,32.65,FAVORABLE,46.13,N,0.0,N,N,,MARKET-SIDE,10
2026-09-09,S4,2026-09-09 10:00:00,2026-09-09 12:00:00,LONG,26.66,UNFAVORABLE,8.8,FAVORABLE,34.7,N,0.0,N,N,,MARKET-SIDE,11
2026-09-09,S4,2026-09-09 12:00:00,2026-09-09 16:00:00,SHORT,6.25,UNFAVORABLE,0.6,FAVORABLE,2.93,N,0.0,N,N,,MARKET-SIDE,12
2026-09-09,S4,2026-09-09 16:00:00,2026-09-09 18:00:00,LONG,1.77,UNFAVORABLE,40.75,FAVORABLE,41.67,N,0.0,N,N,,MARKET-SIDE,13
2026-09-09,S4,2026-09-09 18:00:00,2026-09-09 22:00:00,SHORT,31.05,UNFAVORABLE,3.4,UNFAVORABLE,25.48,N,0.0,N,N,,MARKET-SIDE,14
2026-09-09,S4,2026-09-09 22:00:00,2026-09-10 00:00:00,LONG,3.4,FAVORABLE,11.4,FAVORABLE,7.11,N,0.0,N,N,,MARKET-SIDE,15
2026-09-10,S4,2026-09-10 00:00:00,2026-09-10 02:00:00,SHORT,2.21,UNFAVORABLE,14.41,FAVORABLE,15.74,N,0.0,N,N,,MARKET-SIDE,16
2026-09-10,S4,2026-09-10 02:00:00,2026-09-10 06:00:00,LONG,14.41,UNFAVORABLE,15.45,UNFAVORABLE,-2.26,N,0.0,N,N,,MARKET-SIDE,17
2026-09-08,S4V2,2026-09-08 00:00:00,2026-09-08 00:30:00,SHORT,5.25,FAVORABLE,20.22,FAVORABLE,14.2,N,0.0,N,N,,MARKET-SIDE,1
2026-09-08,S4V2,2026-09-08 00:30:00,2026-09-08 02:00:00,LONG,19.82,UNFAVORABLE,2.45,FAVORABLE,20.68,N,0.0,N,N,,MARKET-SIDE,2
2026-09-08,S4V2,2026-09-08 02:00:00,2026-09-08 03:30:00,SHORT,2.15,FAVORABLE,0.71,UNFAVORABLE,-5.85,N,0.0,N,N,,MARKET-SIDE,3
2026-09-08,S4V2,2026-09-08 04:00:00,2026-09-08 05:00:00,SHORT,4.7,FAVORABLE,0.57,FAVORABLE,-4.94,N,0.0,N,N,,MARKET-SIDE,4
2026-09-08,S4V2,2026-09-08 05:00:00,2026-09-08 05:30:00,LONG,0.98,FAVORABLE,10.6,FAVORABLE,8.79,N,0.0,N,N,,MARKET-SIDE,5
2026-09-08,S4V2,2026-09-08 05:30:00,2026-09-08 07:00:00,SHORT,6.6,UNFAVORABLE,2.6,FAVORABLE,7.52,N,0.0,N,N,,MARKET-SIDE,6
2026-09-08,S4V2,2026-09-08 07:00:00,2026-09-08 10:30:00,LONG,1.65,UNFAVORABLE,10.8,FAVORABLE,10.31,N,0.0,N,N,,MARKET-SIDE,7
2026-09-08,S4V2,2026-09-08 10:30:00,2026-09-08 14:00:00,SHORT,2.65,UNFAVORABLE,22.41,FAVORABLE,20.62,N,0.0,N,N,,MARKET-SIDE,8
2026-09-08,S4V2,2026-09-08 14:00:00,2026-09-08 15:00:00,LONG,18.09,UNFAVORABLE,5.04,UNFAVORABLE,10.44,N,0.0,N,N,,MARKET-SIDE,9
2026-09-08,S4V2,2026-09-08 15:30:00,2026-09-08 16:00:00,LONG,32.69,UNFAVORABLE,15.95,FAVORABLE,46.53,N,0.0,N,N,,MARKET-SIDE,10
2026-09-08,S4V2,2026-09-08 16:00:00,2026-09-08 16:30:00,SHORT,15.85,UNFAVORABLE,1.26,FAVORABLE,16.29,N,0.0,N,N,,MARKET-SIDE,11
2026-09-08,S4V2,2026-09-08 17:00:00,2026-09-08 18:00:00,SHORT,0.1,FAVORABLE,11.16,FAVORABLE,10.23,N,0.0,N,N,,MARKET-SIDE,12
2026-09-08,S4V2,2026-09-08 18:00:00,2026-09-08 18:30:00,LONG,5.36,UNFAVORABLE,13.79,FAVORABLE,18.31,N,0.0,N,N,,MARKET-SIDE,13
2026-09-08,S4V2,2026-09-08 18:30:00,2026-09-08 20:00:00,SHORT,13.15,UNFAVORABLE,3.9,FAVORABLE,16.2,N,0.0,N,N,,MARKET-SIDE,14
2026-09-08,S4V2,2026-09-08 20:00:00,2026-09-08 20:30:00,LONG,1.9,FAVORABLE,3.1,UNFAVORABLE,-5.85,N,0.0,N,N,,MARKET-SIDE,15
2026-09-08,S4V2,2026-09-08 20:30:00,2026-09-08 22:30:00,SHORT,3.8,FAVORABLE,3.1,UNFAVORABLE,-7.75,N,0.0,N,N,,MARKET-SIDE,16
2026-09-08,S4V2,2026-09-08 22:30:00,2026-09-08 23:00:00,LONG,3.1,FAVORABLE,0.2,UNFAVORABLE,-4.15,N,0.0,N,N,,MARKET-SIDE,17
2026-09-08,S4V2,2026-09-08 23:00:00,2026-09-09 00:00:00,SHORT,0.35,UNFAVORABLE,3.86,FAVORABLE,3.37,N,0.0,N,N,,MARKET-SIDE,18
2026-09-09,S4V2,2026-09-09 00:00:00,2026-09-09 02:30:00,LONG,4.31,UNFAVORABLE,1.1,FAVORABLE,4.22,N,0.0,N,N,,MARKET-SIDE,19
2026-09-09,S4V2,2026-09-09 02:30:00,2026-09-09 04:00:00,SHORT,3.5,FAVORABLE,15.77,FAVORABLE,11.45,N,0.0,N,N,,MARKET-SIDE,20
2026-09-09,S4V2,2026-09-09 04:00:00,2026-09-09 05:30:00,LONG,10.02,UNFAVORABLE,11.3,UNFAVORABLE,-3.36,N,0.0,N,N,,MARKET-SIDE,21
2026-09-09,S4V2,2026-09-09 05:30:00,2026-09-09 06:00:00,SHORT,11.3,FAVORABLE,14.31,FAVORABLE,2.24,N,0.0,N,N,,MARKET-SIDE,22
2026-09-09,S4V2,2026-09-09 06:00:00,2026-09-09 09:00:00,LONG,8.02,UNFAVORABLE,9.55,FAVORABLE,14.15,N,0.0,N,N,,MARKET-SIDE,23
2026-09-09,S4V2,2026-09-09 09:00:00,2026-09-09 10:00:00,SHORT,10.0,UNFAVORABLE,2.2,UNFAVORABLE,3.91,N,0.0,N,N,,MARKET-SIDE,24
2026-09-09,S4V2,2026-09-09 10:30:00,2026-09-09 11:00:00,SHORT,5.25,UNFAVORABLE,2.25,UNFAVORABLE,2.2,N,0.0,N,N,,MARKET-SIDE,25
2026-09-09,S4V2,2026-09-09 11:00:00,2026-09-09 13:30:00,LONG,3.1,FAVORABLE,39.6,FAVORABLE,32.12,N,0.0,N,N,,MARKET-SIDE,26
2026-09-09,S4V2,2026-09-09 13:30:00,2026-09-09 14:00:00,SHORT,35.75,UNFAVORABLE,0.58,FAVORABLE,34.27,N,0.0,N,N,,MARKET-SIDE,27
2026-09-09,S4V2,2026-09-09 14:00:00,2026-09-09 14:30:00,LONG,3.12,FAVORABLE,17.15,FAVORABLE,13.25,N,0.0,N,N,,MARKET-SIDE,28
2026-09-09,S4V2,2026-09-09 14:30:00,2026-09-09 15:30:00,SHORT,12.0,UNFAVORABLE,4.55,FAVORABLE,10.77,N,0.0,N,N,,MARKET-SIDE,29
2026-09-09,S4V2,2026-09-09 15:30:00,2026-09-09 18:00:00,LONG,3.5,UNFAVORABLE,7.55,FAVORABLE,9.84,N,0.0,N,N,,MARKET-SIDE,30
2026-09-09,S4V2,2026-09-09 18:00:00,2026-09-09 20:30:00,SHORT,3.2,FAVORABLE,4.2,FAVORABLE,-2.06,N,0.0,N,N,,MARKET-SIDE,31
2026-09-09,S4V2,2026-09-09 20:30:00,2026-09-09 21:30:00,LONG,0.1,FAVORABLE,1.45,FAVORABLE,0.47,N,0.0,N,N,,MARKET-SIDE,32
2026-09-09,S4V2,2026-09-09 22:00:00,2026-09-09 23:00:00,SHORT,9.9,UNFAVORABLE,9.52,FAVORABLE,18.53,N,0.0,N,N,,MARKET-SIDE,33
2026-09-09,S4V2,2026-09-09 23:00:00,2026-09-10 00:30:00,LONG,9.52,UNFAVORABLE,0.8,FAVORABLE,9.44,N,0.0,N,N,,MARKET-SIDE,34
2026-09-10,S4V2,2026-09-10 02:00:00,2026-09-10 02:30:00,SHORT,7.2,UNFAVORABLE,19.05,FAVORABLE,25.36,N,0.0,N,N,,MARKET-SIDE,35
2026-09-10,S4V2,2026-09-10 02:30:00,2026-09-10 06:00:00,LONG,17.6,UNFAVORABLE,8.35,UNFAVORABLE,7.56,N,0.0,N,N,,MARKET-SIDE,36
2026-09-10,S4V2,2026-09-10 06:00:00,2026-09-10 06:30:00,SHORT,0.0,-,0.0,-,0.0,N,0.0,Y,N,BOT_RESTART|ENGINE_RESTART,SYSTEM-SIDE,1
2026-09-10,S4V2,2026-09-10 06:30:00,2026-09-10 07:00:00,LONG,0.0,-,0.0,-,0.0,N,0.0,Y,N,BOT_RESTART|ENGINE_RESTART,SYSTEM-SIDE,2
2026-09-10,S4V2,2026-09-10 07:00:00,2026-09-10 07:30:00,SHORT,0.0,-,0.0,-,0.0,N,0.0,Y,N,,UNEXPLAINED,61
2026-09-10,S4V2,2026-09-10 09:00:00,2026-09-10 09:30:00,LONG,0.0,-,0.0,-,0.0,N,0.0,Y,N,,UNEXPLAINED,61
2026-09-10,S4V2,2026-09-10 09:30:00,2026-09-10 11:00:00,SHORT,0.0,-,0.0,-,0.0,N,0.0,Y,N,ENGINE_RESTART,SYSTEM-SIDE,1
2026-09-10,S4V2,2026-09-10 11:00:00,2026-09-10 11:30:00,LONG,0.0,-,0.0,-,0.0,N,0.0,Y,N,ENGINE_RESTART,SYSTEM-SIDE,2
2026-09-08,S4V3,2026-09-08 16:00:00,2026-09-09 00:00:00,SHORT,33.35,UNFAVORABLE,14.26,FAVORABLE,45.01,N,0.0,N,N,,MARKET-SIDE,1
2026-09-10,S4,2026-09-10 06:00:00,2026-09-10 16:00:00,SHORT,0.0,-,0.0,-,0.0,N,0.0,Y,N,ENGINE_RESTART,SYSTEM-SIDE,1
2026-09-10,S4,2026-09-10 16:00:00,2026-09-10 18:00:00,LONG,2.25,UNFAVORABLE,2.7,FAVORABLE,3.95,N,0.0,N,N,,MARKET-SIDE,18
2026-09-10,S4,2026-09-10 22:00:00,2026-09-11 00:00:00,SHORT,49.45,UNFAVORABLE,27.7,FAVORABLE,73.43,N,0.0,N,N,,MARKET-SIDE,19
2026-09-11,S4,2026-09-11 00:00:00,2026-09-11 02:00:00,LONG,28.9,UNFAVORABLE,0.4,UNFAVORABLE,27.1,N,0.0,N,N,,MARKET-SIDE,20
2026-09-10,S4V2,2026-09-10 11:30:00,2026-09-10 13:30:00,SHORT,6.55,UNFAVORABLE,16.56,FAVORABLE,14.42,N,0.0,N,N,,MARKET-SIDE,39
2026-09-10,S4V2,2026-09-10 13:30:00,2026-09-10 15:00:00,LONG,19.35,UNFAVORABLE,12.65,FAVORABLE,29.71,N,0.0,N,N,,MARKET-SIDE,40
2026-09-10,S4V2,2026-09-10 15:00:00,2026-09-10 15:30:00,SHORT,4.6,UNFAVORABLE,3.35,FAVORABLE,6.95,N,0.0,N,N,,MARKET-SIDE,41
2026-09-10,S4V2,2026-09-10 15:30:00,2026-09-10 16:00:00,LONG,2.95,UNFAVORABLE,18.4,FAVORABLE,20.33,N,0.0,N,N,,MARKET-SIDE,42
2026-09-10,S4V2,2026-09-10 16:00:00,2026-09-10 16:30:00,SHORT,20.15,UNFAVORABLE,15.48,FAVORABLE,34.61,N,0.0,N,N,,MARKET-SIDE,43
2026-09-10,S4V2,2026-09-10 16:30:00,2026-09-10 18:00:00,LONG,13.63,UNFAVORABLE,9.6,FAVORABLE,21.85,N,0.0,N,N,,MARKET-SIDE,44
2026-09-10,S4V2,2026-09-10 18:00:00,2026-09-10 18:30:00,SHORT,5.5,UNFAVORABLE,7.55,FAVORABLE,12.04,N,0.0,N,N,,MARKET-SIDE,45
2026-09-10,S4V2,2026-09-10 18:30:00,2026-09-10 19:30:00,LONG,8.4,UNFAVORABLE,4.95,UNFAVORABLE,2.45,N,0.0,N,N,,MARKET-SIDE,46
2026-09-10,S4V2,2026-09-10 19:30:00,2026-09-10 20:00:00,SHORT,5.55,FAVORABLE,1.6,FAVORABLE,-4.95,N,0.0,N,N,,MARKET-SIDE,47
2026-09-10,S4V2,2026-09-10 20:00:00,2026-09-10 21:30:00,LONG,1.6,UNFAVORABLE,6.3,FAVORABLE,6.9,N,0.0,N,N,,MARKET-SIDE,48
2026-09-10,S4V2,2026-09-10 21:30:00,2026-09-11 00:00:00,SHORT,6.6,UNFAVORABLE,14.5,FAVORABLE,16.48,N,0.0,N,N,,MARKET-SIDE,49
2026-09-11,S4V2,2026-09-11 00:00:00,2026-09-11 02:00:00,LONG,13.1,UNFAVORABLE,1.35,UNFAVORABLE,10.7,N,0.0,N,N,,MARKET-SIDE,50
2026-09-09,S4V3,2026-09-09 12:00:00,2026-09-11 00:00:00,SHORT,61.1,UNFAVORABLE,186.4,FAVORABLE,222.37,N,0.0,N,N,ENGINE_RESTART,SYSTEM-SIDE,1
2026-09-11,S4,2026-09-11 04:00:00,2026-09-11 08:00:00,LONG,27.25,UNFAVORABLE,9.2,FAVORABLE,35.07,N,0.0,N,N,,MARKET-SIDE,21
2026-09-11,S4,2026-09-11 08:00:00,2026-09-11 12:00:00,SHORT,9.2,UNFAVORABLE,214.0,FAVORABLE,222.31,N,0.0,N,N,,MARKET-SIDE,22
2026-09-11,S4,2026-09-11 12:00:00,2026-09-11 14:00:00,LONG,213.85,UNFAVORABLE,137.5,FAVORABLE,331.74,N,0.0,N,N,,MARKET-SIDE,23
2026-09-11,S4,2026-09-11 14:00:00,2026-09-11 22:00:00,SHORT,134.9,UNFAVORABLE,3.29,UNFAVORABLE,112.79,N,0.0,N,N,,MARKET-SIDE,24
2026-09-11,S4V2,2026-09-11 04:00:00,2026-09-11 04:30:00,LONG,25.8,UNFAVORABLE,3.75,UNFAVORABLE,20.67,N,0.0,N,N,,MARKET-SIDE,51
2026-09-11,S4V2,2026-09-11 05:30:00,2026-09-11 09:00:00,LONG,4.25,UNFAVORABLE,7.75,FAVORABLE,11.0,N,0.0,N,N,,MARKET-SIDE,52
2026-09-11,S4V2,2026-09-11 09:00:00,2026-09-11 11:30:00,SHORT,7.1,UNFAVORABLE,3.85,FAVORABLE,8.64,N,0.0,N,N,,MARKET-SIDE,53
2026-09-11,S4V2,2026-09-11 11:30:00,2026-09-11 13:00:00,LONG,1.1,FAVORABLE,34.15,FAVORABLE,24.79,N,0.0,N,N,,MARKET-SIDE,54
2026-09-11,S4V2,2026-09-11 13:00:00,2026-09-11 13:30:00,SHORT,29.0,UNFAVORABLE,164.8,FAVORABLE,191.65,N,0.0,N,N,,MARKET-SIDE,55
2026-09-11,S4V2,2026-09-11 13:30:00,2026-09-11 14:00:00,LONG,158.65,UNFAVORABLE,16.17,FAVORABLE,160.8,N,0.0,N,N,,MARKET-SIDE,56
2026-09-11,S4V2,2026-09-11 14:00:00,2026-09-11 16:30:00,SHORT,18.42,UNFAVORABLE,10.25,FAVORABLE,15.48,N,0.0,N,N,,MARKET-SIDE,57
2026-09-11,S4V2,2026-09-11 16:30:00,2026-09-11 17:30:00,LONG,11.52,UNFAVORABLE,24.05,FAVORABLE,34.63,N,0.0,N,N,,MARKET-SIDE,58
2026-09-11,S4V2,2026-09-11 17:30:00,2026-09-11 19:00:00,SHORT,7.35,UNFAVORABLE,0.05,FAVORABLE,3.75,N,0.0,N,N,,MARKET-SIDE,59
2026-09-11,S4V2,2026-09-11 19:00:00,2026-09-11 21:30:00,LONG,0.05,UNFAVORABLE,10.25,FAVORABLE,9.29,N,0.0,N,N,,MARKET-SIDE,60
2026-09-11,S4V2,2026-09-11 21:30:00,2026-09-11 23:00:00,SHORT,0.65,FAVORABLE,1.25,UNFAVORABLE,-2.91,N,0.0,N,N,,MARKET-SIDE,61
2026-09-11,S4V3,2026-09-11 08:00:00,2026-09-11 12:00:00,SHORT,10.5,UNFAVORABLE,63.24,FAVORABLE,72.76,N,0.0,N,N,,MARKET-SIDE,2
2026-09-11,S4,2026-09-11 22:00:00,2026-09-12 16:00:00,LONG,3.29,FAVORABLE,0.9,FAVORABLE,-3.39,N,0.0,N,N,ENGINE_RESTART,SYSTEM-SIDE,2
2026-09-11,S4V2,2026-09-11 23:00:00,2026-09-12 05:00:00,LONG,1.21,FAVORABLE,6.25,UNFAVORABLE,-8.46,N,0.0,N,N,,MARKET-SIDE,62
2026-09-12,S4V2,2026-09-12 06:30:00,2026-09-12 17:00:00,LONG,0.92,FAVORABLE,0.75,FAVORABLE,-1.16,N,0.0,N,N,ENGINE_RESTART,SYSTEM-SIDE,3
2026-09-12,S4V2,2026-09-12 17:00:00,2026-09-12 21:30:00,SHORT,3.85,FAVORABLE,0.4,UNFAVORABLE,-5.24,N,0.0,N,N,,MARKET-SIDE,63
2026-09-11,S4V3,2026-09-11 16:00:00,2026-09-12 08:00:00,SHORT,34.8,UNFAVORABLE,12.49,UNFAVORABLE,19.57,N,0.0,N,N,,MARKET-SIDE,3
2026-09-12,S4V3,2026-09-12 16:00:00,2026-09-12 20:00:00,SHORT,0.0,-,0.0,-,0.0,N,0.0,Y,N,ENGINE_RESTART,SYSTEM-SIDE,2
2026-09-12,S4,2026-09-12 20:00:00,2026-09-13 02:00:00,LONG,0.44,FAVORABLE,3.25,UNFAVORABLE,-4.69,N,0.0,N,N,,MARKET-SIDE,25
2026-09-13,S4,2026-09-13 04:00:00,2026-09-13 06:00:00,LONG,3.38,FAVORABLE,5.3,FAVORABLE,0.92,N,0.0,N,N,,MARKET-SIDE,26
2026-09-13,S4,2026-09-13 06:00:00,2026-09-13 14:00:00,SHORT,4.95,UNFAVORABLE,21.85,FAVORABLE,24.5,N,0.0,N,N,ENGINE_RESTART,SYSTEM-SIDE,3
2026-09-13,S4,2026-09-13 14:00:00,2026-09-13 22:00:00,LONG,21.78,UNFAVORABLE,31.3,FAVORABLE,50.76,N,0.0,N,N,,MARKET-SIDE,27
2026-09-13,S4,2026-09-13 22:00:00,2026-09-14 00:00:00,SHORT,31.75,UNFAVORABLE,19.05,FAVORABLE,48.48,N,0.0,N,N,,MARKET-SIDE,28
2026-09-13,S4V2,2026-09-13 01:30:00,2026-09-13 03:30:00,LONG,1.6,UNFAVORABLE,3.25,UNFAVORABLE,-2.65,N,0.0,N,N,,MARKET-SIDE,64
2026-09-13,S4V2,2026-09-13 03:30:00,2026-09-13 05:00:00,SHORT,3.25,FAVORABLE,1.82,UNFAVORABLE,-6.06,N,0.0,N,N,,MARKET-SIDE,65
2026-09-13,S4V2,2026-09-13 05:00:00,2026-09-13 06:30:00,LONG,1.12,FAVORABLE,7.15,FAVORABLE,5.03,N,0.0,N,N,,MARKET-SIDE,66
2026-09-13,S4V2,2026-09-13 06:30:00,2026-09-13 09:30:00,SHORT,7.6,UNFAVORABLE,0.4,UNFAVORABLE,3.5,N,0.0,N,N,,MARKET-SIDE,67
2026-09-13,S4V2,2026-09-13 09:30:00,2026-09-13 10:30:00,LONG,0.85,FAVORABLE,4.5,UNFAVORABLE,-6.41,N,0.0,N,N,ENGINE_RESTART,SYSTEM-SIDE,4
2026-09-13,S4V2,2026-09-13 11:30:00,2026-09-13 13:00:00,LONG,0.0,-,0.0,-,0.0,N,0.0,Y,N,,UNEXPLAINED,83
2026-09-13,S4V2,2026-09-13 13:00:00,2026-09-13 13:30:00,SHORT,0.0,-,0.0,-,0.0,N,0.0,Y,N,,UNEXPLAINED,83
2026-09-13,S4V2,2026-09-13 13:30:00,2026-09-13 15:00:00,LONG,14.55,UNFAVORABLE,2.65,UNFAVORABLE,8.66,N,0.0,N,N,,MARKET-SIDE,70
2026-09-13,S4V2,2026-09-13 15:30:00,2026-09-13 22:00:00,LONG,1.15,FAVORABLE,40.65,FAVORABLE,38.47,N,0.0,N,N,,MARKET-SIDE,71
2026-09-13,S4V2,2026-09-13 22:00:00,2026-09-14 00:30:00,SHORT,42.35,UNFAVORABLE,17.35,FAVORABLE,53.22,N,0.0,N,N,,MARKET-SIDE,72
2026-09-13,S4V3,2026-09-13 00:00:00,2026-09-13 12:00:00,SHORT,3.25,FAVORABLE,26.38,FAVORABLE,20.37,N,0.0,N,N,ENGINE_RESTART,SYSTEM-SIDE,3
2026-09-13,S4V3,2026-09-13 20:00:00,2026-09-14 00:00:00,SHORT,30.8,UNFAVORABLE,70.75,FAVORABLE,98.8,N,0.0,N,N,,MARKET-SIDE,4
2026-09-14,S4,2026-09-14 00:00:00,2026-09-14 10:00:00,LONG,19.7,UNFAVORABLE,24.2,FAVORABLE,33.36,N,0.0,N,N,,MARKET-SIDE,29
2026-09-14,S4,2026-09-14 10:00:00,2026-09-14 12:00:00,SHORT,24.2,UNFAVORABLE,31.13,FAVORABLE,54.42,N,0.0,N,N,,MARKET-SIDE,30
2026-09-14,S4,2026-09-14 12:00:00,2026-09-14 20:00:00,LONG,30.35,UNFAVORABLE,4.2,FAVORABLE,25.97,N,0.0,N,N,ENGINE_RESTART,SYSTEM-SIDE,4
2026-09-14,S4V2,2026-09-14 00:30:00,2026-09-14 03:30:00,LONG,17.6,UNFAVORABLE,7.75,FAVORABLE,14.78,N,0.0,N,N,,MARKET-SIDE,73
2026-09-14,S4V2,2026-09-14 03:30:00,2026-09-14 07:00:00,SHORT,9.2,UNFAVORABLE,2.9,FAVORABLE,11.15,N,0.0,N,N,,MARKET-SIDE,74
2026-09-14,S4V2,2026-09-14 07:30:00,2026-09-14 08:00:00,LONG,7.85,UNFAVORABLE,1.43,UNFAVORABLE,5.49,N,0.0,N,N,,MARKET-SIDE,75
2026-09-14,S4V2,2026-09-14 08:00:00,2026-09-14 09:30:00,SHORT,0.29,FAVORABLE,30.56,FAVORABLE,29.35,N,0.0,N,N,,MARKET-SIDE,76
2026-09-14,S4V2,2026-09-14 09:30:00,2026-09-14 10:00:00,LONG,26.31,UNFAVORABLE,7.45,FAVORABLE,32.49,N,0.0,N,N,,MARKET-SIDE,77
2026-09-14,S4V2,2026-09-14 10:00:00,2026-09-14 12:00:00,SHORT,7.45,UNFAVORABLE,4.89,FAVORABLE,11.43,N,0.0,N,N,,MARKET-SIDE,78
2026-09-14,S4V2,2026-09-14 12:30:00,2026-09-14 13:00:00,SHORT,20.55,UNFAVORABLE,4.2,FAVORABLE,23.81,N,0.0,N,N,,MARKET-SIDE,79
2026-09-14,S4V2,2026-09-14 13:00:00,2026-09-14 15:00:00,LONG,4.25,UNFAVORABLE,5.5,UNFAVORABLE,-6.19,N,0.0,N,N,ENGINE_RESTART,SYSTEM-SIDE,5
2026-09-14,S4V2,2026-09-14 15:00:00,2026-09-14 15:30:00,SHORT,6.2,FAVORABLE,8.41,FAVORABLE,1.36,N,0.0,N,N,,MARKET-SIDE,80
2026-09-14,S4V2,2026-09-14 15:30:00,2026-09-14 19:30:00,LONG,0.74,FAVORABLE,5.25,FAVORABLE,0.11,N,0.0,N,N,,MARKET-SIDE,81
2026-09-14,S4V2,2026-09-14 19:30:00,2026-09-14 20:00:00,SHORT,4.95,UNFAVORABLE,34.21,FAVORABLE,38.4,N,0.0,N,N,,MARKET-SIDE,82
2026-09-14,S4V2,2026-09-14 20:00:00,2026-09-14 20:30:00,LONG,20.41,UNFAVORABLE,22.55,FAVORABLE,42.2,N,0.0,N,N,,MARKET-SIDE,83
2026-09-14,S4,2026-09-14 20:00:00,2026-09-15 16:00:00,SHORT,4.2,UNFAVORABLE,28.98,FAVORABLE,11.64,N,0.0,N,N,ENGINE_RESTART,SYSTEM-SIDE,5
2026-09-15,S4,2026-09-15 16:00:00,2026-09-15 18:00:00,LONG,27.89,UNFAVORABLE,86.3,FAVORABLE,112.27,N,0.0,N,N,,MARKET-SIDE,31
2026-09-15,S4,2026-09-15 18:00:00,2026-09-15 22:00:00,SHORT,81.7,UNFAVORABLE,95.88,FAVORABLE,165.52,N,0.0,N,N,,MARKET-SIDE,32
2026-09-15,S4,2026-09-15 22:00:00,2026-09-16 00:00:00,LONG,95.88,UNFAVORABLE,46.1,UNFAVORABLE,48.67,N,0.0,N,N,ENTRY_UNFILLED_BAND,SYSTEM-SIDE,1
2026-09-14,S4V2,2026-09-14 20:30:00,2026-09-15 05:30:00,SHORT,23.9,UNFAVORABLE,4.8,UNFAVORABLE,2.22,N,0.0,N,N,,MARKET-SIDE,84
2026-09-15,S4V2,2026-09-15 05:30:00,2026-09-15 06:00:00,LONG,4.8,FAVORABLE,8.6,FAVORABLE,2.83,N,0.0,N,N,ENGINE_RESTART,SYSTEM-SIDE,6
2026-09-15,S4V2,2026-09-15 07:30:00,2026-09-15 08:30:00,SHORT,0.0,-,0.0,-,0.0,N,0.0,Y,N,,UNEXPLAINED,107
2026-09-15,S4V2,2026-09-15 08:30:00,2026-09-15 09:00:00,LONG,6.3,FAVORABLE,2.5,UNFAVORABLE,-9.83,N,0.0,N,N,,MARKET-SIDE,86
2026-09-15,S4V2,2026-09-15 10:30:00,2026-09-15 11:30:00,LONG,3.11,UNFAVORABLE,0.5,UNFAVORABLE,1.59,N,0.0,N,N,,MARKET-SIDE,87
2026-09-15,S4V2,2026-09-15 13:30:00,2026-09-15 15:00:00,SHORT,16.9,UNFAVORABLE,23.1,FAVORABLE,33.03,N,0.0,N,N,,MARKET-SIDE,88
2026-09-15,S4V2,2026-09-15 15:00:00,2026-09-15 16:30:00,LONG,26.7,UNFAVORABLE,4.2,UNFAVORABLE,20.11,N,0.0,N,N,,MARKET-SIDE,89
2026-09-15,S4V2,2026-09-15 17:00:00,2026-09-15 18:30:00,LONG,4.2,UNFAVORABLE,80.5,FAVORABLE,81.38,N,0.0,N,N,,MARKET-SIDE,90
2026-09-15,S4V2,2026-09-15 18:30:00,2026-09-15 19:30:00,SHORT,85.45,UNFAVORABLE,0.11,FAVORABLE,78.07,N,0.0,N,N,,MARKET-SIDE,91
2026-09-15,S4V2,2026-09-15 19:30:00,2026-09-15 20:00:00,LONG,0.16,UNFAVORABLE,8.25,FAVORABLE,7.27,N,0.0,N,N,,MARKET-SIDE,92
2026-09-15,S4V2,2026-09-15 20:00:00,2026-09-15 20:30:00,SHORT,0.0,-,0.0,-,0.0,N,0.0,Y,N,,UNEXPLAINED,107
2026-09-15,S4V2,2026-09-15 20:30:00,2026-09-15 21:00:00,LONG,0.0,-,0.0,-,0.0,N,0.0,Y,N,,UNEXPLAINED,107
2026-09-15,S4V2,2026-09-15 21:00:00,2026-09-15 22:30:00,SHORT,23.55,FAVORABLE,95.88,FAVORABLE,70.85,N,0.0,N,N,ENTRY_UNFILLED_BAND,SYSTEM-SIDE,1
2026-09-15,S4V2,2026-09-15 22:30:00,2026-09-16 01:30:00,LONG,95.88,UNFAVORABLE,27.7,UNFAVORABLE,67.07,N,0.0,N,N,,MARKET-SIDE,95
2026-09-16,S4V2,2026-09-16 01:30:00,2026-09-16 02:00:00,SHORT,36.9,FAVORABLE,204.02,FAVORABLE,-8.38,N,0.0,N,N,,MARKET-SIDE,96
2026-09-14,S4V3,2026-09-14 20:00:00,2026-09-16 00:00:00,SHORT,0.0,-,0.0,-,0.0,N,0.0,Y,N,ENGINE_RESTART,SYSTEM-SIDE,4
2026-09-16,S4,2026-09-16 02:00:00,2026-09-16 06:00:00,LONG,0.0,-,0.0,-,0.0,N,0.0,Y,N,,UNEXPLAINED,36
2026-09-16,S4,2026-09-16 06:00:00,2026-09-16 08:00:00,SHORT,5.05,UNFAVORABLE,11.45,FAVORABLE,15.34,N,0.0,N,N,ENGINE_RESTART,SYSTEM-SIDE,6
2026-09-16,S4,2026-09-16 08:00:00,2026-09-16 12:00:00,LONG,6.85,UNFAVORABLE,41.8,FAVORABLE,47.12,N,0.0,N,N,ENGINE_RESTART,SYSTEM-SIDE,7
2026-09-16,S4,2026-09-16 12:00:00,2026-09-16 14:00:00,SHORT,41.35,UNFAVORABLE,5.25,FAVORABLE,43.21,N,0.0,N,N,,MARKET-SIDE,34
2026-09-16,S4,2026-09-16 14:00:00,2026-09-16 20:00:00,LONG,4.85,UNFAVORABLE,6.4,UNFAVORABLE,-3.53,N,0.0,N,N,,MARKET-SIDE,35
2026-09-16,S4,2026-09-16 20:00:00,2026-09-16 22:00:00,SHORT,5.5,FAVORABLE,30.25,FAVORABLE,23.63,N,0.0,N,N,RECURRED_AFTER_FIX,SYSTEM-SIDE,1
2026-09-16,S4V2,2026-09-16 02:00:00,2026-09-16 03:00:00,LONG,0.0,-,0.0,-,0.0,N,0.0,Y,N,,UNEXPLAINED,119
2026-09-16,S4V2,2026-09-16 05:30:00,2026-09-16 07:00:00,LONG,0.85,UNFAVORABLE,6.5,FAVORABLE,6.19,N,0.0,N,N,,MARKET-SIDE,98
2026-09-16,S4V2,2026-09-16 07:00:00,2026-09-16 08:30:00,SHORT,6.5,UNFAVORABLE,12.81,FAVORABLE,16.39,N,0.0,N,N,ENGINE_RESTART,SYSTEM-SIDE,7
2026-09-16,S4V2,2026-09-16 08:30:00,2026-09-16 12:00:00,LONG,8.02,UNFAVORABLE,13.25,FAVORABLE,16.98,N,0.0,N,N,ENGINE_RESTART,SYSTEM-SIDE,8
2026-09-16,S4V2,2026-09-16 12:00:00,2026-09-16 14:00:00,SHORT,13.25,UNFAVORABLE,3.01,FAVORABLE,13.35,N,0.0,N,N,,MARKET-SIDE,99
2026-09-16,S4V2,2026-09-16 14:00:00,2026-09-16 14:30:00,LONG,0.76,FAVORABLE,0.9,FAVORABLE,-1.04,N,0.0,N,N,,MARKET-SIDE,100
2026-09-16,S4V2,2026-09-16 14:30:00,2026-09-16 15:30:00,SHORT,1.3,UNFAVORABLE,0.65,FAVORABLE,0.77,N,0.0,N,N,,MARKET-SIDE,101
2026-09-16,S4V2,2026-09-16 15:30:00,2026-09-16 18:30:00,LONG,0.65,UNFAVORABLE,19.15,UNFAVORABLE,-19.66,N,0.0,N,N,,MARKET-SIDE,102
2026-09-16,S4V2,2026-09-16 18:30:00,2026-09-16 19:30:00,SHORT,9.3,UNFAVORABLE,40.4,FAVORABLE,48.54,N,0.0,N,N,,MARKET-SIDE,103
2026-09-16,S4V2,2026-09-16 19:30:00,2026-09-16 21:00:00,LONG,33.6,UNFAVORABLE,2.1,UNFAVORABLE,28.16,N,0.0,N,N,,MARKET-SIDE,104
2026-09-16,S4V2,2026-09-16 21:00:00,2026-09-16 23:00:00,SHORT,7.4,UNFAVORABLE,24.8,FAVORABLE,29.77,N,0.0,N,N,,MARKET-SIDE,105
2026-09-16,S4V2,2026-09-16 23:00:00,2026-09-17 01:30:00,LONG,21.55,UNFAVORABLE,11.1,FAVORABLE,26.56,N,0.0,N,N,,MARKET-SIDE,106
2026-09-17,S4V2,2026-09-17 01:30:00,2026-09-17 02:30:00,SHORT,11.05,UNFAVORABLE,4.5,FAVORABLE,14.08,N,0.0,N,N,,MARKET-SIDE,107
2026-09-16,S4V3,2026-09-16 12:00:00,2026-09-16 16:00:00,SHORT,32.1,UNFAVORABLE,25.95,FAVORABLE,55.15,N,0.0,N,N,,MARKET-SIDE,5
2026-09-17,S4V2,2026-09-17 03:00:00,2026-09-17 04:00:00,LONG,4.15,FAVORABLE,13.6,FAVORABLE,8.34,N,0.0,N,N,,MARKET-SIDE,108
2026-09-17,S4V2,2026-09-17 04:00:00,2026-09-17 04:30:00,SHORT,12.4,UNFAVORABLE,18.6,FAVORABLE,29.9,N,0.0,N,N,,MARKET-SIDE,109
2026-09-17,S4V2,2026-09-17 04:30:00,2026-09-17 05:30:00,LONG,16.1,UNFAVORABLE,11.3,FAVORABLE,26.31,N,0.0,N,N,,MARKET-SIDE,110
2026-09-17,S4V2,2026-09-17 05:30:00,2026-09-17 06:00:00,SHORT,7.6,UNFAVORABLE,4.35,FAVORABLE,10.85,N,0.0,N,N,,MARKET-SIDE,111
2026-09-17,S4V2,2026-09-17 06:00:00,2026-09-17 09:30:00,LONG,0.0,FAVORABLE,5.25,FAVORABLE,4.16,N,0.0,N,N,,MARKET-SIDE,112
2026-09-17,S4V2,2026-09-17 09:30:00,2026-09-17 11:30:00,SHORT,5.25,UNFAVORABLE,0.42,FAVORABLE,4.58,N,0.0,N,N,ENGINE_RESTART,SYSTEM-SIDE,9
2026-09-17,S4V2,2026-09-17 11:30:00,2026-09-17 12:30:00,LONG,3.68,FAVORABLE,11.65,FAVORABLE,4.69,N,0.0,N,N,ENGINE_RESTART,SYSTEM-SIDE,10
2026-09-17,S4V2,2026-09-17 12:30:00,2026-09-17 13:30:00,SHORT,13.65,UNFAVORABLE,10.4,FAVORABLE,21.7,N,0.0,N,N,,MARKET-SIDE,113
2026-09-17,S4V2,2026-09-17 13:30:00,2026-09-17 14:30:00,LONG,3.15,UNFAVORABLE,29.05,FAVORABLE,30.75,N,0.0,N,N,,MARKET-SIDE,114
2026-09-17,S4V2,2026-09-17 14:30:00,2026-09-17 15:30:00,SHORT,26.05,UNFAVORABLE,17.25,FAVORABLE,41.86,N,0.0,N,N,,MARKET-SIDE,115
2026-09-17,S4V2,2026-09-17 15:30:00,2026-09-17 17:30:00,LONG,12.9,UNFAVORABLE,7.85,FAVORABLE,19.69,N,0.0,N,N,,MARKET-SIDE,116
2026-09-17,S4V2,2026-09-17 17:30:00,2026-09-17 20:00:00,SHORT,3.0,UNFAVORABLE,0.75,FAVORABLE,2.69,N,0.0,N,N,,MARKET-SIDE,117
2026-09-17,S4V2,2026-09-17 20:30:00,2026-09-17 22:30:00,SHORT,0.0,-,0.0,-,0.0,N,0.0,Y,N,,UNEXPLAINED,133
2026-09-17,S4V2,2026-09-17 22:30:00,2026-09-18 00:00:00,LONG,0.87,FAVORABLE,4.75,UNFAVORABLE,-6.72,N,0.0,N,N,,MARKET-SIDE,119
2026-09-17,S4V3,2026-09-17 16:00:00,2026-09-18 00:00:00,SHORT,0.0,-,0.0,-,0.0,N,0.0,Y,N,,UNEXPLAINED,7
2026-09-16,S4,2026-09-16 22:00:00,2026-09-17 18:00:00,LONG,30.5,UNFAVORABLE,14.45,FAVORABLE,39.35,N,0.0,N,N,ENGINE_RESTART,SYSTEM-SIDE,8
2026-09-17,S4,2026-09-17 18:00:00,2026-09-18 00:00:00,SHORT,3.0,UNFAVORABLE,17.45,FAVORABLE,19.38,N,0.0,N,N,,MARKET-SIDE,36
2026-09-18,S4,2026-09-18 00:00:00,2026-09-18 10:00:00,LONG,8.25,UNFAVORABLE,4.0,UNFAVORABLE,-9.52,N,0.0,N,N,ENGINE_RESTART,SYSTEM-SIDE,9
2026-09-18,S4,2026-09-18 10:00:00,2026-09-18 12:00:00,SHORT,2.4,FAVORABLE,0.1,UNFAVORABLE,-3.39,N,0.0,N,N,,MARKET-SIDE,37
2026-09-18,S4,2026-09-18 12:00:00,2026-09-18 22:00:00,LONG,0.0,-,0.0,-,0.0,N,0.0,Y,N,ENGINE_RESTART,SYSTEM-SIDE,10
2026-09-18,S4,2026-09-18 22:00:00,2026-09-19 00:00:00,SHORT,16.85,UNFAVORABLE,31.05,FAVORABLE,47.36,N,0.0,N,N,,MARKET-SIDE,38
2026-09-18,S4V2,2026-09-18 00:30:00,2026-09-18 04:00:00,LONG,11.8,UNFAVORABLE,2.9,UNFAVORABLE,1.06,N,0.0,N,N,,MARKET-SIDE,120
2026-09-18,S4V2,2026-09-18 04:00:00,2026-09-18 04:30:00,SHORT,2.9,FAVORABLE,19.05,FAVORABLE,15.18,N,0.0,N,N,,MARKET-SIDE,121
2026-09-18,S4V2,2026-09-18 04:30:00,2026-09-18 05:30:00,LONG,2.85,UNFAVORABLE,4.9,UNFAVORABLE,-3.01,N,0.0,N,N,,MARKET-SIDE,122
2026-09-18,S4V2,2026-09-18 05:30:00,2026-09-18 06:30:00,SHORT,6.35,FAVORABLE,0.8,UNFAVORABLE,-8.11,N,0.0,N,N,ENGINE_RESTART,SYSTEM-SIDE,11
2026-09-18,S4V2,2026-09-18 07:00:00,2026-09-18 11:00:00,LONG,8.6,UNFAVORABLE,9.4,FAVORABLE,13.95,N,0.0,N,N,ENGINE_RESTART,SYSTEM-SIDE,12
2026-09-18,S4V2,2026-09-18 11:00:00,2026-09-18 13:00:00,SHORT,8.65,UNFAVORABLE,4.5,FAVORABLE,12.25,N,0.0,N,N,ENGINE_RESTART,SYSTEM-SIDE,13
2026-09-18,S4V2,2026-09-18 13:30:00,2026-09-18 15:30:00,LONG,0.0,-,0.0,-,0.0,N,0.0,Y,N,ENGINE_RESTART,SYSTEM-SIDE,14
2026-09-18,S4V2,2026-09-18 15:30:00,2026-09-18 16:00:00,SHORT,5.06,UNFAVORABLE,19.9,FAVORABLE,24.39,N,0.0,N,N,,MARKET-SIDE,123
2026-09-18,S4V2,2026-09-18 16:00:00,2026-09-18 16:30:00,LONG,5.7,FAVORABLE,9.16,FAVORABLE,2.89,N,0.0,N,N,,MARKET-SIDE,124
2026-09-18,S4V2,2026-09-18 16:30:00,2026-09-18 17:30:00,SHORT,10.31,UNFAVORABLE,10.05,FAVORABLE,19.79,N,0.0,N,N,,MARKET-SIDE,125
2026-09-18,S4V2,2026-09-18 17:30:00,2026-09-18 18:30:00,LONG,3.9,FAVORABLE,5.4,UNFAVORABLE,-9.86,N,0.0,N,N,,MARKET-SIDE,126
2026-09-18,S4V2,2026-09-18 18:30:00,2026-09-18 19:00:00,SHORT,5.4,FAVORABLE,21.3,FAVORABLE,15.36,N,0.0,N,N,,MARKET-SIDE,127
2026-09-18,S4V2,2026-09-18 19:00:00,2026-09-18 20:00:00,LONG,19.55,UNFAVORABLE,8.8,FAVORABLE,27.81,N,0.0,N,N,,MARKET-SIDE,128
2026-09-18,S4V2,2026-09-18 20:00:00,2026-09-18 20:30:00,SHORT,8.8,UNFAVORABLE,1.2,FAVORABLE,9.46,N,0.0,N,N,,MARKET-SIDE,129
2026-09-18,S4V2,2026-09-18 21:30:00,2026-09-18 23:00:00,LONG,2.15,UNFAVORABLE,10.0,FAVORABLE,11.61,N,0.0,N,N,,MARKET-SIDE,130
2026-09-18,S4V2,2026-09-18 23:00:00,2026-09-19 00:00:00,SHORT,9.2,UNFAVORABLE,7.75,FAVORABLE,16.4,N,0.0,N,N,,MARKET-SIDE,131
2026-09-19,S4V2,2026-09-19 00:00:00,2026-09-19 01:00:00,LONG,4.85,UNFAVORABLE,23.75,FAVORABLE,24.94,N,0.0,N,N,,MARKET-SIDE,132
2026-09-19,S4V2,2026-09-19 01:00:00,2026-09-19 02:00:00,SHORT,22.3,UNFAVORABLE,1.05,UNFAVORABLE,20.36,N,0.0,N,N,,MARKET-SIDE,133
2026-09-18,S4V3,2026-09-18 20:00:00,2026-09-19 00:00:00,SHORT,0.0,-,0.0,-,0.0,N,0.0,Y,N,,UNEXPLAINED,7
2026-09-19,S4,2026-09-19 00:00:00,2026-09-19 02:00:00,LONG,26.45,UNFAVORABLE,3.5,FAVORABLE,29.05,N,0.0,N,N,,MARKET-SIDE,39
2026-09-19,S4,2026-09-19 02:00:00,2026-09-19 08:00:00,SHORT,3.5,UNFAVORABLE,8.9,FAVORABLE,11.87,N,0.0,N,N,ENGINE_RESTART,SYSTEM-SIDE,11
2026-09-19,S4,2026-09-19 08:00:00,2026-09-19 16:00:00,LONG,4.2,UNFAVORABLE,3.1,FAVORABLE,5.5,N,0.0,N,N,ENGINE_RESTART,SYSTEM-SIDE,12
2026-09-19,S4,2026-09-19 16:00:00,2026-09-19 22:00:00,SHORT,3.75,UNFAVORABLE,0.35,FAVORABLE,2.3,N,0.0,N,N,,MARKET-SIDE,40
2026-09-19,S4,2026-09-19 22:00:00,2026-09-20 00:00:00,LONG,1.5,FAVORABLE,1.95,FAVORABLE,-0.08,N,0.0,N,N,,MARKET-SIDE,41
2026-09-19,S4V2,2026-09-19 03:00:00,2026-09-19 07:00:00,SHORT,8.15,UNFAVORABLE,0.1,FAVORABLE,7.71,N,0.0,N,N,,MARKET-SIDE,134
2026-09-19,S4V2,2026-09-19 08:00:00,2026-09-19 10:00:00,LONG,0.0,-,0.0,-,0.0,N,0.0,Y,N,ENGINE_RESTART,SYSTEM-SIDE,15
2026-09-19,S4V2,2026-09-19 14:00:00,2026-09-19 17:00:00,LONG,0.0,-,0.0,-,0.0,N,0.0,Y,N,ENGINE_RESTART,SYSTEM-SIDE,16
2026-09-19,S4V2,2026-09-19 17:00:00,2026-09-19 22:30:00,SHORT,13.35,UNFAVORABLE,5.25,FAVORABLE,14.5,N,0.0,N,N,,MARKET-SIDE,135
2026-09-19,S4V2,2026-09-19 22:30:00,2026-09-20 01:00:00,LONG,0.65,UNFAVORABLE,1.75,FAVORABLE,1.87,N,0.0,N,N,,MARKET-SIDE,136
2026-09-20,S4V2,2026-09-20 01:00:00,2026-09-20 03:30:00,SHORT,3.45,FAVORABLE,2.3,FAVORABLE,-6.7,N,0.0,N,N,,MARKET-SIDE,137
2026-09-20,S4V2,2026-09-20 03:30:00,2026-09-20 04:00:00,LONG,4.05,UNFAVORABLE,5.55,UNFAVORABLE,-2.12,N,0.0,N,N,,MARKET-SIDE,138
2026-09-20,S4V2,2026-09-20 05:00:00,2026-09-20 06:00:00,LONG,2.1,UNFAVORABLE,2.2,UNFAVORABLE,-0.71,N,0.0,N,N,,MARKET-SIDE,139
2026-09-20,S4V2,2026-09-20 08:30:00,2026-09-20 09:30:00,SHORT,4.4,UNFAVORABLE,4.3,FAVORABLE,8.07,N,0.0,N,N,,MARKET-SIDE,140
2026-09-20,S4V2,2026-09-20 09:30:00,2026-09-20 10:00:00,LONG,6.2,UNFAVORABLE,4.5,UNFAVORABLE,1.08,N,0.0,N,N,,MARKET-SIDE,141
2026-09-20,S4V2,2026-09-20 11:30:00,2026-09-20 12:00:00,LONG,0.95,FAVORABLE,2.35,UNFAVORABLE,-3.92,N,0.0,N,N,,MARKET-SIDE,142
2026-09-20,S4V2,2026-09-20 12:30:00,2026-09-20 17:00:00,LONG,1.15,UNFAVORABLE,1.35,FAVORABLE,-3.96,N,0.0,N,N,,MARKET-SIDE,143
2026-09-20,S4V2,2026-09-20 17:00:00,2026-09-20 18:00:00,SHORT,0.25,FAVORABLE,1.0,FAVORABLE,0.22,N,0.0,N,N,,MARKET-SIDE,144
2026-09-20,S4V2,2026-09-20 18:30:00,2026-09-20 19:00:00,SHORT,10.85,UNFAVORABLE,0.2,FAVORABLE,10.51,N,0.0,N,N,,MARKET-SIDE,145
2026-09-20,S4V2,2026-09-20 21:00:00,2026-09-20 22:00:00,SHORT,15.3,UNFAVORABLE,17.2,FAVORABLE,31.95,N,0.0,N,N,,MARKET-SIDE,146
2026-09-20,S4V2,2026-09-20 22:00:00,2026-09-21 00:30:00,LONG,12.4,UNFAVORABLE,0.05,UNFAVORABLE,7.33,N,0.0,N,N,,MARKET-SIDE,147
2026-09-21,S4V2,2026-09-21 00:30:00,2026-09-21 02:00:00,SHORT,2.85,FAVORABLE,25.8,FAVORABLE,19.33,N,0.0,N,N,,MARKET-SIDE,148
2026-09-21,S4V2,2026-09-21 02:00:00,2026-09-21 02:30:00,LONG,21.2,UNFAVORABLE,2.65,UNFAVORABLE,18.04,N,0.0,N,N,,MARKET-SIDE,149
2026-09-19,S4V3,2026-09-19 16:00:00,2026-09-20 08:00:00,SHORT,0.0,-,0.0,-,0.0,N,0.0,Y,N,,UNEXPLAINED,8
2026-09-20,S4,2026-09-20 00:00:00,2026-09-20 08:00:00,SHORT,2.43,UNFAVORABLE,0.3,UNFAVORABLE,-3.88,N,0.0,N,N,,MARKET-SIDE,42
2026-09-20,S4,2026-09-20 08:00:00,2026-09-20 20:00:00,LONG,1.6,UNFAVORABLE,8.45,FAVORABLE,4.95,N,0.0,N,N,,MARKET-SIDE,43
2026-09-20,S4,2026-09-20 20:00:00,2026-09-20 22:00:00,SHORT,6.75,UNFAVORABLE,13.95,FAVORABLE,20.15,N,0.0,N,N,,MARKET-SIDE,44
2026-09-20,S4,2026-09-20 22:00:00,2026-09-21 00:00:00,LONG,9.65,UNFAVORABLE,7.45,FAVORABLE,16.56,N,0.0,N,N,,MARKET-SIDE,45
2026-09-21,S4,2026-09-21 00:00:00,2026-09-21 02:00:00,SHORT,5.65,UNFAVORABLE,20.05,FAVORABLE,25.17,N,0.0,N,N,,MARKET-SIDE,46
2026-09-21,S4,2026-09-21 02:00:00,2026-09-22 00:00:00,LONG,16.55,UNFAVORABLE,83.6,FAVORABLE,48.0,N,0.0,N,N,ENGINE_RESTART,SYSTEM-SIDE,13
2026-09-22,S4,2026-09-22 00:00:00,2026-09-22 02:00:00,SHORT,83.7,UNFAVORABLE,2.15,FAVORABLE,79.5,N,0.0,N,N,,MARKET-SIDE,47
2026-09-21,S4V2,2026-09-21 03:00:00,2026-09-21 04:00:00,LONG,2.8,UNFAVORABLE,2.5,FAVORABLE,4.79,N,0.0,N,N,,MARKET-SIDE,150
2026-09-21,S4V2,2026-09-21 04:00:00,2026-09-21 04:30:00,SHORT,5.35,UNFAVORABLE,0.35,UNFAVORABLE,4.48,N,0.0,N,N,,MARKET-SIDE,151
2026-09-21,S4V2,2026-09-21 04:30:00,2026-09-21 06:30:00,LONG,0.35,FAVORABLE,4.7,FAVORABLE,2.11,N,0.0,N,N,,MARKET-SIDE,152
2026-09-21,S4V2,2026-09-21 06:30:00,2026-09-21 07:30:00,SHORT,4.35,UNFAVORABLE,2.7,UNFAVORABLE,1.18,N,0.0,N,N,ENGINE_RESTART,SYSTEM-SIDE,17
2026-09-21,S4V2,2026-09-21 08:00:00,2026-09-21 10:00:00,LONG,42.0,UNFAVORABLE,6.45,FAVORABLE,22.5,N,0.0,N,N,ENGINE_RESTART,SYSTEM-SIDE,18
2026-09-21,S4V2,2026-09-21 10:00:00,2026-09-21 11:00:00,SHORT,7.05,UNFAVORABLE,67.5,FAVORABLE,74.44,N,0.0,N,N,ENGINE_RESTART,SYSTEM-SIDE,19
2026-09-21,S4V2,2026-09-21 11:00:00,2026-09-21 13:00:00,LONG,49.1,UNFAVORABLE,9.5,UNFAVORABLE,32.45,N,0.0,N,N,,MARKET-SIDE,153
2026-09-21,S4V2,2026-09-21 13:00:00,2026-09-21 13:30:00,SHORT,27.1,FAVORABLE,5.6,FAVORABLE,-4.63,N,0.0,N,N,ENGINE_RESTART,SYSTEM-SIDE,20
2026-09-21,S4V2,2026-09-21 13:30:00,2026-09-21 20:30:00,LONG,0.0,-,0.0,-,0.0,N,0.0,Y,N,ENGINE_RESTART,SYSTEM-SIDE,21
2026-09-21,S4V2,2026-09-21 20:30:00,2026-09-21 23:30:00,SHORT,10.75,UNFAVORABLE,2.0,FAVORABLE,8.83,N,0.0,N,N,,MARKET-SIDE,154
2026-09-21,S4V2,2026-09-21 23:30:00,2026-09-22 00:00:00,LONG,1.45,FAVORABLE,11.05,FAVORABLE,9.7,N,0.0,N,N,,MARKET-SIDE,155
2026-09-22,S4V2,2026-09-22 00:00:00,2026-09-22 02:00:00,SHORT,6.85,UNFAVORABLE,1.15,UNFAVORABLE,-0.14,N,0.0,N,N,,MARKET-SIDE,156
2026-09-22,S4,2026-09-22 02:00:00,2026-09-22 04:00:00,LONG,1.9,UNFAVORABLE,14.65,FAVORABLE,16.54,N,0.0,N,N,,MARKET-SIDE,48
2026-09-22,S4,2026-09-22 04:00:00,2026-09-22 08:00:00,SHORT,2.55,UNFAVORABLE,57.0,FAVORABLE,59.56,N,0.0,N,N,,MARKET-SIDE,49
2026-09-22,S4,2026-09-22 08:00:00,2026-09-22 10:00:00,LONG,57.35,UNFAVORABLE,5.0,FAVORABLE,56.97,N,0.0,N,N,ENGINE_RESTART,SYSTEM-SIDE,14
2026-09-22,S4,2026-09-22 10:00:00,2026-09-22 12:00:00,SHORT,5.3,UNFAVORABLE,3.45,UNFAVORABLE,1.89,N,0.0,N,N,ENGINE_RESTART,SYSTEM-SIDE,15
2026-09-22,S4,2026-09-22 12:00:00,2026-09-22 18:00:00,LONG,0.0,-,0.0,-,0.0,N,0.0,Y,N,ENGINE_RESTART,SYSTEM-SIDE,16
2026-09-22,S4,2026-09-22 18:00:00,2026-09-23 00:00:00,SHORT,22.65,UNFAVORABLE,10.85,FAVORABLE,33.2,N,0.0,N,N,,MARKET-SIDE,50
2026-09-22,S4V2,2026-09-22 02:00:00,2026-09-22 03:00:00,LONG,0.75,FAVORABLE,3.65,FAVORABLE,2.9,N,0.0,N,N,,MARKET-SIDE,157
2026-09-22,S4V2,2026-09-22 03:30:00,2026-09-22 04:00:00,LONG,2.4,FAVORABLE,2.45,FAVORABLE,0.04,N,0.0,N,N,,MARKET-SIDE,158
2026-09-22,S4V2,2026-09-22 05:00:00,2026-09-22 05:30:00,SHORT,23.45,UNFAVORABLE,5.8,FAVORABLE,29.2,N,0.0,N,N,,MARKET-SIDE,159
2026-09-22,S4V2,2026-09-22 05:30:00,2026-09-22 07:00:00,LONG,8.3,UNFAVORABLE,1.75,UNFAVORABLE,6.51,N,0.0,N,N,,MARKET-SIDE,160
2026-09-22,S4V2,2026-09-22 08:00:00,2026-09-22 09:00:00,LONG,2.95,FAVORABLE,15.25,FAVORABLE,7.33,N,0.0,N,N,,MARKET-SIDE,161
2026-09-22,S4V2,2026-09-22 09:00:00,2026-09-22 09:30:00,SHORT,15.25,UNFAVORABLE,6.75,FAVORABLE,22.03,N,0.0,N,N,,MARKET-SIDE,162
2026-09-22,S4V2,2026-09-22 09:30:00,2026-09-22 10:00:00,LONG,14.1,UNFAVORABLE,28.55,FAVORABLE,42.69,N,0.0,N,N,ENGINE_RESTART,SYSTEM-SIDE,22
2026-09-22,S4V2,2026-09-22 10:00:00,2026-09-22 11:00:00,SHORT,28.7,UNFAVORABLE,12.55,FAVORABLE,40.45,N,0.0,N,N,ENGINE_RESTART,SYSTEM-SIDE,23
2026-09-22,S4V2,2026-09-22 12:00:00,2026-09-22 13:00:00,LONG,0.0,-,0.0,-,0.0,N,0.0,Y,N,ENGINE_RESTART,SYSTEM-SIDE,24
2026-09-22,S4V2,2026-09-22 13:00:00,2026-09-22 13:30:00,SHORT,7.25,FAVORABLE,48.4,FAVORABLE,41.21,N,0.0,N,N,ENGINE_RESTART,SYSTEM-SIDE,25
2026-09-22,S4V2,2026-09-22 13:30:00,2026-09-22 14:00:00,LONG,43.95,UNFAVORABLE,33.3,FAVORABLE,74.63,N,0.0,N,N,ENGINE_RESTART,SYSTEM-SIDE,26
2026-09-22,S4V2,2026-09-22 14:00:00,2026-09-22 14:30:00,SHORT,32.95,UNFAVORABLE,22.0,FAVORABLE,54.17,N,0.0,N,N,ENGINE_RESTART,SYSTEM-SIDE,27
2026-09-22,S4V2,2026-09-22 14:30:00,2026-09-22 16:00:00,LONG,14.65,UNFAVORABLE,13.65,FAVORABLE,27.99,N,0.0,N,N,,MARKET-SIDE,163
2026-09-22,S4V2,2026-09-22 16:00:00,2026-09-22 16:30:00,SHORT,6.1,UNFAVORABLE,24.2,FAVORABLE,30.37,N,0.0,N,N,,MARKET-SIDE,164
2026-09-22,S4V2,2026-09-22 16:30:00,2026-09-22 18:00:00,LONG,16.65,UNFAVORABLE,12.75,FAVORABLE,28.65,N,0.0,N,N,,MARKET-SIDE,165
2026-09-22,S4V2,2026-09-22 18:00:00,2026-09-22 18:30:00,SHORT,12.75,UNFAVORABLE,7.0,FAVORABLE,19.83,N,0.0,N,N,,MARKET-SIDE,166
2026-09-22,S4V2,2026-09-22 18:30:00,2026-09-22 19:30:00,LONG,5.35,UNFAVORABLE,11.5,FAVORABLE,16.93,N,0.0,N,N,,MARKET-SIDE,167
2026-09-22,S4V2,2026-09-22 19:30:00,2026-09-22 20:00:00,SHORT,12.55,UNFAVORABLE,6.45,FAVORABLE,19.07,N,0.0,N,N,,MARKET-SIDE,168
2026-09-22,S4V2,2026-09-22 20:00:00,2026-09-22 20:30:00,LONG,1.6,UNFAVORABLE,4.05,UNFAVORABLE,-2.38,N,0.0,N,N,,MARKET-SIDE,169
2026-09-22,S4V2,2026-09-22 20:30:00,2026-09-23 00:00:00,SHORT,4.4,FAVORABLE,18.9,FAVORABLE,14.58,N,0.0,N,N,,MARKET-SIDE,170
2026-09-23,S4V2,2026-09-23 00:00:00,2026-09-23 01:30:00,LONG,20.25,UNFAVORABLE,7.8,FAVORABLE,27.31,N,0.0,N,N,,MARKET-SIDE,171
2026-09-23,S4V2,2026-09-23 01:30:00,2026-09-23 02:00:00,SHORT,4.55,UNFAVORABLE,12.1,FAVORABLE,16.74,N,0.0,N,N,,MARKET-SIDE,172
2026-09-22,S4V3,2026-09-22 00:00:00,2026-09-22 08:00:00,SHORT,75.75,UNFAVORABLE,110.15,FAVORABLE,176.38,N,0.0,N,N,CONFIRMATION_LAG,SYSTEM-SIDE,1
2026-09-22,S4V3,2026-09-22 16:00:00,2026-09-23 00:00:00,SHORT,0.0,-,0.0,-,0.0,N,0.0,Y,N,,UNEXPLAINED,9
2026-09-23,S4,2026-09-23 00:00:00,2026-09-23 04:00:00,LONG,5.05,UNFAVORABLE,5.9,FAVORABLE,9.75,N,0.0,N,N,,MARKET-SIDE,51
2026-09-23,S4V2,2026-09-23 02:00:00,2026-09-23 05:00:00,LONG,4.6,UNFAVORABLE,20.5,FAVORABLE,21.62,N,0.0,N,N,,MARKET-SIDE,173
2026-09-23,S4V2,2026-09-23 05:00:00,2026-09-23 10:30:00,SHORT,20.5,UNFAVORABLE,32.15,UNFAVORABLE,-20.7,N,0.0,N,N,ENGINE_RESTART,SYSTEM-SIDE,28
2026-09-23,S4V2,2026-09-23 10:30:00,2026-09-23 11:00:00,LONG,0.0,-,0.0,-,0.0,N,0.0,Y,Y,CLOSE_FAILED_GENUINE_THIN_LIQUIDITY|ENGINE_RESTART,SYSTEM-SIDE,1
2026-09-23,S4V2,2026-09-23 11:00:00,2026-09-23 11:30:00,SHORT,0.0,-,0.0,-,0.0,N,0.0,Y,Y,CLOSE_FAILED_GENUINE_THIN_LIQUIDITY|ENGINE_RESTART,SYSTEM-SIDE,2
2026-09-23,S4V2,2026-09-23 11:30:00,2026-09-23 12:00:00,LONG,0.0,-,0.0,-,0.0,N,0.0,Y,Y,CLOSE_FAILED_GENUINE_THIN_LIQUIDITY|ENTRY_BAND_ABANDONED,SYSTEM-SIDE,1
2026-09-23,S4,2026-09-23 04:00:00,2026-09-23 12:00:00,SHORT,7.15,UNFAVORABLE,107.75,UNFAVORABLE,-106.96,N,0.0,N,N,ENGINE_RESTART|CONFIRMATION_LAG,SYSTEM-SIDE,1
2026-09-23,S4,2026-09-23 12:00:00,2026-09-23 14:00:00,LONG,0.0,-,0.0,-,0.0,N,0.0,Y,N,ENGINE_RESTART,SYSTEM-SIDE,17
2026-09-23,S4,2026-09-23 14:00:00,2026-09-23 16:00:00,SHORT,0.0,-,0.0,-,0.0,N,0.0,Y,N,,UNEXPLAINED,56
2026-09-23,S4,2026-09-23 16:00:00,2026-09-23 22:00:00,LONG,0.0,-,0.0,-,0.0,N,0.0,Y,N,,UNEXPLAINED,56
2026-09-24,S4,2026-09-24 00:00:00,2026-09-24 06:00:00,SHORT,0.0,-,0.0,-,0.0,N,0.0,Y,N,,UNEXPLAINED,60
2026-09-23,S4V2,2026-09-23 13:00:00,2026-09-23 14:00:00,LONG,0.0,-,0.0,-,0.0,N,0.0,Y,N,,UNEXPLAINED,194
2026-09-23,S4V2,2026-09-23 14:00:00,2026-09-23 14:30:00,SHORT,0.0,-,0.0,-,0.0,N,0.0,Y,N,,UNEXPLAINED,194
2026-09-23,S4V2,2026-09-23 14:30:00,2026-09-23 15:30:00,LONG,0.0,-,0.0,-,0.0,N,0.0,Y,N,,UNEXPLAINED,194
2026-09-23,S4V2,2026-09-23 15:30:00,2026-09-23 16:00:00,SHORT,0.0,-,0.0,-,0.0,N,0.0,Y,N,,UNEXPLAINED,194
2026-09-23,S4V2,2026-09-23 16:00:00,2026-09-23 16:30:00,LONG,0.0,-,0.0,-,0.0,N,0.0,Y,N,,UNEXPLAINED,194
2026-09-23,S4V2,2026-09-23 16:30:00,2026-09-23 17:30:00,SHORT,0.0,-,0.0,-,0.0,N,0.0,Y,N,,UNEXPLAINED,194
2026-09-23,S4V2,2026-09-23 17:30:00,2026-09-23 18:00:00,LONG,0.0,-,0.0,-,0.0,N,0.0,Y,N,,UNEXPLAINED,194
2026-09-23,S4V2,2026-09-23 18:00:00,2026-09-23 18:30:00,SHORT,0.0,-,0.0,-,0.0,N,0.0,Y,N,,UNEXPLAINED,194
2026-09-23,S4V2,2026-09-23 18:30:00,2026-09-23 20:00:00,LONG,0.0,-,0.0,-,0.0,N,0.0,Y,N,,UNEXPLAINED,194
2026-09-23,S4V2,2026-09-23 20:00:00,2026-09-23 21:00:00,SHORT,0.0,-,0.0,-,0.0,N,0.0,Y,N,,UNEXPLAINED,194
2026-09-23,S4V2,2026-09-23 21:00:00,2026-09-23 23:30:00,LONG,0.0,-,0.0,-,0.0,N,0.0,Y,N,,UNEXPLAINED,194
2026-09-23,S4V2,2026-09-23 23:30:00,2026-09-24 02:30:00,SHORT,0.0,-,0.0,-,0.0,N,0.0,Y,N,ENTRY_BAND_ABANDONED,SYSTEM-SIDE,1
2026-09-24,S4V2,2026-09-24 02:30:00,2026-09-24 03:00:00,LONG,0.0,-,0.0,-,0.0,N,0.0,Y,N,ENTRY_BAND_ABANDONED,SYSTEM-SIDE,2
2026-09-23,S4V3,2026-09-23 04:00:00,2026-09-23 16:00:00,SHORT,0.0,-,0.0,-,0.0,N,0.0,Y,N,ENGINE_RESTART,SYSTEM-SIDE,5
2026-09-24,S4,2026-09-24 06:00:00,2026-09-24 08:00:00,LONG,0.0,-,0.0,-,0.0,N,0.0,Y,N,ENTRY_BAND_ABANDONED,SYSTEM-SIDE,1
2026-09-24,S4,2026-09-24 08:00:00,2026-09-24 10:00:00,SHORT,0.0,-,0.0,-,0.0,N,0.0,Y,N,ENTRY_BAND_ABANDONED,SYSTEM-SIDE,2
2026-09-24,S4,2026-09-24 10:00:00,2026-09-24 16:00:00,LONG,0.0,-,0.0,-,0.0,N,0.0,Y,N,ENGINE_RESTART,SYSTEM-SIDE,18
2026-09-24,S4V2,2026-09-24 03:00:00,2026-09-24 04:30:00,SHORT,0.0,-,0.0,-,0.0,N,0.0,Y,N,,UNEXPLAINED,205
2026-09-24,S4V2,2026-09-24 04:30:00,2026-09-24 05:30:00,LONG,0.0,-,0.0,-,0.0,N,0.0,Y,N,,UNEXPLAINED,205
2026-09-24,S4V2,2026-09-24 05:30:00,2026-09-24 06:00:00,SHORT,0.0,-,0.0,-,0.0,N,0.0,Y,N,,UNEXPLAINED,205
2026-09-24,S4V2,2026-09-24 06:00:00,2026-09-24 06:30:00,LONG,0.0,-,0.0,-,0.0,N,0.0,Y,N,,UNEXPLAINED,205
2026-09-24,S4V2,2026-09-24 07:00:00,2026-09-24 08:00:00,LONG,0.0,-,0.0,-,0.0,N,0.0,Y,N,,UNEXPLAINED,205
2026-09-24,S4V2,2026-09-24 08:00:00,2026-09-24 10:30:00,SHORT,0.0,-,0.0,-,0.0,N,0.0,Y,N,ENTRY_BAND_ABANDONED,SYSTEM-SIDE,3
2026-09-24,S4V2,2026-09-24 10:30:00,2026-09-24 14:30:00,LONG,0.0,-,0.0,-,0.0,N,0.0,Y,N,ENTRY_BAND_ABANDONED|BOT_RESTART|ENGINE_RESTART,SYSTEM-SIDE,1
2026-09-24,S4V2,2026-09-24 14:30:00,2026-09-24 15:00:00,SHORT,108.9,UNFAVORABLE,34.6,FAVORABLE,135.1,N,0.0,N,N,,MARKET-SIDE,190
2026-09-24,S4,2026-09-24 16:00:00,2026-09-24 18:00:00,SHORT,0.0,-,0.0,-,0.0,N,0.0,Y,N,ENGINE_RESTART,SYSTEM-SIDE,19
2026-09-24,S4,2026-09-24 18:00:00,2026-09-24 20:00:00,LONG,17.55,UNFAVORABLE,2.8,UNFAVORABLE,14.6,N,0.0,N,N,ENGINE_RESTART,SYSTEM-SIDE,20
2026-09-24,S4,2026-09-24 20:00:00,2026-09-24 22:00:00,SHORT,1.6,FAVORABLE,2.85,UNFAVORABLE,-4.61,N,0.0,N,N,,MARKET-SIDE,55
2026-09-24,S4,2026-09-24 22:00:00,2026-09-25 02:00:00,LONG,2.85,FAVORABLE,11.55,FAVORABLE,8.54,N,0.0,N,N,,MARKET-SIDE,56
2026-09-24,S4V2,2026-09-24 15:00:00,2026-09-24 16:30:00,LONG,33.4,UNFAVORABLE,8.9,FAVORABLE,35.78,N,0.0,N,N,ENGINE_RESTART,SYSTEM-SIDE,29
2026-09-24,S4V2,2026-09-24 16:30:00,2026-09-24 18:00:00,SHORT,13.75,UNFAVORABLE,19.9,FAVORABLE,31.75,N,0.0,N,N,ENGINE_RESTART,SYSTEM-SIDE,30
2026-09-24,S4V2,2026-09-24 18:00:00,2026-09-24 19:30:00,LONG,15.75,UNFAVORABLE,10.55,FAVORABLE,25.32,N,0.0,N,N,ENGINE_RESTART,SYSTEM-SIDE,31
2026-09-24,S4V2,2026-09-24 19:30:00,2026-09-24 21:00:00,SHORT,7.15,UNFAVORABLE,1.95,UNFAVORABLE,5.05,N,0.0,N,N,,MARKET-SIDE,191
2026-09-24,S4V2,2026-09-24 21:30:00,2026-09-24 22:30:00,SHORT,2.8,FAVORABLE,2.05,UNFAVORABLE,-5.01,N,0.0,N,N,,MARKET-SIDE,192
2026-09-24,S4V2,2026-09-24 23:00:00,2026-09-25 01:00:00,LONG,9.25,UNFAVORABLE,5.1,UNFAVORABLE,3.64,N,0.0,N,N,,MARKET-SIDE,193
2026-09-25,S4V2,2026-09-25 01:30:00,2026-09-25 02:30:00,LONG,0.2,FAVORABLE,31.8,FAVORABLE,31.45,N,0.0,N,N,,MARKET-SIDE,194
2026-09-23,S4V3,2026-09-23 20:00:00,2026-09-24 04:00:00,SHORT,0.0,-,0.0,-,0.0,N,0.0,Y,N,,UNEXPLAINED,11
2026-09-24,S4V3,2026-09-24 08:00:00,2026-09-24 12:00:00,SHORT,0.0,-,0.0,-,0.0,N,0.0,Y,N,,UNEXPLAINED,13
2026-09-25,S4,2026-09-25 02:00:00,2026-09-25 08:00:00,SHORT,10.5,UNFAVORABLE,42.85,FAVORABLE,51.45,N,0.0,N,N,,MARKET-SIDE,57
2026-09-25,S4,2026-09-25 08:00:00,2026-09-25 12:00:00,LONG,42.85,UNFAVORABLE,0.0,FAVORABLE,40.96,N,0.0,N,N,ENGINE_RESTART,SYSTEM-SIDE,21
2026-09-25,S4,2026-09-25 12:00:00,2026-09-25 18:00:00,SHORT,0.0,-,0.0,-,0.0,N,0.0,Y,N,ENGINE_RESTART,SYSTEM-SIDE,22
2026-09-25,S4,2026-09-25 18:00:00,2026-09-25 20:00:00,LONG,0.0,-,0.0,-,0.0,N,0.0,Y,N,,UNEXPLAINED,65
2026-09-25,S4,2026-09-25 20:00:00,2026-09-25 22:00:00,SHORT,0.25,UNFAVORABLE,20.75,FAVORABLE,20.79,N,0.0,N,N,,MARKET-SIDE,59
2026-09-25,S4,2026-09-25 22:00:00,2026-09-26 02:00:00,LONG,20.5,UNFAVORABLE,4.1,FAVORABLE,24.4,N,0.0,N,N,,MARKET-SIDE,60
2026-09-25,S4V2,2026-09-25 02:30:00,2026-09-25 08:00:00,SHORT,34.45,UNFAVORABLE,26.05,FAVORABLE,57.67,N,0.0,N,N,,MARKET-SIDE,195
2026-09-25,S4V2,2026-09-25 08:00:00,2026-09-25 09:30:00,LONG,26.85,UNFAVORABLE,3.9,FAVORABLE,27.02,N,0.0,N,N,,MARKET-SIDE,196
2026-09-25,S4V2,2026-09-25 09:30:00,2026-09-25 10:00:00,SHORT,3.9,UNFAVORABLE,3.35,FAVORABLE,7.13,N,0.0,N,N,ENGINE_RESTART,SYSTEM-SIDE,32
2026-09-25,S4V2,2026-09-25 11:00:00,2026-09-25 11:30:00,LONG,1.6,FAVORABLE,16.9,FAVORABLE,15.18,N,0.0,N,N,ENGINE_RESTART,SYSTEM-SIDE,33
2026-09-25,S4V2,2026-09-25 11:30:00,2026-09-25 14:30:00,SHORT,17.95,UNFAVORABLE,19.75,FAVORABLE,28.88,N,0.0,N,N,,MARKET-SIDE,197
2026-09-25,S4V2,2026-09-25 14:30:00,2026-09-25 15:00:00,LONG,22.05,UNFAVORABLE,8.85,FAVORABLE,30.69,N,0.0,N,N,,MARKET-SIDE,198
2026-09-25,S4V2,2026-09-25 15:00:00,2026-09-25 16:00:00,SHORT,11.4,FAVORABLE,10.75,FAVORABLE,-0.86,N,0.0,N,N,,MARKET-SIDE,199
2026-09-25,S4V2,2026-09-25 16:00:00,2026-09-25 16:30:00,LONG,9.55,UNFAVORABLE,0.0,FAVORABLE,9.34,N,0.0,N,N,,MARKET-SIDE,200
2026-09-25,S4V2,2026-09-25 16:30:00,2026-09-25 18:00:00,SHORT,4.1,UNFAVORABLE,11.95,UNFAVORABLE,-8.08,N,0.0,N,N,ENGINE_RESTART,SYSTEM-SIDE,34
2026-09-25,S4V2,2026-09-25 18:00:00,2026-09-25 20:30:00,LONG,0.0,-,0.0,-,0.0,N,0.0,Y,N,,UNEXPLAINED,211
2026-09-25,S4V2,2026-09-25 20:30:00,2026-09-25 22:30:00,SHORT,2.9,FAVORABLE,14.25,FAVORABLE,11.15,N,0.0,N,N,,MARKET-SIDE,202
2026-09-25,S4V2,2026-09-25 22:30:00,2026-09-26 00:00:00,LONG,14.3,UNFAVORABLE,2.15,UNFAVORABLE,11.95,N,0.0,N,N,,MARKET-SIDE,203
2026-09-26,S4V2,2026-09-26 00:00:00,2026-09-26 01:30:00,SHORT,1.65,FAVORABLE,5.9,FAVORABLE,4.05,N,0.0,N,N,,MARKET-SIDE,204
2026-09-26,S4V2,2026-09-26 01:30:00,2026-09-26 03:30:00,LONG,5.9,UNFAVORABLE,0.5,UNFAVORABLE,5.2,N,0.0,N,N,,MARKET-SIDE,205
2026-09-25,S4V3,2026-09-25 00:00:00,2026-09-25 08:00:00,SHORT,5.25,UNFAVORABLE,22.05,UNFAVORABLE,-17.82,N,0.0,N,N,,MARKET-SIDE,12
2026-09-25,S4V3,2026-09-25 12:00:00,2026-09-25 16:00:00,SHORT,0.0,-,0.0,-,0.0,N,0.0,Y,N,,UNEXPLAINED,14
2026-09-26,S4,2026-09-26 02:00:00,2026-09-26 06:00:00,SHORT,4.1,UNFAVORABLE,9.36,FAVORABLE,13.26,N,0.0,N,N,,MARKET-SIDE,61
2026-09-26,S4,2026-09-26 06:00:00,2026-09-26 08:00:00,LONG,9.36,UNFAVORABLE,3.75,UNFAVORABLE,5.42,N,0.0,N,N,,MARKET-SIDE,62
2026-09-26,S4,2026-09-26 08:00:00,2026-09-26 10:00:00,SHORT,3.75,FAVORABLE,20.02,FAVORABLE,-23.6,N,0.0,N,N,,MARKET-SIDE,63
2026-09-26,S4,2026-09-26 10:00:00,2026-09-26 12:00:00,LONG,20.62,UNFAVORABLE,3.35,FAVORABLE,3.91,N,0.0,N,N,ENGINE_RESTART,SYSTEM-SIDE,23
2026-09-26,S4,2026-09-26 12:00:00,2026-09-26 14:00:00,SHORT,5.47,UNFAVORABLE,13.44,FAVORABLE,18.71,N,0.0,N,N,,MARKET-SIDE,64
2026-09-26,S4,2026-09-26 14:00:00,2026-09-26 18:00:00,LONG,13.45,UNFAVORABLE,1.85,FAVORABLE,15.11,N,0.0,N,N,,MARKET-SIDE,65
2026-09-26,S4,2026-09-26 18:00:00,2026-09-26 20:00:00,SHORT,1.9,UNFAVORABLE,4.45,FAVORABLE,6.16,N,0.0,N,N,ENGINE_RESTART,SYSTEM-SIDE,24
2026-09-26,S4V2,2026-09-26 03:30:00,2026-09-26 07:00:00,SHORT,1.66,FAVORABLE,0.75,UNFAVORABLE,-2.61,N,0.0,N,N,,MARKET-SIDE,206
2026-09-26,S4V2,2026-09-26 07:00:00,2026-09-26 09:00:00,LONG,0.75,FAVORABLE,0.4,UNFAVORABLE,-1.35,N,0.0,N,N,,MARKET-SIDE,207
2026-09-26,S4V2,2026-09-26 09:00:00,2026-09-26 10:00:00,SHORT,0.0,-,0.0,-,0.0,N,0.0,Y,N,,UNEXPLAINED,224
2026-09-26,S4V2,2026-09-26 10:00:00,2026-09-26 12:30:00,LONG,0.0,-,0.0,-,0.0,N,0.0,Y,N,ENGINE_RESTART,SYSTEM-SIDE,35
2026-09-26,S4V2,2026-09-26 12:30:00,2026-09-26 15:00:00,SHORT,0.0,-,0.0,-,0.0,N,0.0,Y,N,,UNEXPLAINED,224
2026-09-26,S4V2,2026-09-26 15:30:00,2026-09-26 18:30:00,LONG,0.0,-,0.0,-,0.0,N,0.0,Y,N,,UNEXPLAINED,224
2026-09-26,S4V2,2026-09-26 18:30:00,2026-09-26 21:00:00,SHORT,0.0,-,0.0,-,0.0,N,0.0,Y,N,BOT_RESTART|ENGINE_RESTART,SYSTEM-SIDE,3
2026-09-26,S4V2,2026-09-26 21:00:00,2026-09-27 00:00:00,LONG,0.0,-,0.0,-,0.0,N,0.0,Y,N,ENTRY_BAND_ABANDONED|BOT_RESTART|ENGINE_RESTART,SYSTEM-SIDE,2
2026-09-27,S4V2,2026-09-27 00:00:00,2026-09-27 01:00:00,SHORT,1.05,FAVORABLE,0.95,UNFAVORABLE,-2.17,N,0.0,N,N,,MARKET-SIDE,211
2026-09-26,S4V3,2026-09-26 00:00:00,2026-09-26 04:00:00,SHORT,0.5,FAVORABLE,45.95,FAVORABLE,45.27,N,0.0,N,N,,MARKET-SIDE,14
2026-09-26,S4V3,2026-09-26 16:00:00,2026-09-26 20:00:00,SHORT,0.0,-,0.0,-,0.0,N,0.0,Y,N,ENGINE_RESTART,SYSTEM-SIDE,6
2026-09-26,S4,2026-09-26 20:00:00,2026-09-27 14:00:00,LONG,4.45,UNFAVORABLE,37.95,FAVORABLE,35.89,N,0.0,N,N,ENGINE_RESTART,SYSTEM-SIDE,25
2026-09-27,S4,2026-09-27 14:00:00,2026-09-27 16:00:00,SHORT,37.55,UNFAVORABLE,1.25,UNFAVORABLE,34.41,N,0.0,N,N,,MARKET-SIDE,66
2026-09-27,S4,2026-09-27 16:00:00,2026-09-27 22:00:00,LONG,1.25,FAVORABLE,36.6,FAVORABLE,35.19,N,0.0,N,N,,MARKET-SIDE,67
2026-09-27,S4V2,2026-09-27 01:00:00,2026-09-27 03:00:00,LONG,0.95,FAVORABLE,4.35,UNFAVORABLE,-5.46,N,0.0,N,N,,MARKET-SIDE,212
2026-09-27,S4V2,2026-09-27 03:00:00,2026-09-27 05:30:00,SHORT,4.35,FAVORABLE,3.57,FAVORABLE,-0.92,N,0.0,N,N,,MARKET-SIDE,213
2026-09-27,S4V2,2026-09-27 05:30:00,2026-09-27 12:30:00,LONG,25.12,UNFAVORABLE,0.4,FAVORABLE,18.75,N,0.0,N,N,ENGINE_RESTART,SYSTEM-SIDE,36
2026-09-27,S4V2,2026-09-27 12:30:00,2026-09-27 13:00:00,SHORT,0.75,UNFAVORABLE,5.45,FAVORABLE,6.1,N,0.0,N,N,,MARKET-SIDE,214
2026-09-27,S4V2,2026-09-27 13:00:00,2026-09-27 14:00:00,LONG,1.45,UNFAVORABLE,15.7,FAVORABLE,17.05,N,0.0,N,N,,MARKET-SIDE,215
2026-09-27,S4V2,2026-09-27 14:00:00,2026-09-27 17:30:00,SHORT,15.15,UNFAVORABLE,1.45,UNFAVORABLE,11.82,N,0.0,N,N,,MARKET-SIDE,216
2026-09-27,S4V2,2026-09-27 18:00:00,2026-09-27 20:00:00,LONG,12.1,UNFAVORABLE,0.0,FAVORABLE,11.98,N,0.0,N,N,,MARKET-SIDE,217
2026-09-27,S4V2,2026-09-27 20:00:00,2026-09-27 23:00:00,SHORT,4.85,FAVORABLE,5.55,FAVORABLE,-0.73,N,0.0,N,N,ENGINE_RESTART,SYSTEM-SIDE,37
2026-09-27,S4V2,2026-09-27 23:00:00,2026-09-28 00:30:00,LONG,5.55,UNFAVORABLE,52.8,FAVORABLE,56.43,N,0.0,N,N,ENGINE_RESTART,SYSTEM-SIDE,38
2026-09-27,S4V3,2026-09-27 12:00:00,2026-09-27 16:00:00,SHORT,0.0,-,0.0,-,0.0,N,0.0,Y,N,,UNEXPLAINED,15
2026-09-27,S4,2026-09-27 22:00:00,2026-09-28 10:00:00,SHORT,31.05,UNFAVORABLE,23.95,FAVORABLE,38.75,N,0.0,N,N,ENGINE_RESTART,SYSTEM-SIDE,26
2026-09-28,S4,2026-09-28 10:00:00,2026-09-28 14:00:00,LONG,25.8,UNFAVORABLE,44.15,FAVORABLE,64.21,N,0.0,N,N,,MARKET-SIDE,68
2026-09-28,S4V2,2026-09-28 00:30:00,2026-09-28 04:00:00,SHORT,49.0,UNFAVORABLE,0.2,FAVORABLE,38.94,N,0.0,N,N,,MARKET-SIDE,218
2026-09-28,S4V2,2026-09-28 04:00:00,2026-09-28 05:00:00,LONG,0.2,UNFAVORABLE,27.45,FAVORABLE,27.36,N,0.0,N,N,,MARKET-SIDE,219
2026-09-28,S4V2,2026-09-28 05:00:00,2026-09-28 05:30:00,SHORT,9.85,UNFAVORABLE,2.8,FAVORABLE,12.34,N,0.0,N,N,,MARKET-SIDE,220
2026-09-28,S4V2,2026-09-28 05:30:00,2026-09-28 06:00:00,LONG,2.8,UNFAVORABLE,1.1,FAVORABLE,3.59,N,0.0,N,N,,MARKET-SIDE,221
2026-09-28,S4V2,2026-09-28 06:30:00,2026-09-28 07:00:00,LONG,4.0,UNFAVORABLE,7.5,FAVORABLE,11.19,N,0.0,N,N,,MARKET-SIDE,222
2026-09-28,S4V2,2026-09-28 07:00:00,2026-09-28 10:00:00,SHORT,2.55,FAVORABLE,0.05,UNFAVORABLE,-2.93,N,0.0,N,N,,MARKET-SIDE,223
2026-09-28,S4V2,2026-09-28 10:00:00,2026-09-28 14:00:00,LONG,0.65,UNFAVORABLE,25.4,FAVORABLE,20.31,N,0.0,N,N,,MARKET-SIDE,224
2026-09-28,S4V2,2026-09-28 14:00:00,2026-09-28 15:30:00,SHORT,22.6,UNFAVORABLE,17.6,FAVORABLE,38.17,N,0.0,N,N,,MARKET-SIDE,225
2026-09-27,S4V3,2026-09-27 20:00:00,2026-09-28 08:00:00,SHORT,120.5,UNFAVORABLE,0.95,FAVORABLE,106.53,N,0.0,N,N,ENGINE_RESTART,SYSTEM-SIDE,7
2026-09-28,S4,2026-09-28 14:00:00,2026-09-28 16:00:00,SHORT,47.35,UNFAVORABLE,41.25,FAVORABLE,88.34,N,0.0,N,N,,MARKET-SIDE,69
2026-09-28,S4,2026-09-28 16:00:00,2026-09-28 18:00:00,LONG,31.0,UNFAVORABLE,35.45,FAVORABLE,65.38,N,0.0,N,N,,MARKET-SIDE,70
2026-09-28,S4,2026-09-28 18:00:00,2026-09-28 22:00:00,SHORT,34.5,UNFAVORABLE,12.1,FAVORABLE,43.67,N,0.0,N,N,,MARKET-SIDE,71
2026-09-28,S4,2026-09-28 22:00:00,2026-09-29 00:00:00,LONG,11.75,UNFAVORABLE,9.5,FAVORABLE,20.98,N,0.0,N,N,,MARKET-SIDE,72
2026-09-28,S4V2,2026-09-28 15:30:00,2026-09-28 16:30:00,LONG,11.4,UNFAVORABLE,12.9,FAVORABLE,19.08,N,0.0,N,N,,MARKET-SIDE,226
2026-09-28,S4V2,2026-09-28 16:30:00,2026-09-28 17:00:00,SHORT,13.7,UNFAVORABLE,6.3,FAVORABLE,19.78,N,0.0,N,N,,MARKET-SIDE,227
2026-09-28,S4V2,2026-09-28 18:30:00,2026-09-28 19:00:00,LONG,6.8,UNFAVORABLE,20.15,FAVORABLE,26.73,N,0.0,N,N,,MARKET-SIDE,228
2026-09-28,S4V2,2026-09-28 19:00:00,2026-09-28 20:00:00,SHORT,19.6,UNFAVORABLE,1.85,UNFAVORABLE,15.29,N,0.0,N,N,,MARKET-SIDE,229
2026-09-28,S4V2,2026-09-28 21:30:00,2026-09-28 22:30:00,SHORT,15.25,UNFAVORABLE,22.0,FAVORABLE,36.98,N,0.0,N,N,,MARKET-SIDE,230
2026-09-28,S4V2,2026-09-28 22:30:00,2026-09-29 00:30:00,LONG,22.0,UNFAVORABLE,16.8,FAVORABLE,38.53,N,0.0,N,N,,MARKET-SIDE,231
2026-09-29,S4V2,2026-09-29 00:30:00,2026-09-29 01:30:00,SHORT,7.6,UNFAVORABLE,10.85,FAVORABLE,15.48,N,0.0,N,N,ENGINE_RESTART,SYSTEM-SIDE,39
2026-09-29,S4V2,2026-09-29 01:30:00,2026-09-29 02:00:00,LONG,12.35,UNFAVORABLE,5.75,UNFAVORABLE,-2.73,N,0.0,N,N,,MARKET-SIDE,263
2026-09-29,S4,2026-09-29 00:00:00,2026-09-29 04:00:00,SHORT,6.35,UNFAVORABLE,28.95,FAVORABLE,15.97,N,0.0,N,N,ENGINE_RESTART,SYSTEM-SIDE,27
2026-09-29,S4,2026-09-29 04:00:00,2026-09-29 12:00:00,LONG,28.95,UNFAVORABLE,4.2,UNFAVORABLE,-1.71,N,0.0,N,N,,MARKET-SIDE,73
2026-09-29,S4,2026-09-29 12:00:00,2026-09-29 18:00:00,SHORT,8.25,FAVORABLE,35.35,FAVORABLE,1.47,N,0.0,N,N,BOT_RESTART,SYSTEM-SIDE,1
2026-09-29,S4,2026-09-29 22:00:00,2026-09-30 00:00:00,LONG,7.6,UNFAVORABLE,11.9,FAVORABLE,10.16,N,0.0,N,N,,MARKET-SIDE,76
2026-09-29,S4,2026-09-29 18:00:00,2026-09-29 20:00:00,LONG,33.75,UNFAVORABLE,3.5,UNFAVORABLE,20.57,N,0.0,N,N,,MARKET-SIDE,79
2026-09-29,S4,2026-09-29 20:00:00,2026-09-29 22:00:00,SHORT,3.5,FAVORABLE,7.6,FAVORABLE,-5.22,N,0.0,N,N,,MARKET-SIDE,76
2026-09-29,S4V2,2026-09-29 03:00:00,2026-09-29 03:30:00,LONG,13.4,UNFAVORABLE,3.4,FAVORABLE,7.47,N,0.0,N,N,,MARKET-SIDE,233
2026-09-29,S4V2,2026-09-29 03:30:00,2026-09-29 04:00:00,SHORT,2.1,FAVORABLE,6.75,FAVORABLE,-4.68,N,0.0,N,N,,MARKET-SIDE,234
2026-09-29,S4V2,2026-09-29 04:00:00,2026-09-29 08:30:00,LONG,6.75,UNFAVORABLE,11.15,FAVORABLE,2.25,N,0.0,N,N,,MARKET-SIDE,235
2026-09-29,S4V2,2026-09-29 08:30:00,2026-09-29 09:30:00,SHORT,11.15,UNFAVORABLE,27.5,FAVORABLE,29.33,N,0.0,N,N,,MARKET-SIDE,236
2026-09-29,S4V2,2026-09-29 09:30:00,2026-09-29 10:00:00,LONG,13.75,UNFAVORABLE,3.75,UNFAVORABLE,0.69,N,0.0,N,N,,MARKET-SIDE,263
2026-09-29,S4V2,2026-09-29 10:00:00,2026-09-29 11:30:00,SHORT,3.75,FAVORABLE,19.45,FAVORABLE,6.39,N,0.0,N,N,,MARKET-SIDE,238
2026-09-29,S4V2,2026-09-29 11:30:00,2026-09-29 12:00:00,LONG,8.35,UNFAVORABLE,0.25,FAVORABLE,-0.72,N,0.0,N,N,,MARKET-SIDE,239
2026-09-29,S4V2,2026-09-29 12:00:00,2026-09-29 12:30:00,SHORT,0.75,FAVORABLE,1.8,FAVORABLE,-8.27,N,0.0,N,N,,MARKET-SIDE,263
2026-09-29,S4V2,2026-09-29 12:30:00,2026-09-29 13:30:00,LONG,2.8,FAVORABLE,0.9,UNFAVORABLE,-13.03,N,0.0,N,N,,MARKET-SIDE,241
2026-09-29,S4V2,2026-09-29 13:30:00,2026-09-29 16:00:00,SHORT,2.25,FAVORABLE,10.45,FAVORABLE,-9.84,N,0.0,N,N,,MARKET-SIDE,242
2026-09-29,S4V2,2026-09-29 16:00:00,2026-09-29 16:30:00,LONG,9.3,UNFAVORABLE,8.5,FAVORABLE,8.47,N,0.0,N,N,,MARKET-SIDE,243
2026-09-29,S4V2,2026-09-29 16:30:00,2026-09-29 17:00:00,SHORT,4.95,FAVORABLE,3.7,FAVORABLE,-10.57,N,0.0,N,N,,MARKET-SIDE,244
2026-09-29,S4V2,2026-09-29 17:00:00,2026-09-29 17:30:00,LONG,4.95,UNFAVORABLE,7.05,UNFAVORABLE,-11.43,N,0.0,N,N,,MARKET-SIDE,262
2026-09-29,S4V2,2026-09-29 18:00:00,2026-09-29 21:00:00,LONG,22.95,UNFAVORABLE,5.35,FAVORABLE,18.15,N,0.0,N,N,BOT_RESTART,SYSTEM-SIDE,2
2026-09-29,S4V2,2026-09-29 21:00:00,2026-09-29 21:30:00,SHORT,0.75,UNFAVORABLE,0.65,UNFAVORABLE,-9.23,N,0.0,N,N,,MARKET-SIDE,245
2026-09-29,S4V2,2026-09-29 22:00:00,2026-09-30 00:00:00,LONG,2.65,UNFAVORABLE,0.65,UNFAVORABLE,-7.33,N,0.0,N,N,,MARKET-SIDE,263
2026-09-29,S4V3,2026-09-29 00:00:00,2026-09-29 04:00:00,SHORT,0.0,-,0.0,-,0.0,N,0.0,Y,N,ENGINE_RESTART,SYSTEM-SIDE,8
2026-09-29,S4V3,2026-09-29 12:00:00,2026-09-29 16:00:00,SHORT,0.0,-,0.0,-,0.0,N,0.0,Y,N,,UNEXPLAINED,20
2026-09-30,S4,2026-09-30 00:00:00,2026-09-30 08:00:00,SHORT,11.65,UNFAVORABLE,21.5,FAVORABLE,33.82,N,0.0,N,N,BOT_RESTART,SYSTEM-SIDE,3
2026-09-30,S4V2,2026-09-30 00:00:00,2026-09-30 05:00:00,SHORT,1.1,FAVORABLE,6.65,FAVORABLE,4.83,N,0.0,N,N,,MARKET-SIDE,247
2026-09-30,S4V3,2026-09-30 00:00:00,2026-09-30 08:00:00,SHORT,9.4,UNFAVORABLE,48.05,FAVORABLE,58.13,N,0.0,N,N,BOT_RESTART,SYSTEM-SIDE,1
2026-09-30,S4,2026-09-30 02:00:00,2026-09-30 08:00:00,SHORT,0.0,-,0.0,-,0.0,N,0.0,Y,N,BOT_RESTART,SYSTEM-SIDE,2
2026-09-30,S4V2,2026-09-30 05:00:00,2026-09-30 06:00:00,LONG,1.0,UNFAVORABLE,3.0,UNFAVORABLE,-1.34,N,0.0,N,N,,MARKET-SIDE,248
2026-09-30,S4V2,2026-09-30 06:00:00,2026-09-30 07:00:00,SHORT,3.0,FAVORABLE,9.8,FAVORABLE,7.47,N,0.0,N,N,BOT_RESTART,SYSTEM-SIDE,3
2026-09-30,S4V2,2026-09-30 07:00:00,2026-09-30 08:00:00,LONG,9.85,UNFAVORABLE,8.0,FAVORABLE,18.52,N,0.0,N,N,BOT_RESTART,SYSTEM-SIDE,4
2026-09-30,S4V2,2026-09-30 08:00:00,2026-09-30 09:00:00,SHORT,3.4,UNFAVORABLE,23.75,FAVORABLE,27.83,N,0.0,N,N,,MARKET-SIDE,249
2026-09-30,S4V2,2026-09-30 09:00:00,2026-09-30 13:30:00,LONG,24.35,UNFAVORABLE,50.05,FAVORABLE,56.76,N,0.0,N,N,,MARKET-SIDE,250
2026-09-30,S4,2026-09-30 08:00:00,2026-09-30 14:00:00,LONG,21.5,UNFAVORABLE,32.45,FAVORABLE,45.01,N,0.0,N,N,,MARKET-SIDE,77
2026-09-30,S4V2,2026-09-30 13:30:00,2026-09-30 15:00:00,SHORT,47.9,UNFAVORABLE,5.3,FAVORABLE,33.3,N,0.0,N,N,,MARKET-SIDE,263
2026-09-30,S4,2026-09-30 14:00:00,2026-09-30 20:00:00,SHORT,31.95,UNFAVORABLE,3.55,FAVORABLE,20.68,N,0.0,N,N,ENGINE_RESTART,SYSTEM-SIDE,28
2026-09-30,S4V2,2026-09-30 15:00:00,2026-09-30 17:30:00,LONG,2.6,UNFAVORABLE,14.7,FAVORABLE,16.14,N,0.0,N,N,,MARKET-SIDE,252
2026-09-30,S4V2,2026-09-30 17:30:00,2026-09-30 20:00:00,SHORT,1.7,UNFAVORABLE,2.05,UNFAVORABLE,-1.99,N,0.0,N,N,ENGINE_RESTART,SYSTEM-SIDE,40
2026-09-30,S4V3,2026-09-30 16:00:00,2026-10-01 00:00:00,SHORT,42.25,UNFAVORABLE,15.55,UNFAVORABLE,15.56,N,0.0,N,N,ENGINE_RESTART,SYSTEM-SIDE,9
2026-09-30,S4V2,2026-09-30 20:00:00,2026-09-30 22:30:00,LONG,2.05,FAVORABLE,2.65,UNFAVORABLE,-14.04,N,0.0,N,N,,MARKET-SIDE,253
2026-09-30,S4,2026-09-30 20:00:00,2026-09-30 22:00:00,LONG,3.55,UNFAVORABLE,0.5,UNFAVORABLE,-6.29,N,0.0,N,N,,MARKET-SIDE,78
2026-10-01,S4V2,2026-10-01 00:00:00,2026-10-01 01:00:00,SHORT,8.9,UNFAVORABLE,9.0,UNFAVORABLE,-9.44,N,0.0,N,N,ENGINE_RESTART,SYSTEM-SIDE,41
2026-09-30,S4,2026-09-30 22:00:00,2026-10-01 02:00:00,SHORT,0.0,-,0.0,-,0.0,N,0.0,Y,N,ENGINE_RESTART,SYSTEM-SIDE,29
2026-10-01,S4V2,2026-10-01 01:00:00,2026-10-01 01:30:00,LONG,0.0,-,0.0,-,0.0,N,0.0,Y,N,ENGINE_RESTART,SYSTEM-SIDE,42
2026-10-01,S4V2,2026-10-01 03:30:00,2026-10-01 06:30:00,LONG,16.1,UNFAVORABLE,4.65,FAVORABLE,7.86,N,0.0,N,N,,MARKET-SIDE,254
2026-10-01,S4,2026-10-01 02:00:00,2026-10-01 06:00:00,LONG,11.5,UNFAVORABLE,67.55,FAVORABLE,67.03,N,0.0,N,N,ENGINE_RESTART,SYSTEM-SIDE,30
2026-10-01,S4V2,2026-10-01 06:30:00,2026-10-01 08:30:00,SHORT,2.95,UNFAVORABLE,6.1,FAVORABLE,-4.83,N,0.0,N,N,,MARKET-SIDE,255
2026-10-01,S4,2026-10-01 06:00:00,2026-10-01 08:00:00,SHORT,67.55,UNFAVORABLE,27.55,FAVORABLE,81.66,N,0.0,N,N,,MARKET-SIDE,79
2026-10-01,S4V3,2026-10-01 04:00:00,2026-10-01 08:00:00,SHORT,8.7,UNFAVORABLE,46.3,FAVORABLE,45.69,N,0.0,N,N,,MARKET-SIDE,17
2026-10-01,S4,2026-10-01 08:00:00,2026-10-01 18:00:00,LONG,26.3,UNFAVORABLE,2.5,FAVORABLE,9.51,N,0.0,N,N,ENGINE_RESTART,SYSTEM-SIDE,32
2026-10-01,S4V2,2026-10-01 08:30:00,2026-10-01 12:30:00,LONG,7.7,UNFAVORABLE,146.2,UNFAVORABLE,-148.57,N,0.0,N,N,CONFIRMATION_LAG,SYSTEM-SIDE,1
2026-10-01,S4V2,2026-10-01 12:30:00,2026-10-01 13:30:00,SHORT,0.0,-,0.0,-,0.0,N,0.0,Y,Y,CLOSE_FAILED_GENUINE_THIN_LIQUIDITY|ENTRY_BAND_ABANDONED,SYSTEM-SIDE,2
2026-10-01,S4V2,2026-10-01 13:30:00,2026-10-01 18:00:00,LONG,0.0,-,0.0,-,0.0,N,0.0,Y,N,ENGINE_RESTART,SYSTEM-SIDE,45
2026-10-01,S4,2026-10-01 00:00:00,2026-10-01 02:00:00,SHORT,0.0,-,0.0,-,0.0,N,0.0,Y,N,ENGINE_RESTART,SYSTEM-SIDE,32
2026-09-30,S4V2,2026-09-30 00:30:00,2026-09-30 07:00:00,SHORT,11.0,FAVORABLE,9.15,FAVORABLE,-11.18,N,0.0,N,N,,MARKET-SIDE,262
2026-09-30,S4V2,2026-09-30 15:30:00,2026-09-30 17:30:00,LONG,8.15,FAVORABLE,5.65,FAVORABLE,-11.83,N,0.0,N,N,,MARKET-SIDE,258
2026-09-30,S4V2,2026-09-30 18:00:00,2026-09-30 22:00:00,SHORT,13.75,FAVORABLE,11.0,UNFAVORABLE,-34.08,N,0.0,N,N,ENGINE_RESTART,SYSTEM-SIDE,45
2026-09-30,S4V2,2026-09-30 22:00:00,2026-09-30 22:30:00,LONG,0.0,-,0.0,-,0.0,N,0.0,Y,N,,UNEXPLAINED,262
2026-09-30,S4V2,2026-09-30 22:30:00,2026-10-01 03:30:00,SHORT,0.0,-,0.0,-,0.0,N,0.0,Y,N,ENGINE_RESTART,SYSTEM-SIDE,46
2026-10-01,S4V2,2026-10-01 07:00:00,2026-10-01 08:30:00,SHORT,13.9,FAVORABLE,2.45,UNFAVORABLE,-27.67,N,0.0,N,N,,MARKET-SIDE,260
2026-10-01,S4V2,2026-10-01 09:00:00,2026-10-01 12:30:00,LONG,0.0,-,0.0,-,0.0,N,0.0,Y,N,,UNEXPLAINED,262
2026-10-01,S4V2,2026-10-01 13:00:00,2026-10-01 13:30:00,SHORT,0.0,-,0.0,-,0.0,N,0.0,Y,Y,CLOSE_FAILED_GENUINE_THIN_LIQUIDITY|ENTRY_BAND_ABANDONED,SYSTEM-SIDE,3
2026-09-29,S4V3,2026-09-29 04:00:00,2026-09-29 12:00:00,LONG,0.0,-,0.0,-,0.0,N,0.0,Y,N,,UNEXPLAINED,20
2026-09-29,S4V3,2026-09-29 16:00:00,2026-09-30 00:00:00,LONG,0.0,-,0.0,-,0.0,N,0.0,Y,N,,UNEXPLAINED,20
2026-09-30,S4V3,2026-09-30 08:00:00,2026-09-30 16:00:00,LONG,0.0,-,0.0,-,0.0,N,0.0,Y,N,,UNEXPLAINED,20
2026-10-01,S4V3,2026-10-01 00:00:00,2026-10-01 04:00:00,LONG,0.0,-,0.0,-,0.0,N,0.0,Y,N,ENGINE_RESTART,SYSTEM-SIDE,10
2026-09-29,S4V2,2026-09-29 10:30:00,2026-09-29 11:30:00,SHORT,14.25,FAVORABLE,18.95,FAVORABLE,-4.6,N,0.0,N,N,,MARKET-SIDE,262
2026-10-01,S4V2,2026-10-01 18:00:00,2026-10-01 20:00:00,SHORT,0.0,-,0.0,-,0.0,N,0.0,Y,Y,CLOSE_FAILED_GENUINE_THIN_LIQUIDITY|CLOSE_FAILED_BAND_STUCK_150_BUG,SYSTEM-SIDE,1
2026-10-01,S4,2026-10-01 18:00:00,2026-10-01 22:00:00,SHORT,3.85,FAVORABLE,12.25,FAVORABLE,-0.91,N,0.0,N,N,ENGINE_RESTART,SYSTEM-SIDE,33
2026-10-01,S4V2,2026-10-01 20:30:00,2026-10-01 22:00:00,SHORT,0.0,-,0.0,-,0.0,N,0.0,Y,Y,CLOSE_FAILED_GENUINE_THIN_LIQUIDITY|ENGINE_RESTART,SYSTEM-SIDE,3
2026-10-01,S4,2026-10-01 22:00:00,2026-10-02 14:00:00,LONG,3.05,UNFAVORABLE,103.2,FAVORABLE,83.25,N,0.0,N,N,,MARKET-SIDE,81
2026-10-01,S4V2,2026-10-01 23:30:00,2026-10-02 01:00:00,LONG,0.0,-,0.0,-,0.0,N,0.0,Y,N,,UNEXPLAINED,272
2026-10-02,S4,2026-10-02 02:00:00,2026-10-02 14:00:00,LONG,0.0,-,0.0,-,0.0,N,0.0,Y,N,,UNEXPLAINED,81
2026-10-02,S4V2,2026-10-02 01:00:00,2026-10-02 01:30:00,SHORT,0.0,-,0.0,-,0.0,N,0.0,Y,N,,UNEXPLAINED,272
2026-10-02,S4V2,2026-10-02 01:30:00,2026-10-02 04:30:00,LONG,0.0,-,0.0,-,0.0,N,0.0,Y,N,,UNEXPLAINED,272
2026-10-02,S4V2,2026-10-02 04:30:00,2026-10-02 07:30:00,SHORT,0.0,-,0.0,-,0.0,N,0.0,Y,N,,UNEXPLAINED,272
2026-10-02,S4V2,2026-10-02 08:00:00,2026-10-02 08:30:00,LONG,0.0,-,0.0,-,0.0,N,0.0,Y,N,,UNEXPLAINED,272
2026-10-02,S4V2,2026-10-02 08:30:00,2026-10-02 09:30:00,SHORT,0.0,-,0.0,-,0.0,N,0.0,Y,Y,CLOSE_FAILED_GENUINE_THIN_LIQUIDITY,SYSTEM-SIDE,1
2026-10-02,S4V2,2026-10-02 09:30:00,2026-10-02 10:30:00,LONG,0.0,-,0.0,-,0.0,N,0.0,Y,Y,CLOSE_FAILED_GENUINE_THIN_LIQUIDITY,SYSTEM-SIDE,2
2026-10-02,S4V2,2026-10-02 10:30:00,2026-10-02 11:00:00,SHORT,0.0,-,0.0,-,0.0,N,0.0,Y,Y,CLOSE_FAILED_GENUINE_THIN_LIQUIDITY,SYSTEM-SIDE,3
2026-10-02,S4V2,2026-10-02 11:00:00,2026-10-02 13:00:00,LONG,0.0,-,0.0,-,0.0,N,0.0,Y,Y,CLOSE_FAILED_GENUINE_THIN_LIQUIDITY|CLOSE_FAILED_BAND_STUCK_150_BUG,SYSTEM-SIDE,2
2026-10-02,S4,2026-10-02 14:00:00,2026-10-02 20:00:00,SHORT,0.0,-,0.0,-,0.0,N,0.0,Y,N,ENGINE_RESTART,SYSTEM-SIDE,34
2026-10-02,S4V2,2026-10-02 13:00:00,2026-10-02 17:30:00,SHORT,0.0,-,0.0,-,0.0,N,0.0,Y,N,,UNEXPLAINED,272
2026-10-02,S4V2,2026-10-02 17:30:00,2026-10-02 18:00:00,LONG,3.95,UNFAVORABLE,15.85,UNFAVORABLE,-21.22,N,0.0,N,N,ENGINE_RESTART,SYSTEM-SIDE,46
2026-10-02,S4V2,2026-10-02 18:30:00,2026-10-02 19:30:00,SHORT,59.91,FAVORABLE,122.58,FAVORABLE,53.44,N,0.0,N,N,,MARKET-SIDE,269
2026-10-02,S4V3,2026-10-02 12:00:00,2026-10-02 20:00:00,SHORT,0.0,-,0.0,-,0.0,N,0.0,Y,N,ENGINE_RESTART,SYSTEM-SIDE,11
2026-10-02,S4,2026-10-02 20:00:00,2026-10-03 06:00:00,LONG,0.0,-,0.0,-,0.0,N,0.0,Y,N,ENTRY_UNFILLED_BAND|ENTRY_BAND_ABANDONED|BOT_RESTART,SYSTEM-SIDE,1
2026-10-02,S4V2,2026-10-02 19:30:00,2026-10-03 04:00:00,LONG,122.58,UNFAVORABLE,99.17,UNFAVORABLE,13.86,N,0.0,N,N,BOT_RESTART|ENTRY_UNFILLED_BAND,SYSTEM-SIDE,1
2026-10-03,S4,2026-10-03 06:00:00,2026-10-03 10:00:00,SHORT,38.57,FAVORABLE,197.64,FAVORABLE,92.85,N,0.0,N,N,,MARKET-SIDE,82
2026-10-03,S4V2,2026-10-03 05:00:00,2026-10-03 07:30:00,LONG,0.0,-,0.0,-,0.0,N,0.0,Y,N,ENTRY_UNFILLED_BAND|ENTRY_BAND_ABANDONED,SYSTEM-SIDE,1
2026-10-03,S4V3,2026-10-03 04:00:00,2026-10-03 08:00:00,SHORT,0.0,-,0.0,-,0.0,N,0.0,Y,N,ENTRY_UNFILLED_BAND,SYSTEM-SIDE,1
2026-10-03,S4V2,2026-10-03 07:30:00,2026-10-03 08:30:00,SHORT,0.0,-,0.0,-,0.0,N,0.0,Y,N,,UNEXPLAINED,272
2026-10-03,S4V2,2026-10-03 08:30:00,2026-10-03 19:00:00,LONG,0.0,-,0.0,-,0.0,N,0.0,Y,N,,UNEXPLAINED,272
2026-10-03,S4,2026-10-03 10:00:00,2026-10-03 18:00:00,LONG,0.0,-,0.0,-,0.0,N,0.0,Y,Y,CLOSE_FAILED_GENUINE_THIN_LIQUIDITY|ENTRY_UNFILLED_BAND|ENTRY_BAND_ABANDONED,SYSTEM-SIDE,1
2026-10-03,S4V2,2026-10-03 19:00:00,2026-10-03 20:00:00,SHORT,8.04,UNFAVORABLE,17.8,FAVORABLE,16.53,N,0.0,N,N,,MARKET-SIDE,272
