detected_at_utc,bot,check_class,detail
2026-09-27T21:55:52.874373+00:00,SYSTEM,LEVERAGE_DRIFT_ERROR,log_event() missing 1 required positional argument: 'detail'
2026-09-27T21:55:52.878699+00:00,SYSTEM,ENV_DRIFT_ERROR,log_event() missing 1 required positional argument: 'detail'
2026-09-27T21:55:55.371972+00:00,SYSTEM,LEVERAGE_DRIFT_ERROR,log_event() missing 1 required positional argument: 'detail'
2026-09-27T21:55:55.373665+00:00,SYSTEM,ENV_DRIFT_ERROR,log_event() missing 1 required positional argument: 'detail'
2026-09-27T21:56:56.062785+00:00,SYSTEM,LEVERAGE_DRIFT_ERROR,log_event() missing 1 required positional argument: 'detail'
2026-09-27T21:56:56.063922+00:00,SYSTEM,ENV_DRIFT_ERROR,log_event() missing 1 required positional argument: 'detail'
2026-09-27T22:01:56.349555+00:00,SYSTEM,LEVERAGE_DRIFT_ERROR,log_event() missing 1 required positional argument: 'detail'
2026-09-27T22:01:56.350721+00:00,SYSTEM,ENV_DRIFT_ERROR,log_event() missing 1 required positional argument: 'detail'
2026-09-27T22:04:27.563102+00:00,SYSTEM,LEVERAGE_CHECK_FAILED,S4: 'result'
2026-09-27T22:04:27.768509+00:00,SYSTEM,LEVERAGE_CHECK_FAILED,S4V2: 'result'
2026-09-27T22:04:28.216612+00:00,SYSTEM,LEVERAGE_CHECK_FAILED,S4V3: 'result'
2026-09-27T22:04:28.222793+00:00,SYSTEM,ENV_DRIFT,Missing env var: DELTA_API_KEY
2026-09-27T22:04:28.226813+00:00,SYSTEM,ENV_DRIFT,Missing env var: DELTA_API_SECRET
2026-09-27T22:07:44.055893+00:00,SYSTEM,LEVERAGE_CHECK_FAILED,S4: {'code': 'invalid_contract'}
2026-09-27T22:07:44.555907+00:00,SYSTEM,LEVERAGE_CHECK_FAILED,S4V2: {'code': 'invalid_contract'}
2026-09-27T22:07:45.059206+00:00,SYSTEM,LEVERAGE_CHECK_FAILED,S4V3: {'code': 'invalid_contract'}
2026-09-27T22:10:02.724438+00:00,SYSTEM,LEVERAGE_CHECK_FAILED,S4: {'code': 'invalid_contract'}
2026-09-27T22:10:03.233385+00:00,SYSTEM,LEVERAGE_CHECK_FAILED,S4V2: {'code': 'invalid_contract'}
2026-09-27T22:10:03.777770+00:00,SYSTEM,LEVERAGE_CHECK_FAILED,S4V3: {'code': 'invalid_contract'}
2026-09-27T22:15:04.187795+00:00,SYSTEM,LEVERAGE_CHECK_FAILED,S4: {'code': 'invalid_contract'}
2026-09-27T22:15:04.457870+00:00,SYSTEM,LEVERAGE_CHECK_FAILED,S4V2: {'code': 'invalid_contract'}
2026-09-27T22:15:05.059092+00:00,SYSTEM,LEVERAGE_CHECK_FAILED,S4V3: {'code': 'invalid_contract'}
2026-09-27T22:18:36.472184+00:00,SYSTEM,LEVERAGE_DRIFT,S4 live=200 expected=4
2026-09-27T22:18:36.713970+00:00,SYSTEM,LEVERAGE_DRIFT,S4V2 live=200 expected=4
2026-09-27T22:18:37.208738+00:00,SYSTEM,LEVERAGE_DRIFT,S4V3 live=200 expected=4
2026-09-27T22:23:37.893358+00:00,SYSTEM,LEVERAGE_DRIFT,S4 live=200 expected=4
2026-09-27T22:23:38.155569+00:00,SYSTEM,LEVERAGE_DRIFT,S4V2 live=200 expected=4
2026-09-27T22:23:38.393741+00:00,SYSTEM,LEVERAGE_DRIFT,S4V3 live=200 expected=4
2026-09-27T23:04:57.976082+00:00,SYSTEM,ENV_HASH_ERROR,name 'check_env_hash_drift' is not defined
2026-09-27T23:09:59.208853+00:00,SYSTEM,ENV_HASH_ERROR,name 'check_env_hash_drift' is not defined
2026-09-27T23:15:00.006116+00:00,SYSTEM,ENV_HASH_ERROR,name 'check_env_hash_drift' is not defined
2026-09-27T23:18:45.176282+00:00,SYSTEM,ENV_HASH_ERROR,name 'check_env_hash_drift' is not defined
2026-09-27T23:18:47.759606+00:00,SYSTEM,ENV_HASH_ERROR,name 'check_env_hash_drift' is not defined
2026-09-27T23:20:29.166147+00:00,SYSTEM,ENV_HASH_ERROR,name 'check_env_hash_drift' is not defined
2026-09-27T23:25:30.658237+00:00,SYSTEM,ENV_HASH_ERROR,name 'check_env_hash_drift' is not defined
2026-09-27T23:25:40.438614+00:00,SYSTEM,ENV_HASH_ERROR,name 'check_env_hash_drift' is not defined
2026-09-27T23:30:41.748189+00:00,SYSTEM,ENV_HASH_ERROR,name 'check_env_hash_drift' is not defined
2026-09-27T23:35:42.891067+00:00,SYSTEM,ENV_HASH_ERROR,name 'check_env_hash_drift' is not defined
2026-09-27T23:40:44.309666+00:00,SYSTEM,ENV_HASH_ERROR,name 'check_env_hash_drift' is not defined
2026-09-27T23:45:45.638790+00:00,SYSTEM,ENV_HASH_ERROR,name 'check_env_hash_drift' is not defined
2026-09-27T23:50:46.418523+00:00,SYSTEM,ENV_HASH_ERROR,name 'check_env_hash_drift' is not defined
2026-09-27T23:55:47.514660+00:00,SYSTEM,ENV_HASH_ERROR,name 'check_env_hash_drift' is not defined
2026-09-28T00:00:48.379940+00:00,SYSTEM,ENV_HASH_ERROR,name 'check_env_hash_drift' is not defined
2026-09-28T00:05:49.373835+00:00,SYSTEM,ENV_HASH_ERROR,name 'check_env_hash_drift' is not defined
2026-09-28T00:10:50.501527+00:00,SYSTEM,ENV_HASH_ERROR,name 'check_env_hash_drift' is not defined
2026-09-28T00:15:51.606142+00:00,SYSTEM,ENV_HASH_ERROR,name 'check_env_hash_drift' is not defined
2026-09-28T00:20:52.719963+00:00,SYSTEM,ENV_HASH_ERROR,name 'check_env_hash_drift' is not defined
2026-09-28T00:25:54.012619+00:00,SYSTEM,ENV_HASH_ERROR,name 'check_env_hash_drift' is not defined
2026-09-28T00:30:55.333901+00:00,SYSTEM,ENV_HASH_ERROR,name 'check_env_hash_drift' is not defined
2026-09-28T00:35:56.118504+00:00,SYSTEM,ENV_HASH_ERROR,name 'check_env_hash_drift' is not defined
2026-09-28T00:40:57.535205+00:00,SYSTEM,ENV_HASH_ERROR,name 'check_env_hash_drift' is not defined
2026-09-28T00:45:59.222428+00:00,SYSTEM,ENV_HASH_ERROR,name 'check_env_hash_drift' is not defined
2026-09-28T00:51:00.284633+00:00,SYSTEM,ENV_HASH_ERROR,name 'check_env_hash_drift' is not defined
2026-09-28T00:56:01.125286+00:00,SYSTEM,ENV_HASH_ERROR,name 'check_env_hash_drift' is not defined
2026-09-28T01:01:02.414515+00:00,SYSTEM,ENV_HASH_ERROR,name 'check_env_hash_drift' is not defined
2026-09-28T01:06:03.521517+00:00,SYSTEM,ENV_HASH_ERROR,name 'check_env_hash_drift' is not defined
2026-09-28T01:11:04.744954+00:00,SYSTEM,ENV_HASH_ERROR,name 'check_env_hash_drift' is not defined
2026-09-28T01:16:05.901503+00:00,SYSTEM,ENV_HASH_ERROR,name 'check_env_hash_drift' is not defined
2026-09-28T01:21:06.810757+00:00,SYSTEM,ENV_HASH_ERROR,name 'check_env_hash_drift' is not defined
2026-09-28T01:26:07.956102+00:00,SYSTEM,ENV_HASH_ERROR,name 'check_env_hash_drift' is not defined
2026-09-28T01:31:09.349759+00:00,SYSTEM,ENV_HASH_ERROR,name 'check_env_hash_drift' is not defined
2026-09-28T01:36:10.674729+00:00,SYSTEM,ENV_HASH_ERROR,name 'check_env_hash_drift' is not defined
2026-09-28T01:41:11.537034+00:00,SYSTEM,ENV_HASH_ERROR,name 'check_env_hash_drift' is not defined
2026-09-28T01:46:12.645707+00:00,SYSTEM,ENV_HASH_ERROR,name 'check_env_hash_drift' is not defined
2026-09-28T01:51:14.007050+00:00,SYSTEM,ENV_HASH_ERROR,name 'check_env_hash_drift' is not defined
2026-09-28T01:56:15.134489+00:00,SYSTEM,ENV_HASH_ERROR,name 'check_env_hash_drift' is not defined
2026-09-28T02:01:15.936984+00:00,SYSTEM,ENV_HASH_ERROR,name 'check_env_hash_drift' is not defined
2026-09-28T02:06:17.472561+00:00,SYSTEM,ENV_HASH_ERROR,name 'check_env_hash_drift' is not defined
2026-09-28T02:11:18.607061+00:00,SYSTEM,ENV_HASH_ERROR,name 'check_env_hash_drift' is not defined
2026-09-28T02:16:19.685653+00:00,SYSTEM,ENV_HASH_ERROR,name 'check_env_hash_drift' is not defined
2026-09-28T02:21:20.715039+00:00,SYSTEM,ENV_HASH_ERROR,name 'check_env_hash_drift' is not defined
2026-09-28T02:26:22.299248+00:00,SYSTEM,ENV_HASH_ERROR,name 'check_env_hash_drift' is not defined
2026-09-28T02:31:23.621231+00:00,SYSTEM,ENV_HASH_ERROR,name 'check_env_hash_drift' is not defined
2026-09-28T02:36:24.402585+00:00,SYSTEM,ENV_HASH_ERROR,name 'check_env_hash_drift' is not defined
2026-09-28T02:41:25.165870+00:00,SYSTEM,ENV_HASH_ERROR,name 'check_env_hash_drift' is not defined
2026-09-28T02:46:25.946603+00:00,SYSTEM,ENV_HASH_ERROR,name 'check_env_hash_drift' is not defined
2026-09-28T02:51:27.256209+00:00,SYSTEM,ENV_HASH_ERROR,name 'check_env_hash_drift' is not defined
2026-09-28T02:56:28.138539+00:00,SYSTEM,ENV_HASH_ERROR,name 'check_env_hash_drift' is not defined
2026-09-28T03:01:28.918569+00:00,SYSTEM,ENV_HASH_ERROR,name 'check_env_hash_drift' is not defined
2026-09-28T03:06:30.235861+00:00,SYSTEM,ENV_HASH_ERROR,name 'check_env_hash_drift' is not defined
2026-09-28T03:11:30.989327+00:00,SYSTEM,ENV_HASH_ERROR,name 'check_env_hash_drift' is not defined
2026-09-28T03:16:32.034054+00:00,SYSTEM,ENV_HASH_ERROR,name 'check_env_hash_drift' is not defined
2026-09-28T03:21:33.437065+00:00,SYSTEM,ENV_HASH_ERROR,name 'check_env_hash_drift' is not defined
2026-09-28T03:26:34.876687+00:00,SYSTEM,ENV_HASH_ERROR,name 'check_env_hash_drift' is not defined
2026-09-28T03:31:36.490959+00:00,SYSTEM,ENV_HASH_ERROR,name 'check_env_hash_drift' is not defined
2026-09-28T03:36:37.828979+00:00,SYSTEM,ENV_HASH_ERROR,name 'check_env_hash_drift' is not defined
2026-09-28T03:41:38.899953+00:00,SYSTEM,ENV_HASH_ERROR,name 'check_env_hash_drift' is not defined
2026-09-28T03:46:40.209856+00:00,SYSTEM,ENV_HASH_ERROR,name 'check_env_hash_drift' is not defined
2026-09-28T03:51:41.298211+00:00,SYSTEM,ENV_HASH_ERROR,name 'check_env_hash_drift' is not defined
2026-09-28T03:56:42.659970+00:00,SYSTEM,ENV_HASH_ERROR,name 'check_env_hash_drift' is not defined
2026-09-28T04:01:43.460531+00:00,SYSTEM,ENV_HASH_ERROR,name 'check_env_hash_drift' is not defined
2026-09-28T04:06:45.066725+00:00,SYSTEM,ENV_HASH_ERROR,name 'check_env_hash_drift' is not defined
2026-09-28T04:11:46.128304+00:00,SYSTEM,ENV_HASH_ERROR,name 'check_env_hash_drift' is not defined
2026-09-28T04:16:46.923188+00:00,SYSTEM,ENV_HASH_ERROR,name 'check_env_hash_drift' is not defined
2026-09-28T04:21:47.995147+00:00,SYSTEM,ENV_HASH_ERROR,name 'check_env_hash_drift' is not defined
2026-09-28T04:26:48.757943+00:00,SYSTEM,ENV_HASH_ERROR,name 'check_env_hash_drift' is not defined
2026-09-28T04:31:49.797795+00:00,SYSTEM,ENV_HASH_ERROR,name 'check_env_hash_drift' is not defined
2026-09-28T04:36:50.902533+00:00,SYSTEM,ENV_HASH_ERROR,name 'check_env_hash_drift' is not defined
2026-09-28T04:41:51.859935+00:00,SYSTEM,ENV_HASH_ERROR,name 'check_env_hash_drift' is not defined
2026-09-28T04:46:52.611423+00:00,SYSTEM,ENV_HASH_ERROR,name 'check_env_hash_drift' is not defined
2026-09-28T04:51:53.437136+00:00,SYSTEM,ENV_HASH_ERROR,name 'check_env_hash_drift' is not defined
2026-09-28T04:56:54.538490+00:00,SYSTEM,ENV_HASH_ERROR,name 'check_env_hash_drift' is not defined
2026-09-28T05:01:55.599173+00:00,SYSTEM,ENV_HASH_ERROR,name 'check_env_hash_drift' is not defined
2026-09-28T05:06:56.712560+00:00,SYSTEM,ENV_HASH_ERROR,name 'check_env_hash_drift' is not defined
2026-09-28T05:11:57.564850+00:00,SYSTEM,ENV_HASH_ERROR,name 'check_env_hash_drift' is not defined
2026-09-28T05:16:58.481544+00:00,SYSTEM,ENV_HASH_ERROR,name 'check_env_hash_drift' is not defined
2026-09-28T05:21:59.920843+00:00,SYSTEM,ENV_HASH_ERROR,name 'check_env_hash_drift' is not defined
2026-09-28T05:27:01.345416+00:00,SYSTEM,ENV_HASH_ERROR,name 'check_env_hash_drift' is not defined
2026-09-28T05:32:02.265173+00:00,SYSTEM,ENV_HASH_ERROR,name 'check_env_hash_drift' is not defined
2026-09-28T05:37:03.178989+00:00,SYSTEM,ENV_HASH_ERROR,name 'check_env_hash_drift' is not defined
2026-09-28T05:42:04.390832+00:00,SYSTEM,ENV_HASH_ERROR,name 'check_env_hash_drift' is not defined
2026-09-28T05:47:05.524789+00:00,SYSTEM,ENV_HASH_ERROR,name 'check_env_hash_drift' is not defined
2026-09-28T05:52:06.944909+00:00,SYSTEM,ENV_HASH_ERROR,name 'check_env_hash_drift' is not defined
2026-09-28T05:57:08.402401+00:00,SYSTEM,ENV_HASH_ERROR,name 'check_env_hash_drift' is not defined
2026-09-28T06:02:10.064857+00:00,SYSTEM,ENV_HASH_ERROR,name 'check_env_hash_drift' is not defined
2026-09-28T06:07:11.128683+00:00,SYSTEM,ENV_HASH_ERROR,name 'check_env_hash_drift' is not defined
2026-09-28T06:12:12.988669+00:00,SYSTEM,ENV_HASH_ERROR,name 'check_env_hash_drift' is not defined
2026-09-28T06:17:14.516917+00:00,SYSTEM,ENV_HASH_ERROR,name 'check_env_hash_drift' is not defined
2026-09-28T06:22:15.320767+00:00,SYSTEM,ENV_HASH_ERROR,name 'check_env_hash_drift' is not defined
2026-09-28T06:27:16.434648+00:00,SYSTEM,ENV_HASH_ERROR,name 'check_env_hash_drift' is not defined
2026-09-28T06:32:17.467440+00:00,SYSTEM,ENV_HASH_ERROR,name 'check_env_hash_drift' is not defined
2026-09-28T06:37:18.517255+00:00,SYSTEM,ENV_HASH_ERROR,name 'check_env_hash_drift' is not defined
2026-09-28T06:42:19.285026+00:00,SYSTEM,ENV_HASH_ERROR,name 'check_env_hash_drift' is not defined
2026-09-28T06:47:20.593544+00:00,SYSTEM,ENV_HASH_ERROR,name 'check_env_hash_drift' is not defined
2026-09-28T06:52:21.719231+00:00,SYSTEM,ENV_HASH_ERROR,name 'check_env_hash_drift' is not defined
2026-09-28T06:57:23.049774+00:00,SYSTEM,ENV_HASH_ERROR,name 'check_env_hash_drift' is not defined
2026-09-28T07:02:24.376355+00:00,SYSTEM,ENV_HASH_ERROR,name 'check_env_hash_drift' is not defined
2026-09-28T07:07:25.447025+00:00,SYSTEM,ENV_HASH_ERROR,name 'check_env_hash_drift' is not defined
2026-09-28T07:12:26.530526+00:00,SYSTEM,ENV_HASH_ERROR,name 'check_env_hash_drift' is not defined
2026-09-28T07:17:27.702933+00:00,SYSTEM,ENV_HASH_ERROR,name 'check_env_hash_drift' is not defined
2026-09-28T07:22:29.317023+00:00,SYSTEM,ENV_HASH_ERROR,name 'check_env_hash_drift' is not defined
2026-09-28T07:27:30.398103+00:00,SYSTEM,ENV_HASH_ERROR,name 'check_env_hash_drift' is not defined
2026-09-28T07:32:31.175207+00:00,SYSTEM,ENV_HASH_ERROR,name 'check_env_hash_drift' is not defined
2026-09-28T07:37:32.714341+00:00,SYSTEM,ENV_HASH_ERROR,name 'check_env_hash_drift' is not defined
2026-09-28T07:42:33.554630+00:00,SYSTEM,ENV_HASH_ERROR,name 'check_env_hash_drift' is not defined
2026-09-28T07:47:34.373908+00:00,SYSTEM,ENV_HASH_ERROR,name 'check_env_hash_drift' is not defined
2026-09-28T07:52:35.219973+00:00,SYSTEM,ENV_HASH_ERROR,name 'check_env_hash_drift' is not defined
2026-09-28T07:57:36.285289+00:00,SYSTEM,ENV_HASH_ERROR,name 'check_env_hash_drift' is not defined
2026-09-28T08:02:37.709067+00:00,SYSTEM,ENV_HASH_ERROR,name 'check_env_hash_drift' is not defined
2026-09-28T08:07:38.468725+00:00,SYSTEM,ENV_HASH_ERROR,name 'check_env_hash_drift' is not defined
2026-09-28T08:12:39.522751+00:00,SYSTEM,ENV_HASH_ERROR,name 'check_env_hash_drift' is not defined
2026-09-28T08:17:40.608167+00:00,SYSTEM,ENV_HASH_ERROR,name 'check_env_hash_drift' is not defined
2026-09-28T08:22:41.919979+00:00,SYSTEM,ENV_HASH_ERROR,name 'check_env_hash_drift' is not defined
2026-09-28T08:27:42.687488+00:00,SYSTEM,ENV_HASH_ERROR,name 'check_env_hash_drift' is not defined
2026-09-28T08:32:44.278256+00:00,SYSTEM,ENV_HASH_ERROR,name 'check_env_hash_drift' is not defined
2026-09-28T08:37:45.125188+00:00,SYSTEM,ENV_HASH_ERROR,name 'check_env_hash_drift' is not defined
2026-09-28T08:42:45.906244+00:00,SYSTEM,ENV_HASH_ERROR,name 'check_env_hash_drift' is not defined
2026-09-28T08:47:46.719423+00:00,SYSTEM,ENV_HASH_ERROR,name 'check_env_hash_drift' is not defined
2026-09-28T08:52:47.769993+00:00,SYSTEM,ENV_HASH_ERROR,name 'check_env_hash_drift' is not defined
2026-09-28T08:57:48.838148+00:00,SYSTEM,ENV_HASH_ERROR,name 'check_env_hash_drift' is not defined
2026-09-28T09:02:49.799331+00:00,SYSTEM,ENV_HASH_ERROR,name 'check_env_hash_drift' is not defined
2026-09-28T09:07:50.836772+00:00,SYSTEM,ENV_HASH_ERROR,name 'check_env_hash_drift' is not defined
2026-09-28T09:12:51.610783+00:00,SYSTEM,ENV_HASH_ERROR,name 'check_env_hash_drift' is not defined
2026-09-28T09:17:52.461123+00:00,SYSTEM,ENV_HASH_ERROR,name 'check_env_hash_drift' is not defined
2026-09-28T09:22:53.391904+00:00,SYSTEM,ENV_HASH_ERROR,name 'check_env_hash_drift' is not defined
2026-09-28T09:27:54.547809+00:00,SYSTEM,ENV_HASH_ERROR,name 'check_env_hash_drift' is not defined
2026-09-28T09:32:55.907760+00:00,SYSTEM,ENV_HASH_ERROR,name 'check_env_hash_drift' is not defined
2026-09-28T09:37:56.826947+00:00,SYSTEM,ENV_HASH_ERROR,name 'check_env_hash_drift' is not defined
2026-09-28T09:42:57.617420+00:00,SYSTEM,ENV_HASH_ERROR,name 'check_env_hash_drift' is not defined
2026-09-28T09:47:58.740690+00:00,SYSTEM,ENV_HASH_ERROR,name 'check_env_hash_drift' is not defined
2026-09-28T09:52:59.839685+00:00,SYSTEM,ENV_HASH_ERROR,name 'check_env_hash_drift' is not defined
2026-09-28T09:58:00.758534+00:00,SYSTEM,ENV_HASH_ERROR,name 'check_env_hash_drift' is not defined
2026-09-28T10:03:01.890031+00:00,SYSTEM,ENV_HASH_ERROR,name 'check_env_hash_drift' is not defined
2026-09-28T10:08:03.040507+00:00,SYSTEM,ENV_HASH_ERROR,name 'check_env_hash_drift' is not defined
2026-09-28T10:13:03.977180+00:00,SYSTEM,ENV_HASH_ERROR,name 'check_env_hash_drift' is not defined
2026-09-28T10:18:04.826387+00:00,SYSTEM,ENV_HASH_ERROR,name 'check_env_hash_drift' is not defined
2026-09-28T10:23:05.689803+00:00,SYSTEM,ENV_HASH_ERROR,name 'check_env_hash_drift' is not defined
2026-09-28T10:28:06.925791+00:00,SYSTEM,ENV_HASH_ERROR,name 'check_env_hash_drift' is not defined
2026-09-28T10:33:08.309673+00:00,SYSTEM,ENV_HASH_ERROR,name 'check_env_hash_drift' is not defined
2026-09-28T10:38:09.114519+00:00,SYSTEM,ENV_HASH_ERROR,name 'check_env_hash_drift' is not defined
2026-09-28T10:43:10.295679+00:00,SYSTEM,ENV_HASH_ERROR,name 'check_env_hash_drift' is not defined
2026-09-28T10:48:11.366367+00:00,SYSTEM,ENV_HASH_ERROR,name 'check_env_hash_drift' is not defined
2026-09-28T10:53:12.705937+00:00,SYSTEM,ENV_HASH_ERROR,name 'check_env_hash_drift' is not defined
2026-09-28T10:58:13.654948+00:00,SYSTEM,ENV_HASH_ERROR,name 'check_env_hash_drift' is not defined
2026-09-28T11:03:14.715560+00:00,SYSTEM,ENV_HASH_ERROR,name 'check_env_hash_drift' is not defined
2026-09-28T11:08:16.107071+00:00,SYSTEM,ENV_HASH_ERROR,name 'check_env_hash_drift' is not defined
2026-09-28T11:13:17.127085+00:00,SYSTEM,ENV_HASH_ERROR,name 'check_env_hash_drift' is not defined
2026-09-28T11:18:18.638085+00:00,SYSTEM,ENV_HASH_ERROR,name 'check_env_hash_drift' is not defined
2026-09-28T11:23:20.047501+00:00,SYSTEM,ENV_HASH_ERROR,name 'check_env_hash_drift' is not defined
2026-09-28T11:28:21.385948+00:00,SYSTEM,ENV_HASH_ERROR,name 'check_env_hash_drift' is not defined
2026-09-28T11:33:22.911842+00:00,SYSTEM,ENV_HASH_ERROR,name 'check_env_hash_drift' is not defined
2026-09-28T11:38:24.200038+00:00,SYSTEM,ENV_HASH_ERROR,name 'check_env_hash_drift' is not defined
2026-09-28T11:43:25.012152+00:00,SYSTEM,ENV_HASH_ERROR,name 'check_env_hash_drift' is not defined
2026-09-28T11:48:26.575360+00:00,SYSTEM,ENV_HASH_ERROR,name 'check_env_hash_drift' is not defined
2026-09-28T11:53:27.626011+00:00,SYSTEM,ENV_HASH_ERROR,name 'check_env_hash_drift' is not defined
2026-09-28T11:58:28.461913+00:00,SYSTEM,ENV_HASH_ERROR,name 'check_env_hash_drift' is not defined
2026-09-28T12:03:29.349317+00:00,SYSTEM,ENV_HASH_ERROR,name 'check_env_hash_drift' is not defined
2026-09-28T12:08:30.154826+00:00,SYSTEM,ENV_HASH_ERROR,name 'check_env_hash_drift' is not defined
2026-09-28T12:13:31.490592+00:00,SYSTEM,ENV_HASH_ERROR,name 'check_env_hash_drift' is not defined
2026-09-28T12:18:32.554184+00:00,SYSTEM,ENV_HASH_ERROR,name 'check_env_hash_drift' is not defined
2026-09-28T12:23:33.350884+00:00,SYSTEM,ENV_HASH_ERROR,name 'check_env_hash_drift' is not defined
2026-09-28T12:28:34.395078+00:00,SYSTEM,ENV_HASH_ERROR,name 'check_env_hash_drift' is not defined
2026-09-28T12:33:35.427383+00:00,SYSTEM,ENV_HASH_ERROR,name 'check_env_hash_drift' is not defined
2026-09-28T12:38:36.496717+00:00,SYSTEM,ENV_HASH_ERROR,name 'check_env_hash_drift' is not defined
2026-09-28T12:43:37.574648+00:00,SYSTEM,ENV_HASH_ERROR,name 'check_env_hash_drift' is not defined
2026-09-28T12:48:38.544514+00:00,SYSTEM,ENV_HASH_ERROR,name 'check_env_hash_drift' is not defined
2026-09-28T12:53:39.846921+00:00,SYSTEM,ENV_HASH_ERROR,name 'check_env_hash_drift' is not defined
2026-09-28T12:58:40.892503+00:00,SYSTEM,ENV_HASH_ERROR,name 'check_env_hash_drift' is not defined
2026-09-28T13:03:42.218996+00:00,SYSTEM,ENV_HASH_ERROR,name 'check_env_hash_drift' is not defined
2026-09-28T13:08:43.528040+00:00,SYSTEM,ENV_HASH_ERROR,name 'check_env_hash_drift' is not defined
2026-09-28T13:13:44.348878+00:00,SYSTEM,ENV_HASH_ERROR,name 'check_env_hash_drift' is not defined
2026-09-28T13:18:45.735712+00:00,SYSTEM,ENV_HASH_ERROR,name 'check_env_hash_drift' is not defined
2026-09-28T13:23:46.578432+00:00,SYSTEM,ENV_HASH_ERROR,name 'check_env_hash_drift' is not defined
2026-09-28T13:28:47.441680+00:00,SYSTEM,ENV_HASH_ERROR,name 'check_env_hash_drift' is not defined
2026-09-28T13:33:48.754214+00:00,SYSTEM,ENV_HASH_ERROR,name 'check_env_hash_drift' is not defined
2026-09-28T13:38:49.806620+00:00,SYSTEM,ENV_HASH_ERROR,name 'check_env_hash_drift' is not defined
2026-09-28T13:43:50.914256+00:00,SYSTEM,ENV_HASH_ERROR,name 'check_env_hash_drift' is not defined
2026-09-28T13:48:52.347056+00:00,SYSTEM,ENV_HASH_ERROR,name 'check_env_hash_drift' is not defined
2026-09-28T13:53:53.854134+00:00,SYSTEM,ENV_HASH_ERROR,name 'check_env_hash_drift' is not defined
2026-09-28T13:58:54.675667+00:00,SYSTEM,ENV_HASH_ERROR,name 'check_env_hash_drift' is not defined
2026-09-28T14:03:55.535096+00:00,SYSTEM,ENV_HASH_ERROR,name 'check_env_hash_drift' is not defined
2026-09-28T14:08:56.432674+00:00,SYSTEM,ENV_HASH_ERROR,name 'check_env_hash_drift' is not defined
2026-09-28T14:13:57.422816+00:00,SYSTEM,ENV_HASH_ERROR,name 'check_env_hash_drift' is not defined
2026-09-28T14:18:58.381801+00:00,SYSTEM,ENV_HASH_ERROR,name 'check_env_hash_drift' is not defined
2026-09-28T14:23:59.443159+00:00,SYSTEM,ENV_HASH_ERROR,name 'check_env_hash_drift' is not defined
2026-09-28T14:29:00.868351+00:00,SYSTEM,ENV_HASH_ERROR,name 'check_env_hash_drift' is not defined
2026-09-28T14:34:02.260797+00:00,SYSTEM,ENV_HASH_ERROR,name 'check_env_hash_drift' is not defined
2026-09-28T14:39:03.429161+00:00,SYSTEM,ENV_HASH_ERROR,name 'check_env_hash_drift' is not defined
2026-09-28T14:44:04.323815+00:00,SYSTEM,ENV_HASH_ERROR,name 'check_env_hash_drift' is not defined
2026-09-28T14:49:05.487953+00:00,SYSTEM,ENV_HASH_ERROR,name 'check_env_hash_drift' is not defined
2026-09-28T14:54:06.384894+00:00,SYSTEM,ENV_HASH_ERROR,name 'check_env_hash_drift' is not defined
2026-09-28T14:59:07.568938+00:00,SYSTEM,ENV_HASH_ERROR,name 'check_env_hash_drift' is not defined
2026-09-28T15:04:09.241746+00:00,SYSTEM,ENV_HASH_ERROR,name 'check_env_hash_drift' is not defined
2026-09-28T15:09:10.160732+00:00,SYSTEM,ENV_HASH_ERROR,name 'check_env_hash_drift' is not defined
2026-09-28T15:14:11.110061+00:00,SYSTEM,ENV_HASH_ERROR,name 'check_env_hash_drift' is not defined
2026-09-28T15:19:12.080175+00:00,SYSTEM,ENV_HASH_ERROR,name 'check_env_hash_drift' is not defined
2026-09-28T15:24:13.130836+00:00,SYSTEM,ENV_HASH_ERROR,name 'check_env_hash_drift' is not defined
2026-09-28T15:29:14.753923+00:00,SYSTEM,ENV_HASH_ERROR,name 'check_env_hash_drift' is not defined
2026-09-28T15:34:16.131816+00:00,SYSTEM,ENV_HASH_ERROR,name 'check_env_hash_drift' is not defined
2026-09-28T15:39:17.185629+00:00,SYSTEM,ENV_HASH_ERROR,name 'check_env_hash_drift' is not defined
2026-09-28T15:44:18.058585+00:00,SYSTEM,ENV_HASH_ERROR,name 'check_env_hash_drift' is not defined
2026-09-28T15:49:19.050868+00:00,SYSTEM,ENV_HASH_ERROR,name 'check_env_hash_drift' is not defined
2026-09-28T15:54:20.376067+00:00,SYSTEM,ENV_HASH_ERROR,name 'check_env_hash_drift' is not defined
2026-09-28T15:59:21.667326+00:00,SYSTEM,ENV_HASH_ERROR,name 'check_env_hash_drift' is not defined
2026-09-28T16:04:22.766019+00:00,SYSTEM,ENV_HASH_ERROR,name 'check_env_hash_drift' is not defined
2026-09-28T16:09:23.885388+00:00,SYSTEM,ENV_HASH_ERROR,name 'check_env_hash_drift' is not defined
2026-09-28T16:14:24.968363+00:00,SYSTEM,ENV_HASH_ERROR,name 'check_env_hash_drift' is not defined
2026-09-28T16:19:26.326216+00:00,SYSTEM,ENV_HASH_ERROR,name 'check_env_hash_drift' is not defined
2026-09-28T16:24:27.637987+00:00,SYSTEM,ENV_HASH_ERROR,name 'check_env_hash_drift' is not defined
2026-09-28T16:29:28.408775+00:00,SYSTEM,ENV_HASH_ERROR,name 'check_env_hash_drift' is not defined
2026-09-28T16:34:29.467956+00:00,SYSTEM,ENV_HASH_ERROR,name 'check_env_hash_drift' is not defined
2026-09-28T16:39:30.545268+00:00,SYSTEM,ENV_HASH_ERROR,name 'check_env_hash_drift' is not defined
2026-09-28T16:44:31.362155+00:00,SYSTEM,ENV_HASH_ERROR,name 'check_env_hash_drift' is not defined
2026-09-28T16:49:32.411431+00:00,SYSTEM,ENV_HASH_ERROR,name 'check_env_hash_drift' is not defined
2026-09-28T16:54:33.252160+00:00,SYSTEM,ENV_HASH_ERROR,name 'check_env_hash_drift' is not defined
2026-09-28T16:59:34.040920+00:00,SYSTEM,ENV_HASH_ERROR,name 'check_env_hash_drift' is not defined
2026-09-28T17:04:34.941943+00:00,SYSTEM,ENV_HASH_ERROR,name 'check_env_hash_drift' is not defined
2026-09-28T17:09:36.148803+00:00,SYSTEM,ENV_HASH_ERROR,name 'check_env_hash_drift' is not defined
2026-09-28T17:14:36.937009+00:00,SYSTEM,ENV_HASH_ERROR,name 'check_env_hash_drift' is not defined
2026-09-28T17:19:37.728554+00:00,SYSTEM,ENV_HASH_ERROR,name 'check_env_hash_drift' is not defined
2026-09-28T17:24:38.874889+00:00,SYSTEM,ENV_HASH_ERROR,name 'check_env_hash_drift' is not defined
2026-09-28T17:29:39.704617+00:00,SYSTEM,ENV_HASH_ERROR,name 'check_env_hash_drift' is not defined
2026-09-28T17:34:41.014905+00:00,SYSTEM,ENV_HASH_ERROR,name 'check_env_hash_drift' is not defined
2026-09-28T17:39:41.802780+00:00,SYSTEM,ENV_HASH_ERROR,name 'check_env_hash_drift' is not defined
2026-09-28T17:44:42.902080+00:00,SYSTEM,ENV_HASH_ERROR,name 'check_env_hash_drift' is not defined
2026-09-28T17:49:43.927924+00:00,SYSTEM,ENV_HASH_ERROR,name 'check_env_hash_drift' is not defined
2026-09-28T17:54:45.082421+00:00,SYSTEM,ENV_HASH_ERROR,name 'check_env_hash_drift' is not defined
2026-09-28T17:59:45.947232+00:00,SYSTEM,ENV_HASH_ERROR,name 'check_env_hash_drift' is not defined
2026-09-28T18:04:47.145085+00:00,SYSTEM,ENV_HASH_ERROR,name 'check_env_hash_drift' is not defined
2026-09-28T18:09:48.442549+00:00,SYSTEM,ENV_HASH_ERROR,name 'check_env_hash_drift' is not defined
2026-09-28T18:14:49.242324+00:00,SYSTEM,ENV_HASH_ERROR,name 'check_env_hash_drift' is not defined
2026-09-28T18:19:50.426379+00:00,SYSTEM,ENV_HASH_ERROR,name 'check_env_hash_drift' is not defined
2026-09-28T18:24:51.980139+00:00,SYSTEM,ENV_HASH_ERROR,name 'check_env_hash_drift' is not defined
2026-09-28T18:29:52.847816+00:00,SYSTEM,ENV_HASH_ERROR,name 'check_env_hash_drift' is not defined
2026-09-28T18:34:54.239884+00:00,SYSTEM,ENV_HASH_ERROR,name 'check_env_hash_drift' is not defined
2026-09-28T18:39:55.585750+00:00,SYSTEM,ENV_HASH_ERROR,name 'check_env_hash_drift' is not defined
2026-09-28T18:44:56.619260+00:00,SYSTEM,ENV_HASH_ERROR,name 'check_env_hash_drift' is not defined
2026-09-28T18:49:57.479726+00:00,SYSTEM,ENV_HASH_ERROR,name 'check_env_hash_drift' is not defined
2026-09-28T18:54:58.250855+00:00,SYSTEM,ENV_HASH_ERROR,name 'check_env_hash_drift' is not defined
2026-09-28T18:59:59.525048+00:00,SYSTEM,ENV_HASH_ERROR,name 'check_env_hash_drift' is not defined
2026-09-28T19:05:00.692773+00:00,SYSTEM,ENV_HASH_ERROR,name 'check_env_hash_drift' is not defined
2026-09-28T19:10:01.580985+00:00,SYSTEM,ENV_HASH_ERROR,name 'check_env_hash_drift' is not defined
2026-09-28T19:15:02.871310+00:00,SYSTEM,ENV_HASH_ERROR,name 'check_env_hash_drift' is not defined
2026-09-28T19:20:03.830947+00:00,SYSTEM,ENV_HASH_ERROR,name 'check_env_hash_drift' is not defined
2026-09-28T19:25:04.675285+00:00,SYSTEM,ENV_HASH_ERROR,name 'check_env_hash_drift' is not defined
2026-09-28T19:30:05.606393+00:00,SYSTEM,ENV_HASH_ERROR,name 'check_env_hash_drift' is not defined
2026-09-28T19:35:06.734628+00:00,SYSTEM,ENV_HASH_ERROR,name 'check_env_hash_drift' is not defined
2026-09-28T19:40:07.914688+00:00,SYSTEM,ENV_HASH_ERROR,name 'check_env_hash_drift' is not defined
2026-09-28T19:45:08.872223+00:00,SYSTEM,ENV_HASH_ERROR,name 'check_env_hash_drift' is not defined
2026-09-28T19:50:10.248938+00:00,SYSTEM,ENV_HASH_ERROR,name 'check_env_hash_drift' is not defined
2026-09-28T19:55:11.913763+00:00,SYSTEM,ENV_HASH_ERROR,name 'check_env_hash_drift' is not defined
2026-09-28T20:00:13.134591+00:00,SYSTEM,ENV_HASH_ERROR,name 'check_env_hash_drift' is not defined
2026-09-28T20:05:14.073762+00:00,SYSTEM,ENV_HASH_ERROR,name 'check_env_hash_drift' is not defined
2026-09-28T20:10:15.163158+00:00,SYSTEM,ENV_HASH_ERROR,name 'check_env_hash_drift' is not defined
2026-09-28T20:15:16.279554+00:00,SYSTEM,ENV_HASH_ERROR,name 'check_env_hash_drift' is not defined
2026-09-28T20:20:17.441693+00:00,SYSTEM,ENV_HASH_ERROR,name 'check_env_hash_drift' is not defined
2026-09-28T20:25:18.312190+00:00,SYSTEM,ENV_HASH_ERROR,name 'check_env_hash_drift' is not defined
2026-09-28T20:30:19.115293+00:00,SYSTEM,ENV_HASH_ERROR,name 'check_env_hash_drift' is not defined
2026-09-28T20:35:19.957986+00:00,SYSTEM,ENV_HASH_ERROR,name 'check_env_hash_drift' is not defined
2026-09-28T20:40:20.728626+00:00,SYSTEM,ENV_HASH_ERROR,name 'check_env_hash_drift' is not defined
2026-09-28T20:45:22.039598+00:00,SYSTEM,ENV_HASH_ERROR,name 'check_env_hash_drift' is not defined
2026-09-28T20:50:23.188443+00:00,SYSTEM,ENV_HASH_ERROR,name 'check_env_hash_drift' is not defined
2026-09-28T20:55:24.193809+00:00,SYSTEM,ENV_HASH_ERROR,name 'check_env_hash_drift' is not defined
2026-09-28T21:00:25.529672+00:00,SYSTEM,ENV_HASH_ERROR,name 'check_env_hash_drift' is not defined
2026-09-28T21:05:26.888089+00:00,SYSTEM,ENV_HASH_ERROR,name 'check_env_hash_drift' is not defined
2026-09-28T21:10:27.693697+00:00,SYSTEM,ENV_HASH_ERROR,name 'check_env_hash_drift' is not defined
2026-09-28T21:15:28.757212+00:00,SYSTEM,ENV_HASH_ERROR,name 'check_env_hash_drift' is not defined
2026-09-28T21:20:29.857407+00:00,SYSTEM,ENV_HASH_ERROR,name 'check_env_hash_drift' is not defined
2026-09-28T21:25:30.664406+00:00,SYSTEM,ENV_HASH_ERROR,name 'check_env_hash_drift' is not defined
2026-09-28T21:30:31.715332+00:00,SYSTEM,ENV_HASH_ERROR,name 'check_env_hash_drift' is not defined
2026-09-28T21:35:32.772713+00:00,SYSTEM,ENV_HASH_ERROR,name 'check_env_hash_drift' is not defined
2026-09-28T21:40:33.888224+00:00,SYSTEM,ENV_HASH_ERROR,name 'check_env_hash_drift' is not defined
2026-09-28T21:45:34.765755+00:00,SYSTEM,ENV_HASH_ERROR,name 'check_env_hash_drift' is not defined
2026-09-28T21:50:35.913156+00:00,SYSTEM,ENV_HASH_ERROR,name 'check_env_hash_drift' is not defined
2026-09-28T21:55:36.825509+00:00,SYSTEM,ENV_HASH_ERROR,name 'check_env_hash_drift' is not defined
2026-09-28T22:00:38.024007+00:00,SYSTEM,ENV_HASH_ERROR,name 'check_env_hash_drift' is not defined
2026-09-28T22:05:38.798816+00:00,SYSTEM,ENV_HASH_ERROR,name 'check_env_hash_drift' is not defined
2026-09-28T22:10:39.920580+00:00,SYSTEM,ENV_HASH_ERROR,name 'check_env_hash_drift' is not defined
2026-09-28T22:15:40.709290+00:00,SYSTEM,ENV_HASH_ERROR,name 'check_env_hash_drift' is not defined
2026-09-28T22:20:42.096700+00:00,SYSTEM,ENV_HASH_ERROR,name 'check_env_hash_drift' is not defined
2026-09-28T22:25:43.513425+00:00,SYSTEM,ENV_HASH_ERROR,name 'check_env_hash_drift' is not defined
2026-09-28T22:30:44.343176+00:00,SYSTEM,ENV_HASH_ERROR,name 'check_env_hash_drift' is not defined
2026-09-28T22:35:45.388337+00:00,SYSTEM,ENV_HASH_ERROR,name 'check_env_hash_drift' is not defined
2026-09-28T22:40:46.767277+00:00,SYSTEM,ENV_HASH_ERROR,name 'check_env_hash_drift' is not defined
2026-09-28T22:45:47.558429+00:00,SYSTEM,ENV_HASH_ERROR,name 'check_env_hash_drift' is not defined
2026-09-28T22:50:48.554705+00:00,SYSTEM,ENV_HASH_ERROR,name 'check_env_hash_drift' is not defined
2026-09-28T22:55:49.883852+00:00,SYSTEM,ENV_HASH_ERROR,name 'check_env_hash_drift' is not defined
2026-09-28T23:00:50.967676+00:00,SYSTEM,ENV_HASH_ERROR,name 'check_env_hash_drift' is not defined
2026-09-28T23:05:51.734959+00:00,SYSTEM,ENV_HASH_ERROR,name 'check_env_hash_drift' is not defined
2026-09-28T23:10:52.870519+00:00,SYSTEM,ENV_HASH_ERROR,name 'check_env_hash_drift' is not defined
2026-09-28T23:15:53.692583+00:00,SYSTEM,ENV_HASH_ERROR,name 'check_env_hash_drift' is not defined
2026-09-28T23:20:55.067380+00:00,SYSTEM,ENV_HASH_ERROR,name 'check_env_hash_drift' is not defined
2026-09-28T23:25:56.059168+00:00,SYSTEM,ENV_HASH_ERROR,name 'check_env_hash_drift' is not defined
2026-09-28T23:30:57.141882+00:00,SYSTEM,ENV_HASH_ERROR,name 'check_env_hash_drift' is not defined
2026-09-28T23:35:57.920809+00:00,SYSTEM,ENV_HASH_ERROR,name 'check_env_hash_drift' is not defined
2026-09-28T23:40:59.129762+00:00,SYSTEM,ENV_HASH_ERROR,name 'check_env_hash_drift' is not defined
2026-09-28T23:46:00.460665+00:00,SYSTEM,ENV_HASH_ERROR,name 'check_env_hash_drift' is not defined
2026-09-28T23:51:01.244705+00:00,SYSTEM,ENV_HASH_ERROR,name 'check_env_hash_drift' is not defined
2026-09-28T23:56:02.025760+00:00,SYSTEM,ENV_HASH_ERROR,name 'check_env_hash_drift' is not defined
2026-09-29T00:01:03.306292+00:00,SYSTEM,ENV_HASH_ERROR,name 'check_env_hash_drift' is not defined
