Date,Time,Open,High,Low,Close,Volume
2026-06-06,18:00:00,60560.0,60730.0,60370.0,60611.5,668964.0
2026-06-06,19:00:00,60611.5,60767.0,60508.0,60569.5,368469.0
2026-06-06,20:00:00,60569.5,60736.0,60490.5,60666.5,172280.0
2026-06-06,21:00:00,60685.0,60976.0,60679.0,60730.0,251728.0
2026-06-06,22:00:00,60715.5,60794.5,60400.0,60519.0,235108.0
2026-06-06,23:00:00,60520.0,60917.5,60518.0,60856.5,121300.0
2026-06-07,00:00:00,60845.5,60968.5,60714.0,60756.0,143212.0
2026-06-07,01:00:00,60750.0,61641.5,60726.5,61459.5,717876.0
2026-06-07,02:00:00,61462.5,61547.0,61156.0,61479.5,558863.0
2026-06-07,03:00:00,61476.0,61764.5,61383.5,61678.0,580477.0
2026-06-07,04:00:00,61676.0,61872.5,61453.5,61861.0,788182.0
2026-06-07,05:00:00,61860.0,62137.0,61614.5,61715.0,1038639.0
2026-06-07,06:00:00,61715.0,62260.0,61584.0,62087.0,1113750.0
2026-06-07,07:00:00,62083.5,62387.0,61960.0,62371.5,776027.0
2026-06-07,08:00:00,62372.5,62949.0,62222.0,62829.5,1531662.0
2026-06-07,09:00:00,62830.5,62893.0,62382.5,62515.5,1101016.0
2026-06-07,10:00:00,62515.5,62553.5,62279.0,62350.5,898289.0
2026-06-07,11:00:00,62349.5,62736.5,62339.0,62600.5,775475.0
2026-06-07,12:00:00,62605.5,62624.5,61541.5,61878.0,2068129.0
2026-06-07,13:00:00,61871.0,61886.5,61625.5,61681.0,690490.0
2026-06-07,14:00:00,61682.0,62291.5,61680.5,61883.5,1301268.0
2026-06-07,15:00:00,61878.5,62196.5,61646.0,62078.5,1000906.0
2026-06-07,16:00:00,62078.5,62306.0,61935.5,62061.0,865053.0
2026-06-07,17:00:00,62060.0,62306.5,62017.5,62135.5,649522.0
2026-06-07,18:00:00,62135.5,62275.0,61995.0,62004.0,445814.0
2026-06-07,19:00:00,62011.0,62016.0,61158.5,61309.5,1339278.0
2026-06-07,20:00:00,61308.0,61954.0,61195.5,61850.0,613739.0
2026-06-07,21:00:00,61849.0,61986.5,61624.0,61756.0,280747.0
2026-06-07,22:00:00,61779.0,64240.0,61696.0,62845.5,1003218.0
2026-06-07,23:00:00,62838.0,63431.5,62769.0,63303.0,428639.0
2026-06-08,00:00:00,63298.0,63851.5,63117.0,63605.0,465711.0
2026-06-08,01:00:00,63615.0,63625.5,62688.0,63192.0,720969.0
2026-06-08,02:00:00,63200.0,63245.0,62887.5,63104.0,379745.0
2026-06-08,03:00:00,63104.0,63446.0,62950.0,63107.5,414033.0
2026-06-08,04:00:00,63108.5,63156.5,62630.0,62660.5,704535.0
2026-06-08,05:00:00,62661.5,62806.5,62383.0,62746.5,901203.0
2026-06-08,06:00:00,62747.5,63126.5,62708.0,62964.0,662555.0
2026-06-08,07:00:00,62960.5,63327.5,62785.0,63266.5,789318.0
2026-06-08,08:00:00,63265.5,63265.5,62961.5,63107.5,527314.0
2026-06-08,09:00:00,63106.5,63553.5,63099.5,63476.5,880716.0
2026-06-08,10:00:00,63476.5,63531.5,63061.5,63137.0,735917.0
2026-06-08,11:00:00,63131.0,63855.5,63026.0,63453.0,1216818.0
2026-06-08,12:00:00,63463.0,63928.0,62676.0,63850.5,1733148.0
2026-06-08,13:00:00,63850.5,63926.5,63337.0,63727.5,1412662.0
2026-06-08,14:00:00,63737.5,64060.5,63538.5,63939.5,994084.0
2026-06-08,15:00:00,63940.5,64186.0,63676.5,63752.0,1482893.0
2026-06-08,16:00:00,63752.0,64021.5,63437.0,63503.5,1267848.0
2026-06-08,17:00:00,63503.5,63626.5,63220.0,63526.0,1264971.0
2026-06-08,18:00:00,63525.0,63666.0,63309.0,63445.0,704641.0
2026-06-08,19:00:00,63440.5,63576.5,63323.0,63351.5,360204.0
2026-06-08,20:00:00,63359.5,63466.0,63139.5,63466.0,414635.0
2026-06-08,21:00:00,63472.0,63836.0,63461.0,63696.5,354601.0
2026-06-08,22:00:00,63696.5,63696.5,63177.0,63414.5,314832.0
2026-06-08,23:00:00,63405.5,63574.0,62945.5,63067.0,355671.0
2026-06-09,00:00:00,63047.0,63164.0,62388.0,62531.0,516263.0
2026-06-09,01:00:00,62528.5,62853.5,62519.0,62739.5,349341.0
2026-06-09,02:00:00,62737.0,62855.0,62510.0,62845.5,420361.0
2026-06-09,03:00:00,62846.5,62952.5,62670.0,62847.0,503519.0
2026-06-09,04:00:00,62848.0,63407.5,62721.0,63219.5,754489.0
2026-06-09,05:00:00,63219.5,63506.5,63093.5,63324.0,570045.0
2026-06-09,06:00:00,63326.0,63494.0,63206.5,63286.0,406532.0
2026-06-09,07:00:00,63286.0,63430.0,62979.5,63176.5,598479.0
2026-06-09,08:00:00,63177.5,63189.5,62742.5,62822.5,638567.0
2026-06-09,09:00:00,62822.5,62924.5,62561.5,62688.5,668121.0
2026-06-09,10:00:00,62688.5,62807.0,62566.5,62756.0,525481.0
2026-06-09,11:00:00,62757.0,62793.5,62465.0,62686.5,713373.0
2026-06-09,12:00:00,62685.5,62875.5,62410.5,62618.5,988844.0
2026-06-09,13:00:00,62623.5,62725.5,62132.5,62250.0,1720304.0
2026-06-09,14:00:00,62250.0,62378.5,61112.0,61517.5,2815522.0
2026-06-09,15:00:00,61517.5,61689.0,61007.0,61110.0,1756906.0
2026-06-09,16:00:00,61108.5,61477.0,60761.0,61374.0,2201688.0
2026-06-09,17:00:00,61373.0,61865.5,61373.0,61674.0,1532766.0
2026-06-09,18:00:00,61674.5,61944.5,61574.0,61762.0,765988.0
2026-06-09,19:00:00,61763.0,62086.0,61690.5,62075.5,611140.0
2026-06-09,20:00:00,62075.5,62256.5,61925.0,62139.0,433183.0
2026-06-09,21:00:00,62139.0,62156.5,61668.0,61735.5,265624.0
2026-06-09,22:00:00,61754.0,61952.0,61640.0,61691.0,228187.0
2026-06-09,23:00:00,61693.5,61856.5,61523.0,61701.5,191168.0
2026-06-10,00:00:00,61701.5,61914.5,61415.0,61892.0,320791.0
2026-06-10,01:00:00,61893.0,61952.0,61550.0,61693.5,337330.0
2026-06-10,02:00:00,61694.0,61813.0,61207.0,61277.0,506107.0
2026-06-10,03:00:00,61278.0,61572.5,61256.0,61525.0,368556.0
2026-06-10,04:00:00,61527.5,61541.5,61159.5,61275.5,448440.0
2026-06-10,05:00:00,61277.5,61375.0,61051.5,61328.5,567420.0
2026-06-10,06:00:00,61328.5,61497.5,61114.5,61442.0,570162.0
2026-06-10,07:00:00,61438.5,61774.5,61406.5,61660.0,714355.0
2026-06-10,08:00:00,61660.5,61714.5,61134.5,61234.5,883006.0
2026-06-10,09:00:00,61237.5,61403.0,60706.0,61310.0,1228161.0
2026-06-10,10:00:00,61309.0,61433.5,61123.0,61356.0,532701.0
2026-06-10,11:00:00,61356.0,61412.0,60840.0,61009.0,791270.0
2026-06-10,12:00:00,61009.5,61899.5,60936.0,61537.5,1280853.0
2026-06-10,13:00:00,61537.5,62428.0,61414.0,62130.0,1795973.0
2026-06-10,14:00:00,62130.0,62237.0,61788.0,62177.5,1393633.0
2026-06-10,15:00:00,62177.5,62837.5,61820.5,62610.5,1974361.0
2026-06-10,16:00:00,62611.5,62623.5,61898.0,62201.5,1525347.0
2026-06-10,17:00:00,62201.5,62337.0,61622.0,61950.0,1484475.0
2026-06-10,18:00:00,61951.5,62136.5,61567.0,61856.0,867376.0
2026-06-10,19:00:00,61862.5,62044.5,61647.0,61914.5,550726.0
2026-06-10,20:00:00,61902.0,61925.0,61651.5,61777.0,290311.0
2026-06-10,21:00:00,61777.0,61780.0,61156.0,61329.5,434407.0
2026-06-10,22:00:00,61341.5,61554.5,61075.5,61360.0,231807.0
2026-06-10,23:00:00,61340.0,61589.0,61142.0,61490.5,169280.0
2026-06-11,00:00:00,61490.5,61962.5,61490.5,61800.5,259048.0
2026-06-11,01:00:00,61801.5,62351.5,61800.5,62186.5,361147.0
2026-06-11,02:00:00,62187.0,62285.0,61917.5,62120.5,460699.0
2026-06-11,03:00:00,62119.5,62877.5,61981.5,62663.0,549637.0
2026-06-11,04:00:00,62664.0,62833.5,62520.5,62698.5,486435.0
2026-06-11,05:00:00,62698.5,62703.5,62533.0,62588.5,328447.0
2026-06-11,06:00:00,62588.5,62980.0,62514.5,62740.0,765777.0
2026-06-11,07:00:00,62740.0,62819.0,62584.0,62699.0,471190.0
2026-06-11,08:00:00,62697.5,63032.0,62697.5,62934.0,500059.0
2026-06-11,09:00:00,62934.0,62977.5,62758.5,62896.0,410089.0
2026-06-11,10:00:00,62902.5,63193.5,62777.0,63127.0,625780.0
2026-06-11,11:00:00,63126.0,63243.0,63023.5,63084.0,643723.0
2026-06-11,12:00:00,63087.5,63180.5,62495.0,62984.0,1374511.0
2026-06-11,13:00:00,62985.0,63206.5,62653.0,63053.0,1133669.0
2026-06-11,14:00:00,63052.0,63057.5,62703.5,62705.5,1013619.0
2026-06-11,15:00:00,62709.0,62861.5,62506.0,62727.0,1007953.0
2026-06-11,16:00:00,62728.0,62816.5,62526.0,62552.5,690990.0
2026-06-11,17:00:00,62553.5,63648.5,62318.5,63621.0,2328895.0
2026-06-11,18:00:00,63618.0,63774.0,63295.0,63431.5,1062025.0
2026-06-11,19:00:00,63431.5,63911.0,63363.5,63573.0,710125.0
2026-06-11,20:00:00,63605.5,63636.5,63239.0,63372.0,387637.0
2026-06-11,21:00:00,63367.5,63574.0,63365.5,63494.0,144465.0
2026-06-11,22:00:00,63494.0,63647.5,63431.0,63473.0,104566.0
2026-06-11,23:00:00,63466.5,63701.5,63334.0,63604.5,138726.0
2026-06-12,00:00:00,63603.5,63780.0,63494.5,63623.5,173604.0
2026-06-12,01:00:00,63621.0,63621.0,63277.5,63409.5,281319.0
2026-06-12,02:00:00,63409.5,63765.0,63408.5,63595.0,304094.0
2026-06-12,03:00:00,63595.0,63627.0,63323.0,63497.0,267654.0
2026-06-12,04:00:00,63497.0,63850.0,63399.0,63676.0,430827.0
2026-06-12,05:00:00,63677.0,63702.0,63272.5,63323.5,494820.0
2026-06-12,06:00:00,63323.0,63393.5,62809.0,62961.5,953146.0
2026-06-12,07:00:00,62967.5,63173.5,62925.5,63072.0,461585.0
2026-06-12,08:00:00,63077.5,63594.0,63069.5,63447.0,872634.0
2026-06-12,09:00:00,63446.0,63938.0,63407.0,63736.5,945930.0
2026-06-12,10:00:00,63727.5,63830.0,63550.0,63672.0,589150.0
2026-06-12,11:00:00,63671.0,63862.5,63656.0,63735.0,558423.0
2026-06-12,12:00:00,63736.0,63752.0,63343.0,63440.5,866226.0
2026-06-12,13:00:00,63440.5,63515.0,63026.5,63206.0,1142529.0
2026-06-12,14:00:00,63209.5,63986.0,63176.0,63978.0,1910499.0
2026-06-12,15:00:00,63977.0,64369.5,63520.0,63564.0,2188387.0
2026-06-12,16:00:00,63564.0,63981.5,63482.5,63957.0,1015381.0
2026-06-12,17:00:00,63957.0,64088.0,63714.0,63843.5,820582.0
2026-06-12,18:00:00,63843.5,63913.5,63653.5,63667.5,652664.0
2026-06-12,19:00:00,63667.5,63797.5,63561.0,63561.0,380472.0
2026-06-12,20:00:00,63561.0,63671.0,63370.0,63423.0,278853.0
2026-06-12,21:00:00,63435.5,63610.0,63419.0,63456.0,177005.0
2026-06-12,22:00:00,63456.0,63640.0,63441.5,63492.5,84351.0
2026-06-12,23:00:00,63489.5,63560.5,63399.5,63552.5,93034.0
2026-06-13,00:00:00,63546.0,63626.0,63486.0,63575.0,133590.0
2026-06-13,01:00:00,63581.0,63825.5,63580.5,63808.0,224244.0
2026-06-13,02:00:00,63807.0,63813.0,63525.0,63618.0,260056.0
2026-06-13,03:00:00,63619.0,63701.5,63376.0,63500.5,351641.0
2026-06-13,04:00:00,63500.5,63626.0,63450.5,63481.0,311241.0
2026-06-13,05:00:00,63481.0,63571.0,63462.0,63561.5,182117.0
2026-06-13,06:00:00,63561.5,63725.0,63522.0,63713.0,368687.0
2026-06-13,07:00:00,63713.0,63867.0,63643.0,63830.5,457358.0
2026-06-13,08:00:00,63830.5,63896.5,63735.0,63778.5,485507.0
2026-06-13,09:00:00,63778.5,63839.5,63713.0,63715.5,264824.0
2026-06-13,10:00:00,63716.5,63890.0,63695.0,63819.0,347905.0
2026-06-13,11:00:00,63819.5,63955.0,63815.0,63942.0,392144.0
2026-06-13,12:00:00,63942.0,64194.5,63890.5,64110.0,557139.0
2026-06-13,13:00:00,64110.0,64225.0,64032.5,64078.0,592877.0
2026-06-13,14:00:00,64077.0,64215.5,64058.0,64195.5,312994.0
2026-06-13,15:00:00,64196.5,64326.5,64153.0,64272.0,648019.0
2026-06-13,16:00:00,64274.0,64283.0,63883.5,64003.0,1045328.0
2026-06-13,17:00:00,64003.0,64097.0,63909.0,63946.5,467066.0
2026-06-13,18:00:00,63945.5,64254.5,63945.5,64129.5,520856.0
2026-06-13,19:00:00,64128.5,64305.5,64117.5,64270.0,239844.0
2026-06-13,20:00:00,64270.0,64271.0,64201.0,64259.0,129569.0
2026-06-13,21:00:00,64260.0,64745.5,64196.0,64442.0,442193.0
2026-06-13,22:00:00,64435.0,64535.5,64355.0,64419.0,158983.0
2026-06-13,23:00:00,64425.0,64575.0,64357.5,64424.0,146767.0
2026-06-14,00:00:00,64411.5,64555.5,64344.0,64525.0,142020.0
2026-06-14,01:00:00,64526.0,64689.0,64471.5,64541.0,211907.0
2026-06-14,02:00:00,64540.0,64613.0,64442.5,64456.0,195042.0
2026-06-14,03:00:00,64457.0,64525.0,64427.5,64520.5,218026.0
2026-06-14,04:00:00,64521.5,64539.5,64287.0,64306.5,347074.0
2026-06-14,05:00:00,64306.5,64385.5,64264.5,64321.5,339557.0
2026-06-14,06:00:00,64325.0,64457.0,64216.0,64264.5,475161.0
2026-06-14,07:00:00,64263.5,64420.0,64196.0,64398.0,413170.0
2026-06-14,08:00:00,64399.0,64492.0,64359.0,64430.0,339720.0
2026-06-14,09:00:00,64429.0,64599.0,64287.5,64590.5,551290.0
2026-06-14,10:00:00,64590.5,64647.5,64464.5,64492.0,416312.0
2026-06-14,11:00:00,64491.0,64617.5,64424.5,64517.5,321605.0
2026-06-14,12:00:00,64524.5,64538.0,64261.5,64303.5,499036.0
2026-06-14,13:00:00,64303.5,64375.5,64213.0,64294.0,439316.0
2026-06-14,14:00:00,64293.0,64320.5,63836.0,63960.5,1104911.0
2026-06-14,15:00:00,63960.5,64130.5,63951.5,64002.0,520313.0
2026-06-14,16:00:00,63998.5,64190.0,63906.5,63920.5,594152.0
2026-06-14,17:00:00,63919.5,64002.5,63661.0,63712.0,816946.0
2026-06-14,18:00:00,63712.0,63795.0,63656.5,63790.5,368667.0
2026-06-14,19:00:00,63789.5,63838.0,63707.0,63783.0,197532.0
2026-06-14,20:00:00,63784.0,64075.5,63767.5,63985.0,281629.0
2026-06-14,21:00:00,63985.0,65659.0,63979.0,65291.5,1187933.0
2026-06-14,22:00:00,65291.5,65549.0,64927.0,65390.0,519899.0
2026-06-14,23:00:00,65396.5,65780.0,65229.5,65709.5,484812.0
2026-06-15,00:00:00,65708.5,65876.0,65449.0,65597.5,421902.0
2026-06-15,01:00:00,65597.5,65707.5,65321.0,65490.0,386439.0
2026-06-15,02:00:00,65490.0,65757.0,65390.0,65436.5,391841.0
2026-06-15,03:00:00,65436.5,65995.0,65400.0,65902.0,594444.0
2026-06-15,04:00:00,65901.0,65901.0,65607.5,65618.5,380239.0
2026-06-15,05:00:00,65618.5,65852.0,65584.0,65835.0,367216.0
2026-06-15,06:00:00,65835.5,65940.0,65744.0,65779.0,398988.0
2026-06-15,07:00:00,65779.0,65985.5,65600.0,65649.5,544960.0
2026-06-15,08:00:00,65648.5,65776.5,65586.5,65625.5,326626.0
2026-06-15,09:00:00,65627.0,65747.5,65474.5,65567.0,426215.0
2026-06-15,10:00:00,65566.0,65937.0,65551.0,65891.0,491063.0
2026-06-15,11:00:00,65888.5,66354.0,65813.5,66199.0,1117769.0
2026-06-15,12:00:00,66203.5,66577.0,66067.5,66536.0,947441.0
2026-06-15,13:00:00,66536.0,66922.5,66380.0,66417.0,1642141.0
2026-06-15,14:00:00,66417.0,66647.0,66271.5,66558.5,1005555.0
2026-06-15,15:00:00,66559.5,67262.0,66548.0,67256.0,1378601.0
2026-06-15,16:00:00,67256.0,67261.5,67059.0,67128.5,890094.0
2026-06-15,17:00:00,67128.5,67129.0,66641.5,66828.0,1236445.0
2026-06-15,18:00:00,66828.0,66907.5,66685.0,66732.5,430309.0
2026-06-15,19:00:00,66733.5,66863.5,66322.5,66575.5,707493.0
2026-06-15,20:00:00,66585.0,66662.5,66458.0,66496.0,186573.0
2026-06-15,21:00:00,66496.0,66542.0,66301.5,66344.0,154051.0
2026-06-15,22:00:00,66345.0,66453.5,66071.5,66176.5,305008.0
2026-06-15,23:00:00,66177.5,66341.0,66099.0,66293.0,141101.0
2026-06-16,00:00:00,66288.5,66434.0,66203.5,66224.0,230844.0
2026-06-16,01:00:00,66224.0,66392.5,66213.0,66316.0,141516.0
2026-06-16,02:00:00,66317.0,66339.5,65661.5,65720.5,756859.0
2026-06-16,03:00:00,65721.5,66147.0,65617.5,66132.5,543877.0
2026-06-16,04:00:00,66132.5,66256.5,65775.0,65817.5,521149.0
2026-06-16,05:00:00,65818.5,66126.0,65818.5,66037.5,349002.0
2026-06-16,06:00:00,66034.5,66542.5,66034.5,66413.5,640601.0
2026-06-16,07:00:00,66414.0,66504.0,66278.5,66349.0,374114.0
2026-06-16,08:00:00,66349.0,66964.0,66317.5,66871.0,776148.0
2026-06-16,09:00:00,66871.0,66885.5,66445.5,66484.5,626938.0
2026-06-16,10:00:00,66485.5,66756.5,66457.5,66482.5,524701.0
2026-06-16,11:00:00,66482.5,66626.5,66338.0,66462.0,525010.0
2026-06-16,12:00:00,66470.0,66794.5,66331.5,66397.5,877793.0
2026-06-16,13:00:00,66396.5,66440.5,65901.0,66020.5,1254465.0
2026-06-16,14:00:00,66031.0,66246.5,65333.0,65636.5,1711458.0
2026-06-16,15:00:00,65637.5,65987.0,65586.5,65848.0,1080858.0
2026-06-16,16:00:00,65849.0,65939.0,65681.5,65737.0,475910.0
2026-06-16,17:00:00,65744.0,65999.5,65683.5,65952.5,577700.0
2026-06-16,18:00:00,65953.5,66231.0,65773.0,65828.5,904243.0
2026-06-16,19:00:00,65824.5,65824.5,65535.5,65659.5,531072.0
2026-06-16,20:00:00,65614.0,65841.0,65567.5,65830.0,231992.0
2026-06-16,21:00:00,65835.0,65916.5,65615.5,65748.5,149381.0
2026-06-16,22:00:00,65748.5,65862.0,65651.5,65752.5,69160.0
2026-06-16,23:00:00,65756.5,65812.0,65596.0,65652.0,70234.0
2026-06-17,00:00:00,65652.0,65828.0,65652.0,65685.5,129141.0
2026-06-17,01:00:00,65688.5,65933.0,65448.5,65907.5,348797.0
2026-06-17,02:00:00,65908.5,66099.5,65750.0,65880.0,367140.0
2026-06-17,03:00:00,65879.0,65880.0,65678.0,65821.5,212886.0
2026-06-17,04:00:00,65826.0,66021.5,65758.0,65859.0,250085.0
2026-06-17,05:00:00,65860.0,65955.5,65708.0,65802.5,302289.0
2026-06-17,06:00:00,65805.0,65877.0,65546.0,65596.5,336213.0
2026-06-17,07:00:00,65592.0,65687.5,65216.5,65510.0,794451.0
2026-06-17,08:00:00,65511.0,65553.0,64806.0,64895.5,1147373.0
2026-06-17,09:00:00,64895.5,65052.0,64806.0,64886.5,470506.0
2026-06-17,10:00:00,64886.5,64971.5,64737.0,64777.0,516768.0
2026-06-17,11:00:00,64777.0,64841.5,64534.0,64780.5,905648.0
2026-06-17,12:00:00,64780.5,65090.0,64556.0,65012.5,959020.0
2026-06-17,13:00:00,65012.5,65340.0,64811.0,65241.0,1157237.0
2026-06-17,14:00:00,65238.0,65436.5,64734.0,65079.5,1515274.0
2026-06-17,15:00:00,65079.0,65835.0,64951.5,65720.0,1302800.0
2026-06-17,16:00:00,65719.0,66424.0,65683.0,65836.0,1452354.0
2026-06-17,17:00:00,65838.5,66167.5,65761.5,66063.0,714902.0
2026-06-17,18:00:00,66070.0,66072.5,64768.5,65488.5,2551509.0
2026-06-17,19:00:00,65488.5,65639.0,64036.5,64277.0,1739838.0
2026-06-17,20:00:00,64271.0,64467.0,64150.0,64411.5,475750.0
2026-06-17,21:00:00,64411.5,64433.5,64110.0,64236.0,162998.0
2026-06-17,22:00:00,64238.5,64418.0,63888.5,64271.0,229454.0
2026-06-17,23:00:00,64272.0,64502.0,64222.5,64484.0,143671.0
2026-06-18,00:00:00,64485.0,64682.5,64430.0,64439.5,206019.0
2026-06-18,01:00:00,64439.5,64786.5,64435.0,64526.5,253452.0
2026-06-18,02:00:00,64538.5,64756.5,64459.0,64658.0,220235.0
2026-06-18,03:00:00,64655.0,64659.0,64234.5,64260.5,408103.0
2026-06-18,04:00:00,64261.5,64310.5,63802.5,63856.0,627987.0
2026-06-18,05:00:00,63856.0,64006.5,63667.0,63968.5,561648.0
2026-06-18,06:00:00,63968.0,64103.5,63819.0,64056.5,378861.0
2026-06-18,07:00:00,64068.5,64487.0,63991.0,64477.0,623910.0
2026-06-18,08:00:00,64478.0,64632.5,64355.5,64376.5,483839.0
2026-06-18,09:00:00,64375.5,64456.5,64168.5,64178.5,563979.0
2026-06-18,10:00:00,64179.5,64204.0,63887.0,64057.0,739215.0
2026-06-18,11:00:00,64057.0,64182.5,63859.5,63946.0,530348.0
2026-06-18,12:00:00,63950.0,64386.0,63898.5,64351.5,718763.0
2026-06-18,13:00:00,64351.5,64420.0,63771.0,63959.0,1274720.0
2026-06-18,14:00:00,63959.0,64188.0,63568.5,63790.0,1666479.0
2026-06-18,15:00:00,63790.0,63802.5,62265.0,62344.5,2611590.0
2026-06-18,16:00:00,62344.0,62795.5,62320.0,62671.0,1315944.0
2026-06-18,17:00:00,62678.0,62730.5,62245.0,62586.0,1283714.0
2026-06-18,18:00:00,62589.0,62940.0,62558.5,62690.0,919855.0
2026-06-18,19:00:00,62689.0,62990.5,62614.0,62932.0,359736.0
2026-06-18,20:00:00,62940.0,63260.0,62940.0,63069.0,363882.0
2026-06-18,21:00:00,63070.0,63105.5,62841.5,62946.0,199332.0
2026-06-18,22:00:00,62942.0,62965.0,62716.5,62859.5,126906.0
2026-06-18,23:00:00,62848.5,62964.5,62728.5,62931.0,84108.0
2026-06-19,00:00:00,62931.0,63073.5,62818.5,62998.5,139398.0
2026-06-19,01:00:00,62998.5,63080.0,62820.0,63001.0,191995.0
2026-06-19,02:00:00,63001.0,63094.5,62864.0,62980.0,196311.0
2026-06-19,03:00:00,62980.5,63011.5,62356.0,62752.0,643964.0
2026-06-19,04:00:00,62752.0,62895.5,62381.5,62423.0,511484.0
2026-06-19,05:00:00,62428.5,62721.5,62423.0,62714.0,286479.0
2026-06-19,06:00:00,62714.0,62895.5,62697.0,62872.0,395452.0
2026-06-19,07:00:00,62871.0,62904.5,62471.0,62598.0,483974.0
2026-06-19,08:00:00,62598.0,62765.0,62515.5,62582.5,257980.0
2026-06-19,09:00:00,62582.5,62630.0,62280.5,62358.5,556457.0
2026-06-19,10:00:00,62358.5,62577.0,62356.0,62513.0,415345.0
2026-06-19,11:00:00,62513.0,62669.0,62425.5,62605.5,404126.0
2026-06-19,12:00:00,62610.5,62851.5,62321.0,62805.0,864527.0
2026-06-19,13:00:00,62805.0,63401.0,62636.0,63186.0,1563133.0
2026-06-19,14:00:00,63180.0,63395.5,62978.5,63180.5,1163425.0
2026-06-19,15:00:00,63180.5,63273.0,62997.0,63199.0,746205.0
2026-06-19,16:00:00,63200.0,63378.0,62903.5,62953.5,999566.0
2026-06-19,17:00:00,62950.5,63211.5,62844.0,63172.5,1087165.0
2026-06-19,18:00:00,63172.5,63182.0,62963.5,63086.0,437789.0
2026-06-19,19:00:00,63085.0,63123.5,62919.0,62991.5,208017.0
2026-06-19,20:00:00,63011.0,63255.0,62932.0,63223.0,200496.0
2026-06-19,21:00:00,63224.0,63261.5,63029.5,63052.5,156056.0
2026-06-19,22:00:00,63046.5,63352.5,63021.0,63293.5,171020.0
2026-06-19,23:00:00,63300.5,63651.5,63256.0,63519.5,266879.0
2026-06-20,00:00:00,63500.5,63756.5,63441.0,63502.5,282854.0
2026-06-20,01:00:00,63502.5,63601.0,63374.5,63557.5,261452.0
2026-06-20,02:00:00,63550.0,63550.0,63307.5,63311.5,298860.0
2026-06-20,03:00:00,63311.5,63494.0,63288.0,63452.5,306011.0
2026-06-20,04:00:00,63450.5,63595.5,63373.5,63559.5,323610.0
2026-06-20,05:00:00,63561.5,63891.5,63515.0,63652.0,736242.0
2026-06-20,06:00:00,63651.0,63736.5,63614.5,63717.0,289524.0
2026-06-20,07:00:00,63716.0,63781.0,63564.0,63631.5,430473.0
2026-06-20,08:00:00,63630.5,63638.0,63366.0,63396.5,597770.0
2026-06-20,09:00:00,63396.5,63766.0,63396.0,63706.5,636636.0
2026-06-20,10:00:00,63708.0,63754.5,63565.5,63655.5,366094.0
2026-06-20,11:00:00,63656.5,63777.0,63592.5,63657.0,352558.0
2026-06-20,12:00:00,63657.0,63762.5,63506.0,63634.5,460076.0
2026-06-20,13:00:00,63633.5,63633.5,63248.0,63374.0,858997.0
2026-06-20,14:00:00,63374.0,64099.5,63150.0,63936.0,1464202.0
2026-06-20,15:00:00,63935.0,64373.5,63816.0,64140.5,1162308.0
2026-06-20,16:00:00,64149.5,64155.5,63881.0,64005.5,649791.0
2026-06-20,17:00:00,64006.5,64021.0,63694.0,63823.0,681016.0
2026-06-20,18:00:00,63817.5,63905.5,63756.0,63782.0,264888.0
2026-06-20,19:00:00,63783.0,63947.0,63770.0,63912.0,189221.0
2026-06-20,20:00:00,63911.0,63951.5,63826.0,63900.0,103800.0
2026-06-20,21:00:00,63906.0,64075.0,63892.5,63989.5,116078.0
2026-06-20,22:00:00,63989.5,64332.0,63952.0,64251.5,220640.0
2026-06-20,23:00:00,64251.5,64324.5,64228.5,64277.0,83273.0
2026-06-21,00:00:00,64283.5,64309.0,64223.5,64270.0,118129.0
2026-06-21,01:00:00,64270.0,64303.5,64204.5,64227.0,143522.0
2026-06-21,02:00:00,64224.0,64258.0,64205.0,64226.0,104721.0
2026-06-21,03:00:00,64225.0,64456.5,64213.0,64405.5,471896.0
2026-06-21,04:00:00,64404.5,64571.5,64235.0,64259.5,509674.0
2026-06-21,05:00:00,64259.5,64347.5,64204.0,64233.5,390810.0
2026-06-21,06:00:00,64232.5,64306.5,64174.5,64275.5,342762.0
2026-06-21,07:00:00,64275.5,64276.5,64149.0,64177.0,314898.0
2026-06-21,08:00:00,64177.0,64211.5,63876.5,63994.5,720125.0
2026-06-21,09:00:00,63994.5,64231.5,63935.0,64195.0,490381.0
2026-06-21,10:00:00,64196.5,64391.5,64181.5,64344.5,506093.0
2026-06-21,11:00:00,64345.0,64461.5,64086.0,64156.5,796393.0
2026-06-21,12:00:00,64156.5,64215.5,63922.5,64168.0,622813.0
2026-06-21,13:00:00,64168.0,64168.0,63991.0,64129.0,341190.0
2026-06-21,14:00:00,64130.0,64135.0,63975.5,64126.5,316973.0
2026-06-21,15:00:00,64126.5,64337.0,64087.5,64206.0,518439.0
2026-06-21,16:00:00,64198.0,64238.5,64019.0,64128.0,403190.0
2026-06-21,17:00:00,64128.0,64204.0,64052.0,64120.5,242774.0
2026-06-21,18:00:00,64120.5,64223.5,63916.5,64186.0,499015.0
2026-06-21,19:00:00,64187.0,64281.5,64141.0,64180.5,208220.0
2026-06-21,20:00:00,64179.5,64250.5,63675.5,63830.0,512480.0
2026-06-21,21:00:00,63830.5,63950.5,63487.5,63784.0,449765.0
2026-06-21,22:00:00,63784.0,63846.5,63548.5,63781.0,202860.0
2026-06-21,23:00:00,63775.5,63775.5,63242.0,63284.5,263761.0
2026-06-22,00:00:00,63293.0,64080.0,63292.0,63867.0,461817.0
2026-06-22,01:00:00,63883.0,64797.0,63828.0,64581.0,807191.0
2026-06-22,02:00:00,64580.0,64648.0,64218.0,64233.5,411341.0
2026-06-22,03:00:00,64232.0,64441.5,63864.0,63941.0,729459.0
2026-06-22,04:00:00,63946.0,64092.0,63839.0,64070.5,345421.0
2026-06-22,05:00:00,64070.5,64318.5,64056.5,64226.0,428141.0
2026-06-22,06:00:00,64226.0,64305.5,63918.5,63967.0,419549.0
2026-06-22,07:00:00,63967.0,64386.0,63937.0,64194.5,432500.0
2026-06-22,08:00:00,64197.0,64339.0,64020.5,64147.5,409791.0
2026-06-22,09:00:00,64146.5,64238.5,64025.0,64126.0,214148.0
2026-06-22,10:00:00,64121.5,64256.5,64050.0,64115.5,304054.0
2026-06-22,11:00:00,64115.5,64752.5,64071.5,64630.0,1010427.0
2026-06-22,12:00:00,64631.0,65201.0,64551.5,65126.5,1410632.0
2026-06-22,13:00:00,65127.5,65573.0,64923.0,65555.0,1428193.0
2026-06-22,14:00:00,65554.0,65603.0,64810.0,64949.0,1641615.0
2026-06-22,15:00:00,64954.5,65124.0,64728.0,64814.5,1052022.0
2026-06-22,16:00:00,64816.5,64839.5,64488.0,64702.5,1200626.0
2026-06-22,17:00:00,64701.5,64753.0,64361.0,64587.5,933124.0
2026-06-22,18:00:00,64586.5,64715.0,64282.5,64312.5,653868.0
2026-06-22,19:00:00,64323.5,64482.5,64252.0,64434.5,384898.0
2026-06-22,20:00:00,64454.5,64644.0,64332.0,64416.5,255882.0
2026-06-22,21:00:00,64411.0,64467.5,64121.0,64296.5,254652.0
2026-06-22,22:00:00,64296.5,64377.5,63776.0,63954.0,332343.0
2026-06-22,23:00:00,63948.0,64034.5,63860.0,63997.0,129948.0
2026-06-23,00:00:00,63997.0,64137.0,63809.0,64126.0,209892.0
2026-06-23,01:00:00,64125.0,64248.5,63860.0,64132.0,352692.0
2026-06-23,02:00:00,64132.0,64250.0,64011.5,64171.5,233584.0
2026-06-23,03:00:00,64171.5,64179.0,63939.0,64044.0,310422.0
2026-06-23,04:00:00,64044.0,64075.5,63580.0,63600.5,589060.0
2026-06-23,05:00:00,63604.0,63711.5,63328.5,63379.0,676327.0
2026-06-23,06:00:00,63379.0,63381.0,62538.5,62911.5,1258781.0
2026-06-23,07:00:00,62912.5,63075.0,62834.0,62856.0,460199.0
2026-06-23,08:00:00,62856.0,62923.0,61887.0,62360.5,1310993.0
2026-06-23,09:00:00,62363.0,62488.0,62313.5,62356.0,341946.0
2026-06-23,10:00:00,62357.5,62560.5,62214.0,62297.0,680782.0
2026-06-23,11:00:00,62296.0,62608.0,62296.0,62484.0,760951.0
2026-06-23,12:00:00,62484.0,62538.5,62169.0,62233.5,610947.0
2026-06-23,13:00:00,62233.5,62511.0,61926.5,62455.0,1311971.0
2026-06-23,14:00:00,62453.0,62831.5,62373.0,62468.5,1528848.0
2026-06-23,15:00:00,62475.5,62485.5,62167.0,62462.5,1006556.0
2026-06-23,16:00:00,62462.5,62815.0,62400.0,62528.5,904470.0
2026-06-23,17:00:00,62527.5,62675.5,62307.0,62335.5,734828.0
2026-06-23,18:00:00,62336.5,62427.5,62081.0,62222.0,624204.0
2026-06-23,19:00:00,62221.0,62460.0,62208.0,62376.5,386035.0
2026-06-23,20:00:00,62390.5,62522.5,62349.5,62446.5,192444.0
2026-06-23,21:00:00,62452.5,62636.0,62447.5,62570.0,132102.0
2026-06-23,22:00:00,62569.5,62756.5,62494.0,62567.0,135581.0
2026-06-23,23:00:00,62567.0,62778.0,62478.5,62703.5,102133.0
2026-06-24,00:00:00,62706.0,63006.5,62702.5,62988.0,302077.0
2026-06-24,01:00:00,62994.5,63095.0,62740.5,62911.5,396799.0
2026-06-24,02:00:00,62910.5,63000.0,62580.5,62605.0,412033.0
2026-06-24,03:00:00,62604.0,62811.0,62433.5,62710.5,438634.0
2026-06-24,04:00:00,62711.5,62786.5,62506.0,62727.5,341191.0
2026-06-24,05:00:00,62726.5,63056.5,62684.0,62865.5,517922.0
2026-06-24,06:00:00,62866.5,62894.5,62706.0,62760.5,330297.0
2026-06-24,07:00:00,62760.5,62828.5,62579.0,62634.0,353609.0
2026-06-24,08:00:00,62642.5,62788.0,62580.0,62780.0,280577.0
2026-06-24,09:00:00,62779.5,62779.5,62614.0,62656.0,226303.0
2026-06-24,10:00:00,62657.0,62664.5,62398.0,62422.5,572066.0
2026-06-24,11:00:00,62422.5,63191.5,62290.0,62894.5,1275084.0
2026-06-24,12:00:00,62893.5,62946.0,62550.5,62596.0,676859.0
2026-06-24,13:00:00,62595.0,62607.0,61232.0,61315.0,2774787.0
2026-06-24,14:00:00,61310.5,61441.0,60876.5,61091.0,1756786.0
2026-06-24,15:00:00,61100.0,61127.0,60244.0,60261.5,1934132.0
2026-06-24,16:00:00,60261.5,60655.0,59405.0,59813.5,2131792.0
2026-06-24,17:00:00,59813.5,60024.5,59068.5,59370.0,2389399.0
2026-06-24,18:00:00,59373.0,59901.5,59274.5,59574.5,1504733.0
2026-06-24,19:00:00,59576.0,59969.5,59490.0,59929.0,667033.0
2026-06-24,20:00:00,59926.0,61194.5,59820.5,60932.0,1222424.0
2026-06-24,21:00:00,60941.5,61120.0,60639.0,61087.5,460737.0
2026-06-24,22:00:00,61079.5,61245.0,60781.0,60856.0,258652.0
2026-06-24,23:00:00,60841.5,61093.0,60805.5,61057.0,151903.0
2026-06-25,00:00:00,61063.0,61145.5,60700.0,60793.5,265786.0
2026-06-25,01:00:00,60793.5,60967.5,60690.0,60899.5,287607.0
2026-06-25,02:00:00,60899.5,60945.5,60670.0,60769.0,269992.0
2026-06-25,03:00:00,60769.0,60884.5,60655.0,60859.5,211777.0
2026-06-25,04:00:00,60864.5,61394.0,60762.0,61329.0,476625.0
2026-06-25,05:00:00,61330.0,61798.0,61248.5,61573.0,836538.0
2026-06-25,06:00:00,61574.0,61834.5,61573.0,61699.0,454042.0
2026-06-25,07:00:00,61700.0,61938.0,61638.5,61893.5,499618.0
2026-06-25,08:00:00,61893.5,61904.5,61659.0,61693.0,467909.0
2026-06-25,09:00:00,61693.0,61771.5,61587.0,61713.5,360759.0
2026-06-25,10:00:00,61714.5,61734.5,61237.5,61251.0,834418.0
2026-06-25,11:00:00,61252.0,61400.0,61039.5,61264.0,1058909.0
2026-06-25,12:00:00,61265.0,61728.0,61054.5,61222.0,1135741.0
2026-06-25,13:00:00,61222.0,61346.5,58066.5,58266.5,3682475.0
2026-06-25,14:00:00,58266.5,60471.0,58254.0,59454.0,3871367.0
2026-06-25,15:00:00,59455.0,59636.5,58848.0,59542.5,2303691.0
2026-06-25,16:00:00,59556.0,60041.5,59135.5,59290.5,1626756.0
2026-06-25,17:00:00,59289.5,59726.5,59120.5,59660.5,1178255.0
2026-06-25,18:00:00,59662.5,59780.5,59336.0,59488.0,844725.0
2026-06-25,19:00:00,59502.0,59503.0,59158.0,59302.5,589555.0
2026-06-25,20:00:00,59318.5,59729.5,59310.0,59435.5,511086.0
2026-06-25,21:00:00,59435.0,60234.0,59434.0,60190.0,442591.0
2026-06-25,22:00:00,60178.0,60184.5,59710.5,59821.5,199162.0
2026-06-25,23:00:00,59816.0,60171.0,59714.5,59775.0,165995.0
2026-06-26,00:00:00,59780.0,59888.5,59613.5,59649.5,199525.0
2026-06-26,01:00:00,59638.5,59767.5,59206.5,59419.5,437534.0
2026-06-26,02:00:00,59420.0,59438.5,58332.0,58533.0,1220163.0
2026-06-26,03:00:00,58541.5,60121.0,58302.5,60021.0,1337181.0
2026-06-26,04:00:00,60022.0,60237.0,59810.0,59906.0,783890.0
2026-06-26,05:00:00,59906.5,60033.0,59709.5,59928.0,775476.0
2026-06-26,06:00:00,59928.0,60443.5,59671.5,60305.5,1328485.0
2026-06-26,07:00:00,60304.5,60738.5,60259.5,60498.0,1192879.0
2026-06-26,08:00:00,60496.5,60548.5,60122.5,60221.0,1084781.0
2026-06-26,09:00:00,60231.5,60232.5,59550.0,59715.5,1231838.0
2026-06-26,10:00:00,59715.0,59840.5,59218.0,59295.0,1141585.0
2026-06-26,11:00:00,59295.0,59576.0,59240.5,59398.5,822848.0
2026-06-26,12:00:00,59398.5,59998.0,58945.5,59173.0,2225643.0
2026-06-26,13:00:00,59174.0,60196.5,58473.0,60152.5,2667256.0
2026-06-26,14:00:00,60159.5,60281.0,59365.0,59575.0,2129123.0
2026-06-26,15:00:00,59575.5,60485.5,59565.5,60300.5,1824915.0
2026-06-26,16:00:00,60303.5,60572.5,59943.5,60023.5,1509368.0
2026-06-26,17:00:00,60022.0,60273.0,59927.5,60005.0,938827.0
2026-06-26,18:00:00,60008.5,60142.5,59545.5,59654.0,977009.0
2026-06-26,19:00:00,59655.0,60084.5,59592.5,59724.5,668610.0
2026-06-26,20:00:00,59724.5,59976.0,59561.5,59700.0,319420.0
2026-06-26,21:00:00,59700.5,60034.5,59655.5,59894.0,184331.0
2026-06-26,22:00:00,59890.0,60057.5,59722.5,60013.5,89794.0
2026-06-26,23:00:00,60008.0,60097.5,59900.0,60078.5,92808.0
2026-06-27,00:00:00,60078.5,60174.5,59851.5,60040.0,205059.0
2026-06-27,01:00:00,60040.0,60051.5,59910.0,59929.5,89562.0
2026-06-27,02:00:00,59924.5,60355.5,59899.0,60262.5,450851.0
2026-06-27,03:00:00,60263.5,60393.5,60140.5,60287.5,397077.0
2026-06-27,04:00:00,60281.5,60477.5,60192.5,60221.5,499393.0
2026-06-27,05:00:00,60222.0,60292.5,60106.0,60214.0,479227.0
2026-06-27,06:00:00,60214.0,60491.0,60086.0,60351.0,655628.0
2026-06-27,07:00:00,60352.0,60561.0,60270.5,60528.5,547007.0
2026-06-27,08:00:00,60528.5,60529.0,60347.5,60432.0,468510.0
2026-06-27,09:00:00,60431.0,60480.0,60267.0,60398.0,383455.0
2026-06-27,10:00:00,60398.0,60473.0,60354.0,60396.0,265256.0
2026-06-27,11:00:00,60397.0,60432.0,60168.0,60338.5,588991.0
2026-06-27,12:00:00,60338.5,60415.5,60228.0,60399.5,339502.0
2026-06-27,13:00:00,60400.5,60642.5,60364.0,60561.5,610965.0
2026-06-27,14:00:00,60561.5,60705.0,60485.5,60594.5,505719.0
2026-06-27,15:00:00,60594.5,60931.5,60546.5,60823.0,965685.0
2026-06-27,16:00:00,60824.0,60840.0,60651.5,60791.5,452927.0
2026-06-27,17:00:00,60790.5,60803.5,60397.0,60501.5,845599.0
2026-06-27,18:00:00,60501.5,60554.0,60426.0,60548.5,307573.0
2026-06-27,19:00:00,60546.5,60583.5,60059.0,60156.5,758301.0
2026-06-27,20:00:00,60156.5,60287.5,60147.5,60279.5,184475.0
2026-06-27,21:00:00,60280.0,60464.5,60114.5,60179.0,267005.0
2026-06-27,22:00:00,60160.5,60235.0,59823.5,60211.0,317249.0
2026-06-27,23:00:00,60210.0,60301.0,59922.0,60007.0,206002.0
2026-06-28,00:00:00,60007.0,60176.0,59988.5,60131.0,158445.0
2026-06-28,01:00:00,60131.0,60258.0,59955.5,60200.0,251855.0
2026-06-28,02:00:00,60199.0,60321.0,60023.0,60127.0,265123.0
2026-06-28,03:00:00,60128.0,60257.0,60127.0,60175.5,216915.0
2026-06-28,04:00:00,60175.5,60212.0,60065.0,60114.0,241740.0
2026-06-28,05:00:00,60115.0,60119.0,59721.5,59963.0,662314.0
2026-06-28,06:00:00,59963.0,60017.0,59779.5,59975.5,391979.0
2026-06-28,07:00:00,59974.5,60245.0,59971.0,60199.0,598178.0
2026-06-28,08:00:00,60194.5,60537.0,60115.5,60346.0,661547.0
2026-06-28,09:00:00,60346.0,60450.0,60229.0,60236.5,405390.0
2026-06-28,10:00:00,60236.5,60279.0,60043.0,60145.0,476615.0
2026-06-28,11:00:00,60144.0,60358.0,60096.0,60321.5,468437.0
2026-06-28,12:00:00,60321.5,60426.5,60166.0,60276.5,469057.0
2026-06-28,13:00:00,60275.5,60275.5,59940.5,60050.5,586846.0
2026-06-28,14:00:00,60054.5,60235.0,59988.5,60001.5,400393.0
2026-06-28,15:00:00,60000.5,60110.0,59786.5,59855.0,675009.0
2026-06-28,16:00:00,59856.0,59921.5,59555.5,59662.0,827946.0
2026-06-28,17:00:00,59662.0,59826.0,59372.0,59563.5,876648.0
2026-06-28,18:00:00,59562.5,59678.0,59550.0,59597.5,215299.0
2026-06-28,19:00:00,59489.0,59663.5,59241.5,59456.5,381817.0
2026-06-28,20:00:00,59456.5,59754.0,59449.0,59640.5,258643.0
2026-06-28,21:00:00,59640.5,59777.5,59307.5,59424.5,189414.0
2026-06-28,22:00:00,59425.5,59889.5,58893.5,59049.5,544143.0
2026-06-28,23:00:00,59024.0,59826.5,58980.5,59556.5,265139.0
2026-06-29,00:00:00,59555.5,59684.5,58983.5,59642.5,414071.0
2026-06-29,01:00:00,59660.0,59678.0,59180.0,59418.5,271004.0
2026-06-29,02:00:00,59410.5,59794.0,58863.0,59737.0,613450.0
2026-06-29,03:00:00,59741.5,60219.0,59741.5,60026.5,728157.0
2026-06-29,04:00:00,60026.5,60038.0,59720.5,59811.5,410596.0
2026-06-29,05:00:00,59815.0,60091.0,59365.5,60082.0,814859.0
2026-06-29,06:00:00,60089.5,60330.0,60028.0,60057.0,749124.0
2026-06-29,07:00:00,60058.5,60170.5,59906.0,60004.5,408121.0
2026-06-29,08:00:00,60004.5,60077.0,59718.0,59812.0,600103.0
2026-06-29,09:00:00,59812.0,60093.5,59756.5,60038.0,531293.0
2026-06-29,10:00:00,60040.5,60295.0,60040.5,60068.0,648464.0
2026-06-29,11:00:00,60069.0,60200.0,59775.0,59932.5,805499.0
2026-06-29,12:00:00,59938.0,60765.0,59567.5,59928.5,2262878.0
2026-06-29,13:00:00,59930.0,60318.5,59308.0,59565.5,1965983.0
2026-06-29,14:00:00,59564.5,59688.0,58993.5,59450.5,2136602.0
2026-06-29,15:00:00,59449.5,59945.5,59073.0,59806.5,1554049.0
2026-06-29,16:00:00,59805.5,60003.5,59568.0,59876.0,1078897.0
2026-06-29,17:00:00,59877.0,60673.5,59876.0,60401.0,1761582.0
2026-06-29,18:00:00,60402.0,60507.0,60170.5,60282.0,671197.0
2026-06-29,19:00:00,60283.5,60546.5,60135.0,60418.5,525981.0
2026-06-29,20:00:00,60410.0,60541.5,60272.0,60272.0,171016.0
2026-06-29,21:00:00,60278.0,60574.0,60238.0,60461.5,149213.0
2026-06-29,22:00:00,60460.5,60500.0,60323.5,60333.0,84976.0
2026-06-29,23:00:00,60328.5,60360.5,60156.0,60230.5,97314.0
2026-06-30,00:00:00,60226.5,60256.5,59674.0,59812.5,439020.0
2026-06-30,01:00:00,59818.5,60031.5,59745.5,59926.0,328417.0
2026-06-30,02:00:00,59931.0,60028.0,59725.0,59925.5,351936.0
2026-06-30,03:00:00,59925.5,60017.0,59576.0,59601.5,535068.0
2026-06-30,04:00:00,59602.5,59678.5,59406.0,59464.5,655483.0
2026-06-30,05:00:00,59466.0,59639.5,59333.0,59633.0,547874.0
2026-06-30,06:00:00,59633.0,59701.5,59494.0,59578.0,407355.0
2026-06-30,07:00:00,59577.0,59618.0,59428.0,59504.0,308781.0
2026-06-30,08:00:00,59503.0,59539.0,59162.0,59292.0,651424.0
2026-06-30,09:00:00,59287.0,59403.0,59230.5,59354.0,355260.0
2026-06-30,10:00:00,59354.0,59408.0,59270.0,59310.0,350967.0
2026-06-30,11:00:00,59310.0,59400.0,59105.5,59167.5,723082.0
2026-06-30,12:00:00,59167.0,59167.0,58361.0,58381.0,2051108.0
2026-06-30,13:00:00,58381.0,58778.0,58205.5,58717.0,1981003.0
2026-06-30,14:00:00,58718.0,59253.5,58410.0,58465.0,2352328.0
2026-06-30,15:00:00,58465.0,58782.5,58175.0,58361.5,1711689.0
2026-06-30,16:00:00,58374.5,58622.5,58238.5,58484.5,1142981.0
2026-06-30,17:00:00,58485.5,58605.0,58295.5,58402.0,696616.0
2026-06-30,18:00:00,58402.0,58681.0,58339.0,58665.0,745092.0
2026-06-30,19:00:00,58665.0,58819.0,58566.0,58798.0,568323.0
2026-06-30,20:00:00,58794.0,58856.0,58626.5,58711.5,311460.0
2026-06-30,21:00:00,58714.5,58750.5,58485.0,58614.0,204406.0
2026-06-30,22:00:00,58627.0,58785.5,58483.0,58583.0,154772.0
2026-06-30,23:00:00,58580.0,58643.0,58524.5,58611.5,70825.0
2026-07-01,00:00:00,58618.5,58726.0,58280.0,58555.0,296512.0
2026-07-01,01:00:00,58555.0,58997.0,57766.0,58747.0,1296902.0
2026-07-01,02:00:00,58751.5,59158.0,58642.0,59068.5,714377.0
2026-07-01,03:00:00,59070.5,59296.5,58829.0,59175.0,732249.0
2026-07-01,04:00:00,59176.0,59449.5,59036.0,59317.0,635984.0
2026-07-01,05:00:00,59309.0,59356.0,59098.5,59127.5,502631.0
2026-07-01,06:00:00,59129.0,59136.0,58505.5,58732.0,1054857.0
2026-07-01,07:00:00,58733.0,58806.0,58572.5,58749.5,526406.0
2026-07-01,08:00:00,58750.0,58970.0,58472.0,58956.0,801034.0
2026-07-01,09:00:00,58957.0,59076.0,58805.0,58927.5,645962.0
2026-07-01,10:00:00,58928.5,58929.0,58596.0,58638.0,661992.0
2026-07-01,11:00:00,58641.0,58739.5,58530.0,58598.0,579560.0
2026-07-01,12:00:00,58598.0,58662.0,58300.0,58501.0,1127305.0
2026-07-01,13:00:00,58502.0,59492.5,58501.0,59469.5,2222057.0
2026-07-01,14:00:00,59468.5,60074.5,59245.0,59530.0,2740856.0
2026-07-01,15:00:00,59522.0,60526.5,59503.0,60125.5,1828777.0
2026-07-01,16:00:00,60124.5,60250.0,59842.5,59909.0,1102783.0
2026-07-01,17:00:00,59910.0,60225.0,59768.0,60172.5,1036357.0
2026-07-01,18:00:00,60172.5,60284.0,59996.5,60148.5,761106.0
2026-07-01,19:00:00,60147.5,60339.5,59969.5,60005.0,579654.0
2026-07-01,20:00:00,60007.0,60177.5,59848.0,60106.0,395299.0
2026-07-01,21:00:00,60106.0,60835.0,60098.5,60805.5,641831.0
2026-07-01,22:00:00,60806.5,61321.5,60324.0,60453.0,537919.0
2026-07-01,23:00:00,60453.0,60453.0,59954.0,59995.5,288271.0
2026-07-02,00:00:00,59993.5,60006.0,59560.5,59726.0,557927.0
2026-07-02,01:00:00,59729.5,60301.0,59694.0,60156.5,674143.0
2026-07-02,02:00:00,60156.5,60474.0,59995.0,60399.0,559786.0
2026-07-02,03:00:00,60402.0,61108.0,60270.0,61039.5,818172.0
2026-07-02,04:00:00,61035.0,61038.5,60709.0,60763.5,571178.0
2026-07-02,05:00:00,60763.5,60857.0,60461.0,60485.5,743877.0
2026-07-02,06:00:00,60487.0,60630.0,60241.0,60255.0,797266.0
2026-07-02,07:00:00,60250.0,60292.5,60086.5,60133.0,577373.0
2026-07-02,08:00:00,60132.5,60545.0,60119.5,60493.5,653666.0
2026-07-02,09:00:00,60492.5,61437.5,60348.5,61166.5,1525300.0
2026-07-02,10:00:00,61160.0,61336.5,61033.0,61244.0,950806.0
2026-07-02,11:00:00,61243.0,61366.0,61106.0,61337.0,695929.0
2026-07-02,12:00:00,61333.5,61590.0,61115.5,61513.0,1541474.0
2026-07-02,13:00:00,61519.0,62034.0,61478.0,61920.5,2079694.0
2026-07-02,14:00:00,61919.5,62186.5,61374.0,61675.5,2399139.0
2026-07-02,15:00:00,61675.5,61835.5,61406.0,61587.0,1179263.0
2026-07-02,16:00:00,61597.5,61760.0,61120.5,61653.5,1455956.0
2026-07-02,17:00:00,61653.5,61906.5,61598.5,61650.0,961830.0
2026-07-02,18:00:00,61649.0,61854.0,61643.0,61740.0,494311.0
2026-07-02,19:00:00,61739.0,61746.5,61402.0,61459.0,543501.0
2026-07-02,20:00:00,61473.5,61582.5,61320.0,61564.5,331150.0
2026-07-02,21:00:00,61562.0,61640.5,61506.0,61577.5,89561.0
2026-07-02,22:00:00,61576.5,61576.5,61394.0,61455.0,50496.0
2026-07-02,23:00:00,61450.5,61595.0,61339.0,61546.5,120282.0
2026-07-03,00:00:00,61546.5,61565.5,61235.0,61294.0,275059.0
2026-07-03,01:00:00,61289.5,61717.0,61267.0,61573.5,388882.0
2026-07-03,02:00:00,61577.0,61653.5,61277.0,61417.5,418764.0
2026-07-03,03:00:00,61417.0,61563.5,61305.5,61414.5,331273.0
2026-07-03,04:00:00,61414.5,61511.5,61324.0,61427.5,261648.0
2026-07-03,05:00:00,61426.5,61791.0,61410.0,61681.5,533889.0
2026-07-03,06:00:00,61681.5,61832.0,61588.0,61687.5,452609.0
2026-07-03,07:00:00,61686.5,61856.5,61640.0,61739.5,323002.0
2026-07-03,08:00:00,61739.5,61882.0,61529.0,61560.5,552795.0
2026-07-03,09:00:00,61560.5,61767.5,61487.5,61693.5,558921.0
2026-07-03,10:00:00,61693.5,62022.0,61646.0,61892.5,668501.0
2026-07-03,11:00:00,61892.5,62085.0,61815.5,61999.5,760955.0
2026-07-03,12:00:00,62009.0,62158.0,61847.5,61959.5,766730.0
2026-07-03,13:00:00,61961.5,62258.0,61916.0,62090.5,837608.0
2026-07-03,14:00:00,62090.5,62263.5,61666.5,62149.5,1731164.0
2026-07-03,15:00:00,62149.5,62390.5,61785.0,61902.0,1537999.0
2026-07-03,16:00:00,61902.0,62110.0,61883.5,62091.0,657746.0
2026-07-03,17:00:00,62088.5,62274.5,62046.5,62177.5,782066.0
2026-07-03,18:00:00,62177.5,62229.5,62092.5,62186.0,370713.0
2026-07-03,19:00:00,62186.0,62299.0,62130.5,62185.0,418268.0
2026-07-03,20:00:00,62192.5,62902.5,62160.0,62765.0,1169037.0
2026-07-03,21:00:00,62766.0,62952.5,62494.0,62713.5,519894.0
2026-07-03,22:00:00,62722.5,62732.5,62519.0,62555.0,206346.0
2026-07-03,23:00:00,62555.0,62694.5,62512.5,62571.0,160010.0
2026-07-04,00:00:00,62571.0,62934.5,62565.5,62741.0,280924.0
2026-07-04,01:00:00,62742.0,62742.0,62387.0,62456.0,404810.0
2026-07-04,02:00:00,62457.0,62563.0,62410.0,62521.0,242601.0
2026-07-04,03:00:00,62521.0,62739.5,62465.5,62615.5,419963.0
2026-07-04,04:00:00,62615.5,62740.0,62575.5,62667.5,350846.0
2026-07-04,05:00:00,62664.0,62665.0,62410.0,62452.5,469194.0
2026-07-04,06:00:00,62452.5,62545.5,62314.0,62480.0,603797.0
2026-07-04,07:00:00,62480.0,62620.0,62447.5,62556.0,432941.0
2026-07-04,08:00:00,62555.0,62662.0,62488.5,62534.5,350557.0
2026-07-04,09:00:00,62533.5,62566.0,62390.5,62472.0,380625.0
2026-07-04,10:00:00,62472.0,62525.5,62424.0,62489.5,260630.0
2026-07-04,11:00:00,62487.0,62549.0,62440.0,62464.5,204708.0
2026-07-04,12:00:00,62464.5,62678.0,62464.5,62641.0,414049.0
2026-07-04,13:00:00,62640.0,62762.0,62519.0,62569.5,609893.0
2026-07-04,14:00:00,62569.0,62726.5,62568.0,62677.5,365559.0
2026-07-04,15:00:00,62677.5,63045.0,62672.5,62915.5,1173077.0
2026-07-04,16:00:00,62914.5,62950.0,62760.5,62902.0,542793.0
2026-07-04,17:00:00,62902.0,63410.0,62778.0,63251.5,1429422.0
2026-07-04,18:00:00,63252.5,63331.5,63073.5,63144.0,745628.0
2026-07-04,19:00:00,63144.0,63450.0,63095.5,63275.0,546887.0
2026-07-04,20:00:00,63273.5,63373.5,63134.0,63215.5,285810.0
2026-07-04,21:00:00,63215.5,63436.5,63179.5,63283.5,175977.0
2026-07-04,22:00:00,63276.5,63293.0,63136.0,63170.0,89717.0
2026-07-04,23:00:00,63175.5,63221.5,62908.0,63121.5,235369.0
2026-07-05,00:00:00,63120.5,63121.5,62865.0,62969.5,199343.0
2026-07-05,01:00:00,62968.5,63029.5,62770.5,62865.5,276491.0
2026-07-05,02:00:00,62866.5,62909.5,62573.0,62680.5,534467.0
2026-07-05,03:00:00,62680.5,62773.0,62632.5,62745.0,280866.0
2026-07-05,04:00:00,62746.0,62935.0,62686.0,62795.0,463500.0
2026-07-05,05:00:00,62794.5,62794.5,62634.0,62722.0,446233.0
2026-07-05,06:00:00,62722.0,62808.0,62650.0,62756.5,321466.0
2026-07-05,07:00:00,62756.5,63046.0,62696.5,63001.0,570565.0
2026-07-05,08:00:00,63001.0,63090.5,62871.5,62900.0,469937.0
2026-07-05,09:00:00,62905.5,62915.5,62417.0,62606.0,954054.0
2026-07-05,10:00:00,62607.0,62744.5,62515.5,62743.5,428544.0
2026-07-05,11:00:00,62744.5,62806.0,62588.0,62634.0,427276.0
2026-07-05,12:00:00,62635.0,62758.5,62542.0,62725.0,393619.0
2026-07-05,13:00:00,62724.0,62804.5,62625.5,62776.5,353231.0
2026-07-05,14:00:00,62776.5,62800.5,62627.5,62791.0,340528.0
2026-07-05,15:00:00,62792.0,62926.5,62651.5,62717.5,679264.0
2026-07-05,16:00:00,62717.5,62750.0,62576.0,62618.5,399844.0
2026-07-05,17:00:00,62617.5,62803.0,62575.0,62608.0,421262.0
2026-07-05,18:00:00,62608.0,62866.0,62595.0,62793.5,311021.0
2026-07-05,19:00:00,62787.5,62855.0,62697.0,62754.0,208213.0
2026-07-05,20:00:00,62751.0,62822.0,62676.0,62711.5,133052.0
2026-07-05,21:00:00,62710.5,63208.0,62586.0,63077.0,499936.0
2026-07-05,22:00:00,63076.0,63935.0,62983.5,63724.0,806956.0
2026-07-05,23:00:00,63723.0,63991.5,63548.5,63624.0,389843.0
2026-07-06,00:00:00,63623.0,63760.0,63317.5,63735.0,427978.0
2026-07-06,01:00:00,63731.0,63906.5,63525.5,63551.0,472692.0
2026-07-06,02:00:00,63551.0,63651.0,63346.0,63431.0,512780.0
2026-07-06,03:00:00,63432.0,63480.0,63107.0,63279.5,572519.0
2026-07-06,04:00:00,63279.5,63374.5,63160.0,63248.5,431125.0
2026-07-06,05:00:00,63247.5,63248.5,62920.0,63093.0,596279.0
2026-07-06,06:00:00,63093.0,63132.0,62946.0,62969.5,274787.0
2026-07-06,07:00:00,62966.0,63110.5,62865.5,63071.5,482657.0
2026-07-06,08:00:00,63071.5,63233.0,62813.0,62883.0,638377.0
2026-07-06,09:00:00,62882.0,62900.5,62616.0,62653.5,602191.0
2026-07-06,10:00:00,62652.5,63020.5,62647.5,62803.5,662649.0
2026-07-06,11:00:00,62803.5,62986.0,62471.0,62475.5,876259.0
2026-07-06,12:00:00,62475.5,62476.5,61659.0,61740.5,2327627.0
2026-07-06,13:00:00,61740.0,62029.5,61303.5,61757.5,2091417.0
2026-07-06,14:00:00,61757.5,62400.0,61699.5,62026.5,1822460.0
2026-07-06,15:00:00,62030.0,63534.0,62028.0,63530.0,2532993.0
2026-07-06,16:00:00,63530.0,63854.0,63363.5,63717.0,1729148.0
2026-07-06,17:00:00,63716.0,63959.0,63550.0,63570.5,1134995.0
2026-07-06,18:00:00,63575.5,63874.0,63537.0,63680.0,587583.0
2026-07-06,19:00:00,63683.0,63880.0,63633.5,63725.0,331686.0
2026-07-06,20:00:00,63716.5,63874.5,63567.0,63805.0,328887.0
2026-07-06,21:00:00,63804.0,64697.5,63788.5,64482.5,764037.0
2026-07-06,22:00:00,64481.5,64495.5,64135.0,64231.5,165301.0
2026-07-06,23:00:00,64234.0,64332.0,64008.0,64030.5,165160.0
2026-07-07,00:00:00,64034.5,64305.0,63990.0,64182.0,268206.0
2026-07-07,01:00:00,64181.0,64181.0,63760.0,63821.5,402053.0
2026-07-07,02:00:00,63821.5,63891.0,63263.0,63305.0,668941.0
2026-07-07,03:00:00,63301.0,63397.5,63127.5,63171.5,447286.0
2026-07-07,04:00:00,63171.5,63271.0,63036.5,63075.0,393417.0
2026-07-07,05:00:00,63076.0,63239.5,62764.5,63100.5,778749.0
2026-07-07,06:00:00,63098.5,63380.0,62960.0,63315.5,661217.0
2026-07-07,07:00:00,63315.5,63431.0,63054.5,63068.5,608537.0
2026-07-07,08:00:00,63068.5,63172.5,62964.0,63080.5,445235.0
2026-07-07,09:00:00,63080.5,63325.5,63036.0,63233.5,413766.0
2026-07-07,10:00:00,63233.5,63440.5,63200.5,63265.5,563053.0
2026-07-07,11:00:00,63260.0,63434.5,63088.5,63384.5,593290.0
2026-07-07,12:00:00,63384.5,63864.0,63371.5,63458.5,1273131.0
2026-07-07,13:00:00,63458.5,63462.0,62965.5,63039.0,1744456.0
2026-07-07,14:00:00,63043.0,63622.5,62650.0,63542.5,2453258.0
2026-07-07,15:00:00,63542.5,64090.0,63353.5,63915.5,1630154.0
2026-07-07,16:00:00,63915.5,64238.0,63789.5,63969.0,1087294.0
2026-07-07,17:00:00,63968.0,64217.5,63874.0,64171.5,707875.0
2026-07-07,18:00:00,64170.5,64174.0,63650.5,63660.0,801173.0
2026-07-07,19:00:00,63659.0,63880.5,63357.0,63801.5,929101.0
2026-07-07,20:00:00,63796.0,63882.0,63594.5,63674.0,258933.0
2026-07-07,21:00:00,63675.0,63846.5,63300.0,63406.5,337035.0
2026-07-07,22:00:00,63399.0,63642.0,63186.5,63521.5,189939.0
2026-07-07,23:00:00,63515.5,63686.0,63294.0,63333.0,119717.0
2026-07-08,00:00:00,63342.0,63746.5,63279.5,63587.0,215834.0
2026-07-08,01:00:00,63593.0,63630.5,62887.5,63009.5,526510.0
2026-07-08,02:00:00,63004.5,63043.5,62502.0,62958.0,813797.0
2026-07-08,03:00:00,62961.0,63075.0,62672.0,62746.5,416828.0
2026-07-08,04:00:00,62746.5,62880.0,62650.0,62775.0,360649.0
2026-07-08,05:00:00,62773.5,62858.0,62526.0,62620.5,419958.0
2026-07-08,06:00:00,62620.5,62725.5,62448.0,62635.0,605061.0
2026-07-08,07:00:00,62634.5,62874.5,62525.0,62861.0,471456.0
2026-07-08,08:00:00,62861.0,62923.5,61827.0,61995.5,1589391.0
2026-07-08,09:00:00,61995.5,62149.5,61716.5,62037.5,757880.0
2026-07-08,10:00:00,62039.5,62171.5,61882.0,62156.5,535028.0
2026-07-08,11:00:00,62152.5,62372.5,62028.5,62276.5,609968.0
2026-07-08,12:00:00,62275.5,62400.0,61939.0,61940.5,785152.0
2026-07-08,13:00:00,61940.0,62080.5,61621.0,61929.5,1381627.0
2026-07-08,14:00:00,61928.5,62159.5,61692.5,61872.5,1494152.0
2026-07-08,15:00:00,61871.5,61907.0,61527.0,61680.5,1101253.0
2026-07-08,16:00:00,61689.0,62136.5,61672.0,62092.0,1072548.0
2026-07-08,17:00:00,62092.0,62379.5,62010.0,62093.0,1105951.0
2026-07-08,18:00:00,62090.0,62337.5,62020.5,62164.5,726859.0
2026-07-08,19:00:00,62166.5,62277.0,62049.0,62257.5,309641.0
2026-07-08,20:00:00,62265.5,62294.0,62057.0,62082.0,193442.0
2026-07-08,21:00:00,62082.0,62233.0,61930.5,62169.0,237232.0
2026-07-08,22:00:00,62170.0,62336.0,62150.0,62310.5,94827.0
2026-07-08,23:00:00,62310.5,62327.5,62145.0,62263.0,90802.0
2026-07-09,00:00:00,62261.0,62291.0,62031.0,62107.5,188085.0
2026-07-09,01:00:00,62110.5,62624.5,61811.5,61888.0,708658.0
2026-07-09,02:00:00,61888.0,62105.5,61672.5,61759.5,515122.0
2026-07-09,03:00:00,61761.0,62049.0,61698.5,61950.0,337607.0
2026-07-09,04:00:00,61949.0,62434.5,61936.0,62426.0,522939.0
2026-07-09,05:00:00,62425.5,62606.5,62210.5,62572.5,683053.0
2026-07-09,06:00:00,62571.5,62963.5,62458.0,62941.0,869336.0
2026-07-09,07:00:00,62940.0,63255.0,62780.0,62980.5,1036526.0
2026-07-09,08:00:00,62979.5,63077.0,62828.5,62880.5,421741.0
2026-07-09,09:00:00,62879.5,62985.0,62766.0,62931.5,563835.0
2026-07-09,10:00:00,62931.0,63037.0,62659.0,62763.0,556165.0
2026-07-09,11:00:00,62763.0,62811.5,62588.5,62762.5,510979.0
2026-07-09,12:00:00,62762.5,62939.0,62434.5,62590.0,994094.0
2026-07-09,13:00:00,62590.0,63206.0,62495.5,63005.5,1237989.0
2026-07-09,14:00:00,63005.5,63124.5,62638.0,62989.0,1119489.0
2026-07-09,15:00:00,62988.0,63238.0,62788.0,62842.0,881132.0
2026-07-09,16:00:00,62841.0,62976.0,62535.0,62677.5,899113.0
2026-07-09,17:00:00,62676.5,63147.0,62645.5,63121.5,716702.0
2026-07-09,18:00:00,63121.5,63487.0,63047.5,63206.5,1021039.0
2026-07-09,19:00:00,63206.5,63369.0,63136.0,63222.5,333768.0
2026-07-09,20:00:00,63241.5,63306.5,63153.5,63293.0,166566.0
2026-07-09,21:00:00,63296.0,63378.5,63196.0,63255.5,111729.0
2026-07-09,22:00:00,63255.0,63402.5,63186.5,63192.0,85070.0
2026-07-09,23:00:00,63192.0,63305.5,63038.0,63206.0,170864.0
2026-07-10,00:00:00,63206.5,63235.5,62903.0,63092.0,230549.0
2026-07-10,01:00:00,63092.0,63939.5,62937.5,63733.5,647044.0
2026-07-10,02:00:00,63742.5,64028.5,63668.5,63941.0,459755.0
2026-07-10,03:00:00,63941.0,64026.5,63794.5,63923.0,314066.0
2026-07-10,04:00:00,63925.5,64161.5,63833.0,64026.0,501258.0
2026-07-10,05:00:00,64025.0,64187.5,63921.0,64095.5,330432.0
2026-07-10,06:00:00,64096.5,64145.5,63810.5,63839.5,403112.0
2026-07-10,07:00:00,63840.0,63986.5,63777.5,63963.0,396904.0
2026-07-10,08:00:00,63975.0,64389.0,63955.0,64218.0,801012.0
2026-07-10,09:00:00,64217.0,64466.5,64073.0,64367.0,552565.0
2026-07-10,10:00:00,64367.0,64388.5,64249.5,64289.0,154070.0
2026-07-10,11:00:00,64380.0,64395.5,64380.0,64394.5,2348.0
2026-07-10,12:00:00,64412.5,64591.0,64303.0,64455.5,357056.0
2026-07-10,13:00:00,64268.5,64295.5,64261.5,64292.5,15732.0
