Time,Contract,Qty,Side,Filled/Remaining,Exec.Price,Order Price,Stop Price,Order Value,Trading Fees,Cashflow,Realised P&L,Order Type,Status,Explanation,Client Order ID,Order ID
2026-08-20 11:30:13.335650+05:30 IST Asia/Kolkata,BTCUSD,100,buy,100.00000000/0.00000000,69403.01000000,69654.70000000,,6940.30100000,4.09477759,0,0,limit_order,closed,,,2169564962
2026-08-20 11:30:07.384493+05:30 IST Asia/Kolkata,BTCUSD,100,buy,100.00000000/0.00000000,69404.01000000,138835.30000000,,6940.40100000,4.09483659,-19.861,-19.861,market_order,closed,,,2169564947
2026-08-20 11:30:10.700609+05:30 IST Asia/Kolkata,BTCUSD,100,buy,0.00000000/100.00000000,,,69759.00000000,,0,,,market_order,cancelled,cancelled_by_user,,2169550166
2026-08-20 08:30:42.731473+05:30 IST Asia/Kolkata,BTCUSD,100,sell,100.00000000/0.00000000,69205.40000000,68937.60000000,,6920.54000000,4.0831186,0,0,limit_order,closed,,,2169550159
2026-08-20 07:20:28.788628+05:30 IST Asia/Kolkata,BTCUSD,100,buy,100.00000000/0.00000000,69865.21000000,139641.20000000,69863.50000000,6986.52100000,4.12204739,-55.621,-55.621,market_order,closed,,,2169539759
2026-08-20 05:30:12.358714+05:30 IST Asia/Kolkata,BTCUSD,100,sell,100.00000000/0.00000000,69309.00000000,69072.20000000,,6930.90000000,4.089231,0,0,limit_order,closed,,,2169539757
2026-08-20 05:30:05.930937+05:30 IST Asia/Kolkata,BTCUSD,100,sell,100.00000000/0.00000000,69320.00000000,0.10000000,,6932.00000000,4.08988,89.9,89.9,market_order,closed,,,2169539750
2026-08-20 05:30:09.806352+05:30 IST Asia/Kolkata,BTCUSD,100,sell,0.00000000/100.00000000,,,67873.60000000,,0,,,market_order,cancelled,cancelled_by_user,,2169525650
2026-08-20 01:30:06.667114+05:30 IST Asia/Kolkata,BTCUSD,100,buy,100.00000000/0.00000000,68421.00000000,68648.80000000,,6842.10000000,4.036839,0,0,limit_order,closed,,,2169525645
2026-08-19 19:36:31.810395+05:30 IST Asia/Kolkata,BTCUSD,100.000000000000000000,buy,100.00000000/0.00000000,65332.00000000,130595.20000000,65330.50000000,6533.20000000,3.854588,-96.7,-96.7,market_order,closed,,,2169396785
2026-08-19 07:30:06.108040+05:30 IST Asia/Kolkata,BTCUSD,100,sell,100.00000000/0.00000000,64365.00000000,64125.80000000,,6436.50000000,3.797535,0,0,limit_order,closed,,,2169396784
2026-08-19 05:30:08.200916+05:30 IST Asia/Kolkata,BTCUSD,100,buy,100.00000000/0.00000000,64705.00000000,129406.80000000,,6470.50000000,3.817595,-6.9,-6.9,market_order,closed,,,2169392360
2026-08-19 05:30:11.775528+05:30 IST Asia/Kolkata,BTCUSD,100,buy,0.00000000/100.00000000,,,65605.50000000,,0,,,market_order,cancelled,cancelled_by_user,,2169380681
2026-08-18 23:30:13.225878+05:30 IST Asia/Kolkata,BTCUSD,100,sell,100.00000000/0.00000000,64636.00000000,64387.80000000,,6463.60000000,3.813524,0,0,limit_order,closed,,,2169380676
2026-08-18 23:30:07.252016+05:30 IST Asia/Kolkata,BTCUSD,100,sell,100.00000000/0.00000000,64636.00000000,0.10000000,,6463.60000000,3.813524,-21.6,-21.6,market_order,closed,,,2169380662
2026-08-18 23:30:10.623499+05:30 IST Asia/Kolkata,BTCUSD,100,sell,0.00000000/100.00000000,,,63879.20000000,,0,,,market_order,cancelled,cancelled_by_user,,2169370513
2026-08-18 21:30:12.014547+05:30 IST Asia/Kolkata,BTCUSD,100,buy,100.00000000/0.00000000,64852.00000000,65083.20000000,,6485.20000000,3.826268,0,0,limit_order,closed,,,2169370508
2026-08-18 21:30:05.912536+05:30 IST Asia/Kolkata,BTCUSD,100,buy,100.00000000/0.00000000,64854.12000000,129662.80000000,,6485.41200000,3.82639308,-64.612,-64.612,market_order,closed,,,2169370486
2026-08-18 21:30:09.558095+05:30 IST Asia/Kolkata,BTCUSD,100,buy,0.00000000/100.00000000,,,65171.10000000,,0,,,market_order,cancelled,cancelled_by_user,,2169356591
2026-08-18 19:30:05.282542+05:30 IST Asia/Kolkata,BTCUSD,100,sell,100.00000000/0.00000000,64208.00000000,63942.00000000,,6420.80000000,3.788272,0,0,limit_order,closed,,,2169356588
2026-08-18 17:30:23.219208+05:30 IST Asia/Kolkata,BTCUSD,100,buy,100.00000000/0.00000000,64315.00000000,128632.00000000,,6431.50000000,3.794585,-14.1,-14.1,market_order,closed,,,2169347348
2026-08-18 17:30:27.075303+05:30 IST Asia/Kolkata,BTCUSD,100,buy,0.00000000/100.00000000,,,65136.60000000,,0,,,market_order,cancelled,cancelled_by_user,,2169311167
2026-08-18 07:30:05.396986+05:30 IST Asia/Kolkata,BTCUSD,100,sell,100.00000000/0.00000000,64174.00000000,63925.80000000,,6417.40000000,3.786266,0,0,limit_order,closed,,,2169311164
2026-08-18 01:11:30.433038+05:30 IST Asia/Kolkata,BTCUSD,100,sell,100.00000000/0.00000000,64386.00000000,0.10000000,,6438.60000000,3.798774,0.2,0.2,market_order,closed,,,2169302211
2026-08-18 01:11:18.102570+05:30 IST Asia/Kolkata,BTCUSD,100,sell,0.00000000/100.00000000,,,63418.20000000,,0,,,market_order,cancelled,cancelled_by_user,,2169302146
2026-08-18 01:09:18.556497+05:30 IST Asia/Kolkata,BTCUSD,100,buy,100.00000000/0.00000000,64384.00000000,64635.00000000,,6438.40000000,3.798656,0,0,limit_order,closed,,,2169302143
2026-08-18 01:01:09.489091+05:30 IST Asia/Kolkata,BTCUSD,100,sell,100.00000000/0.00000000,64345.00000000,0.10000000,,6434.50000000,3.796355,21,21,market_order,closed,,,2169301798
2026-08-18 01:01:25.333058+05:30 IST Asia/Kolkata,BTCUSD,100,sell,0.00000000/100.00000000,,,63173.00000000,,0,,,market_order,cancelled,cancelled_by_user,,2169301771
2026-08-18 01:00:34.212089+05:30 IST Asia/Kolkata,BTCUSD,100,sell,0.00000000/100.00000000,,,63173.00000000,,0,,,market_order,cancelled,cancelled_by_user,,2169294877
2026-08-17 23:01:47.939806+05:30 IST Asia/Kolkata,BTCUSD,100,buy,100.00000000/0.00000000,64135.00000000,64370.40000000,,6413.50000000,3.783965,0,0,limit_order,closed,,,2169294872
2026-08-17 22:27:40.206464+05:30 IST Asia/Kolkata,BTCUSD,100,sell,100.00000000/0.00000000,64091.00000000,0.10000000,,6409.10000000,3.781369,0.5,0.5,market_order,closed,,,2169291979
2026-08-17 22:22:10.983939+05:30 IST Asia/Kolkata,BTCUSD,100,buy,100.00000000/0.00000000,64086.00000000,64328.90000000,,6408.60000000,3.781074,0,0,limit_order,closed,,,2169291580
2026-08-17 22:20:58.813732+05:30 IST Asia/Kolkata,BTCUSD,100,sell,100.00000000/0.00000000,64072.60000000,0.10000000,,6407.26000000,3.7802834,46.46,46.46,market_order,closed,,,2169291503
2026-08-17 22:28:29.220995+05:30 IST Asia/Kolkata,BTCUSD,100,sell,0.00000000/100.00000000,,,62653.90000000,,0,,,market_order,cancelled,cancelled_by_user,,2169291487
2026-08-17 22:20:39.461244+05:30 IST Asia/Kolkata,BTCUSD,100,sell,0.00000000/100.00000000,,,62653.90000000,,0,,,market_order,cancelled,cancelled_by_user,,2169290947
2026-08-17 22:12:39.725489+05:30 IST Asia/Kolkata,BTCUSD,100,sell,0.00000000/100.00000000,,,62653.90000000,,0,,,market_order,cancelled,cancelled_by_user,,2169265211
2026-08-17 17:30:24.441634+05:30 IST Asia/Kolkata,BTCUSD,100,buy,100.00000000/0.00000000,63608.00000000,63858.60000000,,6360.80000000,3.752872,0,0,limit_order,closed,,,2169265208
2026-08-17 17:30:17.116781+05:30 IST Asia/Kolkata,BTCUSD,100,buy,100.00000000/0.00000000,63610.00000000,127207.60000000,,6361.00000000,3.75299,-31.7,-31.7,market_order,closed,,,2169265194
2026-08-17 17:30:21.297028+05:30 IST Asia/Kolkata,BTCUSD,100,buy,0.00000000/100.00000000,,,64242.40000000,,0,,,market_order,cancelled,cancelled_by_user,,2169256511
2026-08-17 15:30:13.215231+05:30 IST Asia/Kolkata,BTCUSD,100,sell,100.00000000/0.00000000,63293.00000000,63043.60000000,,6329.30000000,3.734287,0,0,limit_order,closed,,,2169256503
2026-08-17 15:30:06.413248+05:30 IST Asia/Kolkata,BTCUSD,100,sell,100.00000000/0.00000000,63293.00000000,0.10000000,,6329.30000000,3.734287,18.4,18.4,market_order,closed,,,2169256487
2026-08-17 15:30:10.279399+05:30 IST Asia/Kolkata,BTCUSD,100,sell,0.00000000/100.00000000,,,62162.40000000,,0,,,market_order,cancelled,cancelled_by_user,,2169228203
2026-08-17 07:30:11.994784+05:30 IST Asia/Kolkata,BTCUSD,100,buy,100.00000000/0.00000000,63109.00000000,63362.90000000,,6310.90000000,3.723431,0,0,limit_order,closed,,,2169228198
2026-08-17 07:30:05.748176+05:30 IST Asia/Kolkata,BTCUSD,100,buy,100.00000000/0.00000000,63105.00000000,126173.00000000,,6310.50000000,3.723195,-22.1,-22.1,market_order,closed,,,2169228176
2026-08-17 07:30:09.683399+05:30 IST Asia/Kolkata,BTCUSD,100,buy,0.00000000/100.00000000,,,63827.30000000,,0,,,market_order,cancelled,cancelled_by_user,,2169226905
2026-08-17 06:52:50.138868+05:30 IST Asia/Kolkata,BTCUSD,100,buy,0.00000000/100.00000000,,,63827.30000000,,0,,,market_order,cancelled,cancelled_by_user,,2169226050
2026-08-17 03:30:12.782252+05:30 IST Asia/Kolkata,BTCUSD,100,sell,100.00000000/0.00000000,62884.00000000,62648.30000000,,6288.40000000,3.710156,0,0,limit_order,closed,,,2169222106
2026-08-17 03:30:08.043951+05:30 IST Asia/Kolkata,BTCUSD,100,sell,100.00000000/0.00000000,62897.00000000,0.10000000,,6289.70000000,3.710923,-14.5,-14.5,market_order,closed,,,2169222104
2026-08-17 07:30:09.629122+05:30 IST Asia/Kolkata,BTCUSD,100,sell,0.00000000/100.00000000,,,61781.20000000,,0,,,market_order,cancelled,cancelled_by_user,,2169198388
2026-08-16 19:30:12.054271+05:30 IST Asia/Kolkata,BTCUSD,100,buy,100.00000000/0.00000000,63042.00000000,63290.90000000,,6304.20000000,3.719478,0,0,limit_order,closed,,,2169198381
2026-08-16 19:30:08.393252+05:30 IST Asia/Kolkata,BTCUSD,100,buy,100.00000000/0.00000000,63042.00000000,126081.80000000,,6304.20000000,3.719478,-8.2,-8.2,market_order,closed,,,2169198377
2026-08-17 07:30:09.567323+05:30 IST Asia/Kolkata,BTCUSD,100,buy,0.00000000/100.00000000,,,64219.20000000,,0,,,market_order,cancelled,cancelled_by_user,,2169186388
2026-08-16 15:30:12.086199+05:30 IST Asia/Kolkata,BTCUSD,100,sell,100.00000000/0.00000000,62960.00000000,62695.90000000,,6296.00000000,3.71464,0,0,limit_order,closed,,,2169186385
2026-08-16 15:30:09.640615+05:30 IST Asia/Kolkata,BTCUSD,100,sell,100.00000000/0.00000000,62960.00000000,0.10000000,,6296.00000000,3.71464,-15.8,-15.8,market_order,closed,,,2169186379
2026-08-17 07:30:09.511653+05:30 IST Asia/Kolkata,BTCUSD,100,sell,0.00000000/100.00000000,,,61855.60000000,,0,,,market_order,cancelled,cancelled_by_user,,2169088695
2026-08-15 08:30:54.636268+05:30 IST Asia/Kolkata,BTCUSD,100,buy,100.00000000/0.00000000,63118.00000000,126235.60000000,,6311.80000000,3.723962,0,0,market_order,closed,,,2169088690
2026-08-15 08:30:51.091506+05:30 IST Asia/Kolkata,BTCUSD,100,sell,100.00000000/0.00000000,63117.00000000,0.10000000,,6311.70000000,3.723903,48.143,48.143,market_order,closed,,,2169088687
2026-08-17 07:30:09.455601+05:30 IST Asia/Kolkata,BTCUSD,100,sell,0.00000000/100.00000000,,,61382.90000000,,0,,,market_order,cancelled,cancelled_by_user,,2169035832
2026-08-14 18:40:05.819517+05:30 IST Asia/Kolkata,BTCUSD,100,buy,100.00000000/0.00000000,62635.57000000,125262.70000000,,6263.55700000,3.69549864,0,0,market_order,closed,,,2169035829
2026-08-17 07:30:09.399541+05:30 IST Asia/Kolkata,BTCUSD,100,sell,0.00000000/100.00000000,,,62170.20000000,,0,,,market_order,cancelled,cancelled_by_user,,2169000967
2026-08-14 08:30:48.574022+05:30 IST Asia/Kolkata,BTCUSD,100,buy,100.00000000/0.00000000,63439.00000000,126883.60000000,,6343.90000000,3.742901,0,0,market_order,closed,,,2169000965
2026-08-14 08:30:46.229768+05:30 IST Asia/Kolkata,BTCUSD,100,sell,100.00000000/0.00000000,63438.50000000,0.10000000,,6343.85000000,3.7428715,-47.283,-47.283,market_order,closed,,,2169000962
2026-08-14 18:36:43.246565+05:30 IST Asia/Kolkata,BTCUSD,100,sell,100.00000000/0.00000000,62630.50000000,0.10000000,62633.10000000,6263.05000000,3.6951995,-80.85,-80.85,market_order,closed,,,2168970577
2026-08-13 20:02:53.203600+05:30 IST Asia/Kolkata,BTCUSD,100,buy,100.00000000/0.00000000,63911.33000000,127819.50000000,,6391.13300000,3.77076847,0,0,market_order,closed,,,2168970574
2026-08-13 09:49:16.413501+05:30 IST Asia/Kolkata,BTCUSD,100,sell,100.00000000/0.00000000,63602.70000000,63602.70000000,63785.16786919,6360.27000000,3.7525593,-939.63,-939.63,limit_order,closed,,,2168928077
2026-08-13 09:49:15.113197+05:30 IST Asia/Kolkata,BTCUSD,100,buy,100.00000000/0.00000000,72999.00000000,127565.10000000,,7299.90000000,4.306941,0,0,market_order,closed,,,2168928076
2026-08-13 09:30:07.813725+05:30 IST Asia/Kolkata,BTCUSD,100,buy,100.00000000/0.00000000,73000.00000000,127618.60000000,,7300.00000000,4.307,-951.13,-951.13,market_order,closed,,,2168926935
2026-08-12 20:39:58.328157+05:30 IST Asia/Kolkata,BTCUSD,100,buy,0.00000000/100.00000000,,,64758.50000000,,0,,,market_order,cancelled,position_liquidated,,2168903254
2026-08-12 20:39:54.878475+05:30 IST Asia/Kolkata,BTCUSD,100,sell,100.00000000/0.00000000,63488.70000000,0.10000000,,6348.87000000,3.7458333,0,0,market_order,closed,,,2168903248
2026-08-12 20:39:50.738538+05:30 IST Asia/Kolkata,BTCUSD,100,buy,100.00000000/0.00000000,63531.04000000,126978.40000000,,6353.10400000,3.74833137,-3.604,-3.604,market_order,closed,,,2168903244
2026-08-12 20:38:07.976427+05:30 IST Asia/Kolkata,BTCUSD,100,buy,0.00000000/100.00000000,,,64764.90000000,,0,,,market_order,cancelled,position_liquidated,,2168903123
2026-08-12 20:38:04.262988+05:30 IST Asia/Kolkata,BTCUSD,100,sell,100.00000000/0.00000000,63495.00000000,0.10000000,,6349.50000000,3.746205,0,0,market_order,closed,,,2168903115
2026-08-12 20:37:59.974110+05:30 IST Asia/Kolkata,BTCUSD,100,sell,100.00000000/0.00000000,63493.00000000,0.10000000,,6349.30000000,3.746087,-18.83,-18.83,market_order,closed,,,2168903108
2026-08-12 03:30:29.276156+05:30 IST Asia/Kolkata,BTCUSD,100.000000000000000000,sell,0.00000000/100.00000000,,,62407.70000000,,0,,,market_order,cancelled,position_liquidated,,2168857644
2026-08-12 03:30:26.466995+05:30 IST Asia/Kolkata,BTCUSD,100,buy,100.00000000/0.00000000,63681.30000000,127353.90000000,,6368.13000000,3.75719671,0,0,market_order,closed,,,2168857643
2026-08-12 03:30:21.848614+05:30 IST Asia/Kolkata,BTCUSD,100,buy,100.00000000/0.00000000,63679.80000000,127335.00000000,,6367.98000000,3.75710821,46.67,46.67,market_order,closed,,,2168857640
2026-08-11 19:30:15.045026+05:30 IST Asia/Kolkata,BTCUSD,100.000000000000000000,buy,0.00000000/100.00000000,,,65429.40000000,,0,,,market_order,cancelled,position_liquidated,,2168836529
2026-08-11 19:30:12.137306+05:30 IST Asia/Kolkata,BTCUSD,100,sell,100.00000000/0.00000000,64146.50000000,0.10000000,,6414.65000000,3.7846435,0,0,market_order,closed,,,2168836524
2026-08-11 19:30:06.974388+05:30 IST Asia/Kolkata,BTCUSD,100,sell,100.00000000/0.00000000,64174.50000000,0.10000000,,6417.45000000,3.7862955,-52.1,-52.1,market_order,closed,,,2168836520
2026-08-12 00:03:39.763728+05:30 IST Asia/Kolkata,BTCUSD,100,sell,0.00000000/100.00000000,,,63401.60000000,,0,,,market_order,cancelled,no_position_for_reduce_only,,2168822959
2026-08-11 15:26:08.726219+05:30 IST Asia/Kolkata,BTCUSD,100,buy,100.00000000/0.00000000,64695.50000000,128519.60000000,,6469.55000000,3.8170345,0,0,market_order,closed,,,2168822927
2026-08-11 15:09:46.670135+05:30 IST Asia/Kolkata,BTCUSD,100,buy,0.00000000/100.00000000,,127872.50000000,,,0,,,market_order,cancelled,stale_order,,2168820654
2026-08-11 15:09:46.609532+05:30 IST Asia/Kolkata,BTCUSD,100,buy,0.00000000/100.00000000,,127871.00000000,,,0,,,market_order,cancelled,stale_order,,2168820630
2026-08-11 11:30:13.497146+05:30 IST Asia/Kolkata,BTCUSD,100,sell,100.00000000/0.00000000,63976.04000000,0.10000000,,6397.60400000,3.77458637,-14.8555,-14.8555,market_order,closed,,,2168816634
2026-08-11 09:30:12.378729+05:30 IST Asia/Kolkata,BTCUSD,100.000000000000000000,sell,0.00000000/100.00000000,,,62842.10000000,,0,,,market_order,cancelled,position_liquidated,,2168811380
2026-08-11 09:30:10.741878+05:30 IST Asia/Kolkata,BTCUSD,100,buy,100.00000000/0.00000000,64124.59500000,128248.10000000,,6412.45950000,3.78335111,0,0,market_order,closed,,,2168811378
2026-08-11 09:30:06.764506+05:30 IST Asia/Kolkata,BTCUSD,100,buy,100.00000000/0.00000000,64124.59500000,128253.00000000,,6412.45950000,3.78335111,42.5405,42.5405,market_order,closed,,,2168811363
2026-08-10 19:30:15.412978+05:30 IST Asia/Kolkata,BTCUSD,100.000000000000000000,buy,0.00000000/100.00000000,,,65841.00000000,,0,,,market_order,cancelled,position_liquidated,,2168778817
2026-08-10 19:30:13.296975+05:30 IST Asia/Kolkata,BTCUSD,100,sell,100.00000000/0.00000000,64550.00000000,0.10000000,,6455.00000000,3.80845,0,0,market_order,closed,,,2168778815
2026-08-10 19:30:09.916132+05:30 IST Asia/Kolkata,BTCUSD,100,sell,100.00000000/0.00000000,64538.00000000,0.10000000,,6453.80000000,3.807742,-61.839,-61.839,market_order,closed,,,2168778805
2026-08-10 22:24:09.457422+05:30 IST Asia/Kolkata,BTCUSD,100,sell,0.00000000/100.00000000,,,63853.30000000,,0,,,market_order,cancelled,no_position_for_reduce_only,,2168747735
2026-08-10 11:30:34.473174+05:30 IST Asia/Kolkata,BTCUSD,100,buy,100.00000000/0.00000000,65156.39000000,130491.60000000,,6515.63900000,3.84422701,0,0,market_order,closed,,,2168747727
2026-08-10 09:30:08.109624+05:30 IST Asia/Kolkata,BTCUSD,100,buy,100.00000000/0.00000000,64950.32500000,129919.40000000,,6495.03250000,3.83206918,13.252,13.252,market_order,closed,,,2168738683
2026-08-10 08:30:44.047084+05:30 IST Asia/Kolkata,BTCUSD,100.000000000000000000,buy,0.00000000/100.00000000,,,66384.50000000,,0,,,market_order,cancelled,position_liquidated,,2168736238
2026-08-10 08:30:41.840752+05:30 IST Asia/Kolkata,BTCUSD,100,sell,100.00000000/0.00000000,65082.84500000,0.10000000,,6508.28450000,3.83988786,0,0,market_order,closed,,,2168736235
2026-08-10 08:30:37.311310+05:30 IST Asia/Kolkata,BTCUSD,100,sell,100.00000000/0.00000000,65083.52500000,0.10000000,,6508.35250000,3.83992798,-10.7185,-10.7185,market_order,closed,,,2168736231
2026-08-10 22:23:27.765704+05:30 IST Asia/Kolkata,BTCUSD,100,sell,0.00000000/100.00000000,,,63886.90000000,,0,,,market_order,cancelled,no_position_for_reduce_only,,2168734011
2026-08-10 07:30:12.094410+05:30 IST Asia/Kolkata,BTCUSD,100,buy,100.00000000/0.00000000,65190.71000000,130432.20000000,,6519.07100000,3.84625189,0,0,market_order,closed,,,2168734009
2026-08-10 07:30:07.715568+05:30 IST Asia/Kolkata,BTCUSD,100,buy,100.00000000/0.00000000,65194.65500000,130400.90000000,,6519.46550000,3.84648466,-34.0155,-34.0155,market_order,closed,,,2168734000
2026-08-10 05:30:13.855608+05:30 IST Asia/Kolkata,BTCUSD,100.000000000000000000,buy,0.00000000/100.00000000,,,66151.60000000,,0,,,market_order,cancelled,position_liquidated,,2168731495
2026-08-10 05:30:12.148664+05:30 IST Asia/Kolkata,BTCUSD,100,sell,100.00000000/0.00000000,64854.50000000,0.10000000,,6485.45000000,3.8264155,0,0,market_order,closed,,,2168731493
2026-08-10 05:30:08.111193+05:30 IST Asia/Kolkata,BTCUSD,100,sell,100.00000000/0.00000000,64841.00000000,0.10000000,,6484.10000000,3.825619,-9.558,-9.558,market_order,closed,,,2168731490
2026-08-11 21:06:24.712281+05:30 IST Asia/Kolkata,BTCUSD,100.000000000000000000,sell,0.00000000/100.00000000,,,63637.80000000,,0,,,market_order,cancelled,no_position_for_reduce_only,,2168706725
2026-08-09 17:30:13.421264+05:30 IST Asia/Kolkata,BTCUSD,100,buy,100.00000000/0.00000000,64936.58000000,129876.60000000,,6493.65800000,3.83125822,0,0,market_order,closed,,,2168706720
2026-08-09 17:30:09.597310+05:30 IST Asia/Kolkata,BTCUSD,100,buy,100.00000000/0.00000000,64934.89500000,129878.90000000,,6493.48950000,3.83115881,0.6105,0.6105,market_order,closed,,,2168706710
2026-08-09 05:30:45.960606+05:30 IST Asia/Kolkata,BTCUSD,100.000000000000000000,buy,0.00000000/100.00000000,,,66239.80000000,,0,,,market_order,cancelled,position_liquidated,,2168677618
2026-08-09 05:30:43.551586+05:30 IST Asia/Kolkata,BTCUSD,100,sell,100.00000000/0.00000000,64941.00000000,0.10000000,,6494.10000000,3.831519,0,0,market_order,closed,,,2168677616
2026-08-08 08:40:01.061768+05:30 IST Asia/Kolkata,BTCUSD,100,sell,100.00000000/0.00000000,64918.00000000,0.10000000,,6491.80000000,3.830162,10.2225,10.2225,market_order,closed,,,2168625768
2026-08-11 21:08:09.626436+05:30 IST Asia/Kolkata,BTCUSD,100.000000000000000000,sell,0.00000000/100.00000000,,,63519.50000000,,0,,,market_order,cancelled,no_position_for_reduce_only,,2168576537
2026-08-07 15:31:10.383703+05:30 IST Asia/Kolkata,BTCUSD,100,buy,100.00000000/0.00000000,64815.77500000,130020.00000000,,6481.57750000,3.82413073,0,0,market_order,closed,,,2168576536
2026-08-07 15:30:14.459515+05:30 IST Asia/Kolkata,BTCUSD,100,buy,100.00000000/0.00000000,72025.28000000,130101.90000000,,7202.52800000,4.24949152,-765.0245,-765.0245,market_order,closed,,,2168576485
2026-08-07 03:30:43.845404+05:30 IST Asia/Kolkata,BTCUSD,100.000000000000000000,buy,0.00000000/100.00000000,,,65662.50000000,,0,,,market_order,cancelled,position_liquidated,,2168548403
2026-08-07 03:30:41.482015+05:30 IST Asia/Kolkata,BTCUSD,100,sell,100.00000000/0.00000000,64375.03500000,0.10000000,,6437.50350000,3.79812707,0,0,market_order,closed,,,2168548401
2026-08-07 03:30:36.616672+05:30 IST Asia/Kolkata,BTCUSD,100,sell,100.00000000/0.00000000,64387.50000000,0.10000000,,6438.75000000,3.7988625,-21.01,-21.01,market_order,closed,,,2168548399
2026-08-12 00:03:40.483935+05:30 IST Asia/Kolkata,BTCUSD,100.000000000000000000,sell,0.00000000/100.00000000,,,63305.60000000,,0,,,market_order,cancelled,no_position_for_reduce_only,,2168534293
2026-08-06 21:30:50.866288+05:30 IST Asia/Kolkata,BTCUSD,100,buy,100.00000000/0.00000000,64597.60000000,129210.30000000,,6459.76000000,3.8112584,0,0,market_order,closed,,,2168534287
2026-08-06 21:30:45.533953+05:30 IST Asia/Kolkata,BTCUSD,100,buy,100.00000000/0.00000000,64604.10000000,129170.80000000,,6460.41000000,3.8116419,-4.3355,-4.3355,market_order,closed,,,2168534281
2026-08-06 07:30:11.564711+05:30 IST Asia/Kolkata,BTCUSD,100.000000000000000000,buy,0.00000000/100.00000000,,,65852.00000000,,0,,,market_order,cancelled,position_liquidated,,2168485213
2026-08-06 07:30:09.730427+05:30 IST Asia/Kolkata,BTCUSD,100,sell,100.00000000/0.00000000,64560.74500000,0.10000000,,6456.07450000,3.80908396,0,0,market_order,closed,,,2168485211
2026-08-06 07:30:04.349263+05:30 IST Asia/Kolkata,BTCUSD,100,sell,100.00000000/0.00000000,64560.74500000,0.10000000,,6456.07450000,3.80908396,40.5235,40.5235,market_order,closed,,,2168485205
2026-08-05 15:15:08.030648+05:30 IST Asia/Kolkata,BTCUSD,100.000000000000000000,sell,0.00000000/100.00000000,,,62872.40000000,,0,,,market_order,cancelled,position_liquidated,,2168441532
2026-08-05 15:15:06.309708+05:30 IST Asia/Kolkata,BTCUSD,100,buy,100.00000000/0.00000000,64155.51000000,128320.80000000,,6415.55100000,3.78517509,0,0,market_order,closed,,,2168441529
2026-08-05 15:10:16.460526+05:30 IST Asia/Kolkata,BTCUSD,100,sell,100.00000000/0.00000000,64171.00000000,0.10000000,,6417.10000000,3.786089,-6.35875,-6.35875,market_order,closed,,,2168441332
2026-08-05 15:10:13.008984+05:30 IST Asia/Kolkata,BTCUSD,100,sell,100.00000000/0.00000000,64171.00000000,62889.10000000,,6417.10000000,3.786089,-6.35875,-6.35875,limit_order,closed,,,2168441327
2026-08-05 15:10:12.056651+05:30 IST Asia/Kolkata,BTCUSD,100,buy,100.00000000/0.00000000,64172.51000000,128345.60000000,,6417.25100000,3.78617809,0,0,market_order,closed,,,2168441324
2026-08-05 11:31:43.126594+05:30 IST Asia/Kolkata,BTCUSD,100.000000000000000000,sell,0.00000000/100.00000000,,,63010.70000000,,0,,,market_order,cancelled,position_liquidated,,2168430980
2026-08-05 11:31:40.516615+05:30 IST Asia/Kolkata,BTCUSD,100,buy,100.00000000/0.00000000,64296.66500000,128610.20000000,,6429.66650000,3.79350324,0,0,market_order,closed,,,2168430973
2026-08-05 11:31:36.260161+05:30 IST Asia/Kolkata,BTCUSD,100,buy,100.00000000/0.00000000,64296.64500000,128612.60000000,,6429.66450000,3.79350206,-16.211,-16.211,market_order,closed,,,2168430971
2026-08-07 18:25:10.048439+05:30 IST Asia/Kolkata,BTCUSD,100,buy,0.00000000/100.00000000,,,65417.20000000,,0,,,market_order,cancelled,no_position_for_reduce_only,,2168425739
2026-08-05 09:31:42.096654+05:30 IST Asia/Kolkata,BTCUSD,100,sell,100.00000000/0.00000000,64134.53500000,0.10000000,,6413.45350000,3.78393757,0,0,market_order,closed,,,2168425737
2026-08-05 09:31:38.198687+05:30 IST Asia/Kolkata,BTCUSD,100,sell,100.00000000/0.00000000,64134.53500000,0.10000000,,6413.45350000,3.78393757,5.7865,5.7865,market_order,closed,,,2168425733
2026-08-05 08:57:43.640456+05:30 IST Asia/Kolkata,BTCUSD,100.000000000000000000,sell,0.00000000/100.00000000,,,62795.10000000,,0,,,market_order,cancelled,position_liquidated,,2168424668
2026-08-05 08:57:41.550258+05:30 IST Asia/Kolkata,BTCUSD,100,buy,100.00000000/0.00000000,64076.67000000,128151.60000000,,6407.66700000,3.78052354,0,0,market_order,closed,,,2168424665
2026-08-05 08:57:37.136331+05:30 IST Asia/Kolkata,BTCUSD,100,sell,100.00000000/0.00000000,64069.00000000,0.10000000,,6406.90000000,3.780071,-35.8235,-35.8235,market_order,closed,,,2168424662
2026-08-05 08:15:04.669948+05:30 IST Asia/Kolkata,BTCUSD,100.000000000000000000,sell,0.00000000/100.00000000,,,63138.70000000,,0,,,market_order,cancelled,position_liquidated,,2168423310
2026-08-05 08:15:02.620679+05:30 IST Asia/Kolkata,BTCUSD,100,buy,100.00000000/0.00000000,64427.23500000,128830.30000000,,6442.72350000,3.80120687,0,0,market_order,closed,,,2168423308
2026-08-05 08:13:01.734666+05:30 IST Asia/Kolkata,BTCUSD,100,sell,100.00000000/0.00000000,64416.50000000,0.10000000,,6441.65000000,3.8005735,-0.124,-0.124,market_order,closed,,,2168423238
2026-08-05 08:10:04.900437+05:30 IST Asia/Kolkata,BTCUSD,100.000000000000000000,sell,0.00000000/100.00000000,,,63129.40000000,,0,,,market_order,cancelled,position_liquidated,,2168423119
2026-08-05 08:10:02.819009+05:30 IST Asia/Kolkata,BTCUSD,100,buy,100.00000000/0.00000000,64417.74000000,128842.30000000,,6441.77400000,3.80064667,0,0,market_order,closed,,,2168423117
2026-08-05 08:09:01.227362+05:30 IST Asia/Kolkata,BTCUSD,100,sell,100.00000000/0.00000000,64430.00000000,0.10000000,,6443.00000000,3.80137,8.618,8.618,market_order,closed,,,2168423079
2026-08-05 07:31:32.091227+05:30 IST Asia/Kolkata,BTCUSD,100.000000000000000000,sell,0.00000000/100.00000000,,,63056.90000000,,0,,,market_order,cancelled,position_liquidated,,2168422034
2026-08-05 07:31:29.677737+05:30 IST Asia/Kolkata,BTCUSD,100,buy,100.00000000/0.00000000,64343.82000000,128730.10000000,,6434.38200000,3.79628538,0,0,market_order,closed,,,2168422031
2026-08-05 07:31:26.106031+05:30 IST Asia/Kolkata,BTCUSD,100,buy,100.00000000/0.00000000,64354.32000000,128685.00000000,,6435.43200000,3.79690489,-29.782,-29.782,market_order,closed,,,2168422026
2026-08-07 18:00:04.056551+05:30 IST Asia/Kolkata,BTCUSD,100,buy,0.00000000/100.00000000,,,65337.60000000,,0,,,market_order,cancelled,no_position_for_reduce_only,,2168420175
2026-08-05 05:31:40.832123+05:30 IST Asia/Kolkata,BTCUSD,100,sell,100.00000000/0.00000000,64056.50000000,0.10000000,,6405.65000000,3.7793335,0,0,market_order,closed,,,2168420172
2026-08-05 05:31:36.361685+05:30 IST Asia/Kolkata,BTCUSD,100,sell,100.00000000/0.00000000,64077.50000000,0.10000000,,6407.75000000,3.7805725,-5.882,-5.882,market_order,closed,,,2168420170
2026-08-05 01:31:40.638471+05:30 IST Asia/Kolkata,BTCUSD,100.000000000000000000,sell,0.00000000/100.00000000,,,62853.60000000,,0,,,market_order,cancelled,position_liquidated,,2168418180
2026-08-05 01:31:38.968996+05:30 IST Asia/Kolkata,BTCUSD,100,buy,100.00000000/0.00000000,64136.32000000,128284.50000000,,6413.63200000,3.78404289,0,0,market_order,closed,,,2168418178
2026-08-05 01:31:35.141376+05:30 IST Asia/Kolkata,BTCUSD,100,buy,100.00000000/0.00000000,64113.32000000,128284.50000000,,6411.33200000,3.78268589,-10.582,-10.582,market_order,closed,,,2168418172
2026-08-07 18:00:02.818861+05:30 IST Asia/Kolkata,BTCUSD,100,buy,0.00000000/100.00000000,,,65287.70000000,,0,,,market_order,cancelled,no_position_for_reduce_only,,2168414806
2026-08-04 23:31:37.824826+05:30 IST Asia/Kolkata,BTCUSD,100,sell,100.00000000/0.00000000,64007.50000000,0.10000000,,6400.75000000,3.7764425,0,0,market_order,closed,,,2168414802
2026-08-04 23:31:34.243394+05:30 IST Asia/Kolkata,BTCUSD,100,sell,100.00000000/0.00000000,64005.50000000,0.10000000,,6400.55000000,3.7763245,-5.727,-5.727,market_order,closed,,,2168414797
2026-08-04 21:31:42.110094+05:30 IST Asia/Kolkata,BTCUSD,100.000000000000000000,sell,0.00000000/100.00000000,,,62781.50000000,,0,,,market_order,cancelled,position_liquidated,,2168408206
2026-08-04 21:31:40.194545+05:30 IST Asia/Kolkata,BTCUSD,100,buy,100.00000000/0.00000000,64062.77000000,128146.30000000,,6406.27700000,3.77970343,0,0,market_order,closed,,,2168408199
2026-08-04 21:31:36.432688+05:30 IST Asia/Kolkata,BTCUSD,100,buy,100.00000000/0.00000000,64062.77000000,128167.00000000,,6406.27700000,3.77970343,-41.977,-41.977,market_order,closed,,,2168408189
2026-08-06 00:34:19.057664+05:30 IST Asia/Kolkata,BTCUSD,100,buy,0.00000000/100.00000000,,,64915.90000000,,0,,,market_order,cancelled,no_position_for_reduce_only,,2168400348
2026-08-04 19:31:39.808422+05:30 IST Asia/Kolkata,BTCUSD,100,sell,100.00000000/0.00000000,63643.00000000,0.10000000,,6364.30000000,3.754937,0,0,market_order,closed,,,2168400340
2026-08-04 19:31:35.858995+05:30 IST Asia/Kolkata,BTCUSD,100,sell,100.00000000/0.00000000,63634.50000000,0.10000000,,6363.45000000,3.7544355,-24.294,-24.294,market_order,closed,,,2168400332
2026-08-04 17:31:41.104936+05:30 IST Asia/Kolkata,BTCUSD,100.000000000000000000,sell,0.00000000/100.00000000,,,62599.90000000,,0,,,market_order,cancelled,position_liquidated,,2168394168
2026-08-04 17:31:39.022441+05:30 IST Asia/Kolkata,BTCUSD,100,buy,100.00000000/0.00000000,63877.44000000,127906.70000000,,6387.74400000,3.76876896,0,0,market_order,closed,,,2168394165
2026-08-04 17:31:34.718077+05:30 IST Asia/Kolkata,BTCUSD,100,buy,100.00000000/0.00000000,63877.44000000,127905.50000000,,6387.74400000,3.76876896,-33.144,-33.144,market_order,closed,,,2168394159
2026-08-05 23:44:21.901815+05:30 IST Asia/Kolkata,BTCUSD,100,buy,0.00000000/100.00000000,,,64816.90000000,,0,,,market_order,cancelled,no_position_for_reduce_only,,2168388084
2026-08-04 14:45:10.343751+05:30 IST Asia/Kolkata,BTCUSD,100,sell,100.00000000/0.00000000,63546.00000000,0.10000000,,6354.60000000,3.749214,0,0,market_order,closed,,,2168388082
2026-08-04 14:08:08.575124+05:30 IST Asia/Kolkata,BTCUSD,100,sell,100.00000000/0.00000000,63566.00000000,0.10000000,,6356.60000000,3.750394,95.4335,95.4335,market_order,closed,,,2168386971
2026-08-03 16:20:19.374271+05:30 IST Asia/Kolkata,BTCUSD,100,buy,100.00000000/0.00000000,62611.66500000,125229.10000000,,6261.16650000,3.69408824,0,0,market_order,closed,,,2168311649
2026-08-03 16:16:21.807156+05:30 IST Asia/Kolkata,BTCUSD,300,buy,300.00000000/0.00000000,62657.06333333,125359.10000000,,18797.11900000,11.09030022,-6.38921585,-6.38921585,market_order,closed,,,2168311341
2026-08-03 16:15:56.820826+05:30 IST Asia/Kolkata,BTCUSD,100,buy,100.00000000/0.00000000,62669.63500000,125322.00000000,,6266.96350000,3.69750847,-3.38690528,-3.38690528,market_order,closed,,,2168311298
2026-08-03 12:45:21.464574+05:30 IST Asia/Kolkata,BTCUSD,100,sell,100.00000000/0.00000000,62555.54000000,61305.60000000,,6255.55400000,3.69077686,0,0,limit_order,closed,,,2168307356
2026-08-03 12:45:20.247610+05:30 IST Asia/Kolkata,BTCUSD,100,buy,100.00000000/0.00000000,62556.78000000,125126.00000000,,6255.67800000,3.69085002,10.57279296,10.57279296,market_order,closed,,,2168307355
2026-08-03 12:36:04.078200+05:30 IST Asia/Kolkata,BTCUSD,100,sell,100.00000000/0.00000000,62631.50000000,0.10000000,,6263.15000000,3.6952585,0,0,market_order,closed,,,2168306891
2026-08-03 12:36:01.223312+05:30 IST Asia/Kolkata,BTCUSD,100,sell,100.00000000/0.00000000,62630.50000000,61377.90000000,,6263.05000000,3.6951995,0,0,limit_order,closed,,,2168306887
2026-08-03 12:35:59.770068+05:30 IST Asia/Kolkata,BTCUSD,100,buy,100.00000000/0.00000000,62630.52500000,125242.90000000,,6263.05250000,3.69520098,6.34908591,6.34908591,market_order,closed,,,2168306886
2026-08-03 12:34:25.754290+05:30 IST Asia/Kolkata,BTCUSD,100,buy,100.00000000/0.00000000,62584.27000000,125172.30000000,,6258.42700000,3.69247193,10.97458593,10.97458593,market_order,closed,,,2168306811
2026-08-03 12:26:18.299994+05:30 IST Asia/Kolkata,BTCUSD,100,sell,100.00000000/0.00000000,62627.50000000,61376.40000000,,6262.75000000,3.6950225,0,0,limit_order,closed,,,2168306368
2026-08-03 12:26:16.924921+05:30 IST Asia/Kolkata,BTCUSD,100,buy,100.00000000/0.00000000,62629.01000000,125267.00000000,,6262.90100000,3.69511159,8.71778124,8.71778124,market_order,closed,,,2168306366
2026-08-03 12:24:49.258144+05:30 IST Asia/Kolkata,BTCUSD,100,sell,100.00000000/0.00000000,62644.50000000,61392.40000000,,6264.45000000,3.6960255,0,0,limit_order,closed,,,2168306306
2026-08-03 12:24:47.898112+05:30 IST Asia/Kolkata,BTCUSD,100,buy,100.00000000/0.00000000,62645.28000000,125293.10000000,,6264.52800000,3.69607152,9.480375,9.480375,market_order,closed,,,2168306304
2026-08-03 12:15:24.357171+05:30 IST Asia/Kolkata,BTCUSD,100,sell,100.00000000/0.00000000,62628.50000000,0.10000000,,6262.85000000,3.6950815,0,0,market_order,closed,,,2168305890
2026-08-03 11:54:17.326542+05:30 IST Asia/Kolkata,BTCUSD,100,sell,100.00000000/0.00000000,62774.83500000,0.10000000,,6277.48350000,3.70371527,0,0,market_order,closed,,,2168304921
2026-08-03 11:52:23.949813+05:30 IST Asia/Kolkata,BTCUSD,100,sell,100.00000000/0.00000000,62778.50000000,0.10000000,,6277.85000000,3.7039315,0,0,market_order,closed,,,2168304818
2026-08-03 11:52:21.148897+05:30 IST Asia/Kolkata,BTCUSD,100,sell,100.00000000/0.00000000,62778.50000000,61537.10000000,,6277.85000000,3.7039315,0,0,limit_order,closed,,,2168304815
2026-08-03 11:52:20.043192+05:30 IST Asia/Kolkata,BTCUSD,100,buy,100.00000000/0.00000000,62792.91500000,125816.40000000,,6279.29150000,3.70478199,-1.8915,-1.8915,market_order,closed,,,2168304812
2026-08-03 11:50:50.664550+05:30 IST Asia/Kolkata,BTCUSD,100,sell,100.00000000/0.00000000,62774.00000000,0.10000000,,6277.40000000,3.703666,0,0,market_order,closed,,,2168304710
2026-08-03 11:50:47.881447+05:30 IST Asia/Kolkata,BTCUSD,100,sell,100.00000000/0.00000000,62775.50000000,61603.60000000,,6277.55000000,3.7037545,-7.9875,-7.9875,limit_order,closed,,,2168304705
2026-08-03 11:50:46.995354+05:30 IST Asia/Kolkata,BTCUSD,100,buy,100.00000000/0.00000000,62855.37500000,125830.60000000,,6285.53750000,3.70846714,0,0,market_order,closed,,,2168304704
2026-08-03 08:40:29.675330+05:30 IST Asia/Kolkata,BTCUSD,100,sell,100.00000000/0.00000000,63127.50000000,0.10000000,,6312.75000000,3.7245225,-349.1584,-349.1584,market_order,closed,,,2168297099
2026-08-03 05:35:40.357638+05:30 IST Asia/Kolkata,BTCUSD,100,buy,100.00000000/0.00000000,66619.08400000,127037.40000000,,6661.90840000,3.93052596,0,0,market_order,closed,,,2168292568
2026-08-03 05:30:01.520035+05:30 IST Asia/Kolkata,BTCUSD,100,buy,100.00000000/0.00000000,66001.00000000,127176.50000000,,6600.10000000,3.894059,-277.5265,-277.5265,market_order,closed,,,2168292436
2026-08-02 15:40:00.968873+05:30 IST Asia/Kolkata,BTCUSD,100,sell,100.00000000/0.00000000,63225.73500000,0.10000000,,6322.57350000,3.73031837,0,0,market_order,closed,,,2168264443
